ID,INFOR,CHOICE
10350017,"The trip distance is 30.0 km. There are three travel modes for the traveler to choose from: 1. Public transport: travel time is 85 minutes, and the travel cost is 0.0 CHF. 2. Driving: travel time is 32 minutes, and the travel cost is 4.54 CHF. 3. Soft modes are free of charge. Traveler is 27 year old male who work part time and has no children. The household owns 1 car, 0 motorcycle, 3 bicycles.",1
10350075,"The trip distance is 25.0 km. There are three travel modes for the traveler to choose from: 1. Public transport: travel time is 107 minutes, and the travel cost is 24.0 CHF. 2. Driving: travel time is 23 minutes, and the travel cost is 3.38 CHF. 3. Soft modes are free of charge. Traveler is 63 year old female who work part time and has no children. The household owns 1 car, 0 motorcycle, 0 bicycle.",1
10350085,"The trip distance is 12.5 km. There are three travel modes for the traveler to choose from: 1. Public transport: travel time is 190 minutes, and the travel cost is 10.8 CHF. 2. Driving: travel time is 14 minutes, and the travel cost is 1.66 CHF. 3. Soft modes are free of charge. Traveler is 57 year old male who work full time and has no children. The household owns 2 cars, 0 motorcycle, 3 bicycles.",1
10350086,"The trip distance is 19.0 km. There are three travel modes for the traveler to choose from: 1. Public transport: travel time is 116 minutes, and the travel cost is 9.6 CHF. 2. Driving: travel time is 20 minutes, and the travel cost is 2.71 CHF. 3. Soft modes are free of charge. Traveler is 58 year old female who work part time and has no children. The household owns 2 cars, 0 motorcycle, 3 bicycles.",1
10350100,"The trip distance is 13.0 km. There are three travel modes for the traveler to choose from: 1. Public transport: travel time is 20 minutes, and the travel cost is 2.2 CHF. 2. Driving: travel time is 9 minutes, and the travel cost is 1.63 CHF. 3. Soft modes are free of charge. Traveler is 80 year old male who work part time and has no children. The household owns 1 car, 0 motorcycle, 0 bicycle.",1
10350120,"The trip distance is 45.0 km. There are three travel modes for the traveler to choose from: 1. Public transport: travel time is 116 minutes, and the travel cost is 12.4 CHF. 2. Driving: travel time is 33 minutes, and the travel cost is 6.98 CHF. 3. Soft modes are free of charge. Traveler is 64 year old female who work part time and has no children. The household owns 1 car, 0 motorcycle, 2 bicycles.",1
10350133,"The trip distance is 27.0 km. There are three travel modes for the traveler to choose from: 1. Public transport: travel time is 92 minutes, and the travel cost is 11.0 CHF. 2. Driving: travel time is 27 minutes, and the travel cost is 3.88 CHF. 3. Soft modes are free of charge. Traveler is 59 year old male who work full time and has no children. The household owns 1 car, 0 motorcycle, 2 bicycles.",1
10350197,"The trip distance is 26.0 km. There are three travel modes for the traveler to choose from: 1. Public transport: travel time is 124 minutes, and the travel cost is 0.0 CHF. 2. Driving: travel time is 22 minutes, and the travel cost is 3.5 CHF. 3. Soft modes are free of charge. Traveler is 30 year old male who work full time and has no children. The household owns 2 cars, 0 motorcycle, 1 bicycle.",1
10350199,"The trip distance is 22.0 km. There are three travel modes for the traveler to choose from: 1. Public transport: travel time is 123 minutes, and the travel cost is 9.4 CHF. 2. Driving: travel time is 19 minutes, and the travel cost is 2.91 CHF. 3. Soft modes are free of charge. Traveler is 33 year old female who work part time and has no children. The household owns 2 cars, 0 motorcycle, 2 bicycles.",1
10350199,"The trip distance is 11.0 km. There are three travel modes for the traveler to choose from: 1. Public transport: travel time is 80 minutes, and the travel cost is 4.8 CHF. 2. Driving: travel time is 12 minutes, and the travel cost is 1.62 CHF. 3. Soft modes are free of charge. Traveler is 33 year old female who work part time and has no children. The household owns 2 cars, 0 motorcycle, 2 bicycles.",1
10350272,"The trip distance is 55.0 km. There are three travel modes for the traveler to choose from: 1. Public transport: travel time is 266 minutes, and the travel cost is 37.2 CHF. 2. Driving: travel time is 51 minutes, and the travel cost is 7.65 CHF. 3. Soft modes are free of charge. Traveler is 42 year old male who work full time and has 3 children. The household owns 2 cars, 0 motorcycle, 3 bicycles.",1
10350272,"The trip distance is 49.5 km. There are three travel modes for the traveler to choose from: 1. Public transport: travel time is 250 minutes, and the travel cost is 11.0 CHF. 2. Driving: travel time is 40 minutes, and the travel cost is 7.39 CHF. 3. Soft modes are free of charge. Traveler is 42 year old male who work full time and has 3 children. The household owns 2 cars, 0 motorcycle, 3 bicycles.",1
10359998,"The trip distance is 7.0 km. There are three travel modes for the traveler to choose from: 1. Public transport: travel time is 33 minutes, and the travel cost is 3.0 CHF. 2. Driving: travel time is 9 minutes, and the travel cost is 0.97 CHF. 3. Soft modes are free of charge. Traveler is 50 year old male who work full time and has no children. The household owns 2 cars, 0 motorcycle, 4 bicycles.",1
10360009,"The trip distance is 9.0 km. There are three travel modes for the traveler to choose from: 1. Public transport: travel time is 29 minutes, and the travel cost is 6.2 CHF. 2. Driving: travel time is 9 minutes, and the travel cost is 1.32 CHF. 3. Soft modes are free of charge. Traveler is 69 year old male who work part time and has 2 children. The household owns 4 cars, 1 motorcycle, 4 bicycles.",1
10360009,"The trip distance is 0.8 km. There are three travel modes for the traveler to choose from: 1. Public transport: travel time is 0 minutes, and the travel cost is 0.0 CHF. 2. Driving: travel time is 1 minutes, and the travel cost is 0.2 CHF. 3. Soft modes are free of charge. Traveler is 69 year old male who work part time and has 2 children. The household owns 4 cars, 1 motorcycle, 4 bicycles.",2
10360009,"The trip distance is 11.0 km. There are three travel modes for the traveler to choose from: 1. Public transport: travel time is 71 minutes, and the travel cost is 4.8 CHF. 2. Driving: travel time is 14 minutes, and the travel cost is 1.52 CHF. 3. Soft modes are free of charge. Traveler is 69 year old male who work part time and has 2 children. The household owns 4 cars, 1 motorcycle, 4 bicycles.",1
10360009,"The trip distance is 3.0 km. There are three travel modes for the traveler to choose from: 1. Public transport: travel time is 90 minutes, and the travel cost is 6.2 CHF. 2. Driving: travel time is 5 minutes, and the travel cost is 0.6 CHF. 3. Soft modes are free of charge. Traveler is 69 year old male who work part time and has 2 children. The household owns 4 cars, 1 motorcycle, 4 bicycles.",1
10360013,"The trip distance is 20.0 km. There are three travel modes for the traveler to choose from: 1. Public transport: travel time is 181 minutes, and the travel cost is 16.2 CHF. 2. Driving: travel time is 24 minutes, and the travel cost is 2.97 CHF. 3. Soft modes are free of charge. Traveler is 42 year old male who work full time and has 2 children. The household owns 2 cars, 0 motorcycle, 4 bicycles.",1
10360014,"The trip distance is 28.0 km. There are three travel modes for the traveler to choose from: 1. Public transport: travel time is 95 minutes, and the travel cost is 9.6 CHF. 2. Driving: travel time is 27 minutes, and the travel cost is 4.07 CHF. 3. Soft modes are free of charge. Traveler is 42 year old male who work full time and has no children. The household owns 2 cars, 0 motorcycle, 4 bicycles.",1
10360016,"The trip distance is 22.0 km. There are three travel modes for the traveler to choose from: 1. Public transport: travel time is 184 minutes, and the travel cost is 20.0 CHF. 2. Driving: travel time is 30 minutes, and the travel cost is 3.68 CHF. 3. Soft modes are free of charge. Traveler is 44 year old female who work full time and has no children. The household owns 1 car, 0 motorcycle, 1 bicycle.",1
10360023,"The trip distance is 7.0 km. There are three travel modes for the traveler to choose from: 1. Public transport: travel time is 162 minutes, and the travel cost is 0.0 CHF. 2. Driving: travel time is 10 minutes, and the travel cost is 1.12 CHF. 3. Soft modes are free of charge. Traveler is 17 year old female who work part time and has 3 children. The household owns 2 cars, 1 motorcycle, 6 bicycles.",1
10360023,"The trip distance is 16.5 km. There are three travel modes for the traveler to choose from: 1. Public transport: travel time is 111 minutes, and the travel cost is 0.0 CHF. 2. Driving: travel time is 19 minutes, and the travel cost is 2.06 CHF. 3. Soft modes are free of charge. Traveler is 17 year old female who work part time and has 3 children. The household owns 2 cars, 1 motorcycle, 6 bicycles.",1
10360023,"The trip distance is 11.0 km. There are three travel modes for the traveler to choose from: 1. Public transport: travel time is 182 minutes, and the travel cost is 0.0 CHF. 2. Driving: travel time is 12 minutes, and the travel cost is 1.35 CHF. 3. Soft modes are free of charge. Traveler is 17 year old female who work part time and has 3 children. The household owns 2 cars, 1 motorcycle, 6 bicycles.",1
10360035,"The trip distance is 30.0 km. There are three travel modes for the traveler to choose from: 1. Public transport: travel time is 118 minutes, and the travel cost is 11.0 CHF. 2. Driving: travel time is 33 minutes, and the travel cost is 4.7 CHF. 3. Soft modes are free of charge. Traveler is 54 year old female who work part time and has no children. The household owns 3 cars, 0 motorcycle, 2 bicycles.",1
10360113,"The trip distance is 14.2 km. There are three travel modes for the traveler to choose from: 1. Public transport: travel time is 145 minutes, and the travel cost is 14.0 CHF. 2. Driving: travel time is 14 minutes, and the travel cost is 1.81 CHF. 3. Soft modes are free of charge. Traveler is 53 year old male who work full time and has no children. The household owns 3 cars, 2 motorcycles, 3 bicycles.",1
10360139,"The trip distance is 31.0 km. There are three travel modes for the traveler to choose from: 1. Public transport: travel time is 135 minutes, and the travel cost is 7.8 CHF. 2. Driving: travel time is 33 minutes, and the travel cost is 4.46 CHF. 3. Soft modes are free of charge. Traveler is 46 year old female who work part time and has 2 children. The household owns 2 cars, 1 motorcycle, 3 bicycles.",1
10360139,"The trip distance is 1.4 km. There are three travel modes for the traveler to choose from: 1. Public transport: travel time is 0 minutes, and the travel cost is 2.2 CHF. 2. Driving: travel time is 2 minutes, and the travel cost is 0.49 CHF. 3. Soft modes are free of charge. Traveler is 46 year old female who work part time and has 2 children. The household owns 2 cars, 1 motorcycle, 3 bicycles.",1
10360162,"The trip distance is 3.5 km. There are three travel modes for the traveler to choose from: 1. Public transport: travel time is 98 minutes, and the travel cost is 3.0 CHF. 2. Driving: travel time is 5 minutes, and the travel cost is 0.6 CHF. 3. Soft modes are free of charge. Traveler is 70 year old male who work part time and has no children. The household owns 1 car, 0 motorcycle, 2 bicycles.",1
10360162,"The trip distance is 0.7 km. There are three travel modes for the traveler to choose from: 1. Public transport: travel time is 11 minutes, and the travel cost is 2.2 CHF. 2. Driving: travel time is 2 minutes, and the travel cost is 0.21 CHF. 3. Soft modes are free of charge. Traveler is 70 year old male who work part time and has no children. The household owns 1 car, 0 motorcycle, 2 bicycles.",2
10360162,"The trip distance is 1.1 km. There are three travel modes for the traveler to choose from: 1. Public transport: travel time is 15 minutes, and the travel cost is 0.0 CHF. 2. Driving: travel time is 3 minutes, and the travel cost is 0.46 CHF. 3. Soft modes are free of charge. Traveler is 70 year old male who work part time and has no children. The household owns 1 car, 0 motorcycle, 2 bicycles.",2
10360193,"The trip distance is 32.5 km. There are three travel modes for the traveler to choose from: 1. Public transport: travel time is 159 minutes, and the travel cost is 43.2 CHF. 2. Driving: travel time is 28 minutes, and the travel cost is 4.61 CHF. 3. Soft modes are free of charge. Traveler is 37 year old male who work full time and has no children. The household owns 2 cars, 0 motorcycle, 0 bicycle.",1
10360195,"The trip distance is 51.5 km. There are three travel modes for the traveler to choose from: 1. Public transport: travel time is 194 minutes, and the travel cost is 9.6 CHF. 2. Driving: travel time is 47 minutes, and the travel cost is 6.98 CHF. 3. Soft modes are free of charge. Traveler is 52 year old female who work part time and has no children. The household owns 2 cars, 1 motorcycle, 4 bicycles.",1
10360212,"The trip distance is 16.0 km. There are three travel modes for the traveler to choose from: 1. Public transport: travel time is 61 minutes, and the travel cost is 6.2 CHF. 2. Driving: travel time is 15 minutes, and the travel cost is 2.39 CHF. 3. Soft modes are free of charge. Traveler is 59 year old male who work part time and has no children. The household owns 2 cars, 0 motorcycle, 0 bicycle.",1
10360212,"The trip distance is 6.5 km. There are three travel modes for the traveler to choose from: 1. Public transport: travel time is 73 minutes, and the travel cost is 6.2 CHF. 2. Driving: travel time is 8 minutes, and the travel cost is 0.87 CHF. 3. Soft modes are free of charge. Traveler is 59 year old male who work part time and has no children. The household owns 2 cars, 0 motorcycle, 0 bicycle.",1
10360225,"The trip distance is 16.0 km. There are three travel modes for the traveler to choose from: 1. Public transport: travel time is 60 minutes, and the travel cost is 2.4 CHF. 2. Driving: travel time is 17 minutes, and the travel cost is 2.45 CHF. 3. Soft modes are free of charge. Traveler is 60 year old female who work part time and has no children. The household owns 1 car, 0 motorcycle, 3 bicycles.",1
10360225,"The trip distance is 97.0 km. There are three travel modes for the traveler to choose from: 1. Public transport: travel time is 228 minutes, and the travel cost is 38.9 CHF. 2. Driving: travel time is 64 minutes, and the travel cost is 12.8 CHF. 3. Soft modes are free of charge. Traveler is 60 year old female who work part time and has no children. The household owns 1 car, 0 motorcycle, 3 bicycles.",1
10360225,"The trip distance is 298.0 km. There are three travel modes for the traveler to choose from: 1. Public transport: travel time is 269 minutes, and the travel cost is 44.6 CHF. 2. Driving: travel time is 180 minutes, and the travel cost is 38.61 CHF. 3. Soft modes are free of charge. Traveler is 60 year old female who work part time and has no children. The household owns 1 car, 0 motorcycle, 3 bicycles.",1
10360235,"The trip distance is 67.0 km. There are three travel modes for the traveler to choose from: 1. Public transport: travel time is 219 minutes, and the travel cost is 38.4 CHF. 2. Driving: travel time is 49 minutes, and the travel cost is 9.04 CHF. 3. Soft modes are free of charge. Traveler is 61 year old male who work full time and has no children. The household owns 3 cars, 1 motorcycle, 5 bicycles.",1
10360284,"The trip distance is 34.0 km. There are three travel modes for the traveler to choose from: 1. Public transport: travel time is 162 minutes, and the travel cost is 7.0 CHF. 2. Driving: travel time is 33 minutes, and the travel cost is 4.63 CHF. 3. Soft modes are free of charge. Traveler is 66 year old female who work part time and has no children. The household owns 2 cars, 0 motorcycle, 2 bicycles.",1
10360284,"The trip distance is 21.6 km. There are three travel modes for the traveler to choose from: 1. Public transport: travel time is 151 minutes, and the travel cost is 4.8 CHF. 2. Driving: travel time is 28 minutes, and the travel cost is 3.28 CHF. 3. Soft modes are free of charge. Traveler is 66 year old female who work part time and has no children. The household owns 2 cars, 0 motorcycle, 2 bicycles.",1
10360285,"The trip distance is 29.0 km. There are three travel modes for the traveler to choose from: 1. Public transport: travel time is 176 minutes, and the travel cost is 11.0 CHF. 2. Driving: travel time is 30 minutes, and the travel cost is 4.49 CHF. 3. Soft modes are free of charge. Traveler is 39 year old female who work part time and has 2 children. The household owns 2 cars, 1 motorcycle, 4 bicycles.",1
10360285,"The trip distance is 30.0 km. There are three travel modes for the traveler to choose from: 1. Public transport: travel time is 143 minutes, and the travel cost is 11.0 CHF. 2. Driving: travel time is 34 minutes, and the travel cost is 4.79 CHF. 3. Soft modes are free of charge. Traveler is 39 year old female who work part time and has 2 children. The household owns 2 cars, 1 motorcycle, 4 bicycles.",1
10360286,"The trip distance is 88.0 km. There are three travel modes for the traveler to choose from: 1. Public transport: travel time is 185 minutes, and the travel cost is 43.2 CHF. 2. Driving: travel time is 61 minutes, and the travel cost is 11.78 CHF. 3. Soft modes are free of charge. Traveler is 42 year old male who work full time and has 2 children. The household owns 2 cars, 1 motorcycle, 4 bicycles.",1
10360414,"The trip distance is 25.0 km. There are three travel modes for the traveler to choose from: 1. Public transport: travel time is 108 minutes, and the travel cost is 9.6 CHF. 2. Driving: travel time is 23 minutes, and the travel cost is 3.4 CHF. 3. Soft modes are free of charge. Traveler is 44 year old male who work full time and has 3 children. The household owns 1 car, 1 motorcycle, 5 bicycles.",1
10360414,"The trip distance is 27.0 km. There are three travel modes for the traveler to choose from: 1. Public transport: travel time is 102 minutes, and the travel cost is 9.6 CHF. 2. Driving: travel time is 24 minutes, and the travel cost is 3.73 CHF. 3. Soft modes are free of charge. Traveler is 44 year old male who work full time and has 3 children. The household owns 1 car, 1 motorcycle, 5 bicycles.",1
10360415,"The trip distance is 14.0 km. There are three travel modes for the traveler to choose from: 1. Public transport: travel time is 77 minutes, and the travel cost is 6.0 CHF. 2. Driving: travel time is 18 minutes, and the travel cost is 2.01 CHF. 3. Soft modes are free of charge. Traveler is 36 year old female who work part time and has 3 children. The household owns 1 car, 1 motorcycle, 5 bicycles.",1
10360460,"The trip distance is 17.0 km. There are three travel modes for the traveler to choose from: 1. Public transport: travel time is 66 minutes, and the travel cost is 9.6 CHF. 2. Driving: travel time is 16 minutes, and the travel cost is 2.41 CHF. 3. Soft modes are free of charge. Traveler is 27 year old male who work full time and has no children. The household owns 2 cars, 0 motorcycle, 1 bicycle.",1
10360462,"The trip distance is 50.5 km. There are three travel modes for the traveler to choose from: 1. Public transport: travel time is 124 minutes, and the travel cost is 12.4 CHF. 2. Driving: travel time is 46 minutes, and the travel cost is 6.68 CHF. 3. Soft modes are free of charge. Traveler is 65 year old female who work part time and has no children. The household owns 1 car, 0 motorcycle, 0 bicycle.",1
10360464,"The trip distance is 22.5 km. There are three travel modes for the traveler to choose from: 1. Public transport: travel time is 91 minutes, and the travel cost is 0.0 CHF. 2. Driving: travel time is 22 minutes, and the travel cost is 2.95 CHF. 3. Soft modes are free of charge. Traveler is 17 year old male who work part time and has no children. The household owns 1 car, 1 motorcycle, 4 bicycles.",0
10360475,"The trip distance is 0.7 km. There are three travel modes for the traveler to choose from: 1. Public transport: travel time is 53 minutes, and the travel cost is 2.8 CHF. 2. Driving: travel time is 1 minutes, and the travel cost is 0.16 CHF. 3. Soft modes are free of charge. Traveler is 50 year old male who work full time and has no children. The household owns 2 cars, 0 motorcycle, 7 bicycles.",0
10360475,"The trip distance is 109.0 km. There are three travel modes for the traveler to choose from: 1. Public transport: travel time is 162 minutes, and the travel cost is 21.0 CHF. 2. Driving: travel time is 85 minutes, and the travel cost is 14.37 CHF. 3. Soft modes are free of charge. Traveler is 50 year old male who work full time and has no children. The household owns 2 cars, 0 motorcycle, 7 bicycles.",1
10360518,"The trip distance is 31.0 km. There are three travel modes for the traveler to choose from: 1. Public transport: travel time is 104 minutes, and the travel cost is 11.0 CHF. 2. Driving: travel time is 35 minutes, and the travel cost is 4.63 CHF. 3. Soft modes are free of charge. Traveler is 28 year old female who work part time and has no children. The household owns 2 cars, 0 motorcycle, 2 bicycles.",1
10360519,"The trip distance is 109.0 km. There are three travel modes for the traveler to choose from: 1. Public transport: travel time is 279 minutes, and the travel cost is 46.2 CHF. 2. Driving: travel time is 117 minutes, and the travel cost is 15.35 CHF. 3. Soft modes are free of charge. Traveler is 29 year old male who work part time and has no children. The household owns 2 cars, 0 motorcycle, 2 bicycles.",1
10360519,"The trip distance is 24.0 km. There are three travel modes for the traveler to choose from: 1. Public transport: travel time is 127 minutes, and the travel cost is 12.4 CHF. 2. Driving: travel time is 31 minutes, and the travel cost is 3.48 CHF. 3. Soft modes are free of charge. Traveler is 29 year old male who work part time and has no children. The household owns 2 cars, 0 motorcycle, 2 bicycles.",1
10360527,"The trip distance is 16.5 km. There are three travel modes for the traveler to choose from: 1. Public transport: travel time is 102 minutes, and the travel cost is 4.8 CHF. 2. Driving: travel time is 14 minutes, and the travel cost is 2.24 CHF. 3. Soft modes are free of charge. Traveler is 41 year old female who work part time and has 2 children. The household owns 1 car, 1 motorcycle, 3 bicycles.",1
10360527,"The trip distance is 11.0 km. There are three travel modes for the traveler to choose from: 1. Public transport: travel time is 82 minutes, and the travel cost is 3.0 CHF. 2. Driving: travel time is 12 minutes, and the travel cost is 1.48 CHF. 3. Soft modes are free of charge. Traveler is 41 year old female who work part time and has 2 children. The household owns 1 car, 1 motorcycle, 3 bicycles.",1
10360532,"The trip distance is 31.0 km. There are three travel modes for the traveler to choose from: 1. Public transport: travel time is 105 minutes, and the travel cost is 11.0 CHF. 2. Driving: travel time is 29 minutes, and the travel cost is 4.63 CHF. 3. Soft modes are free of charge. Traveler is 37 year old male who work full time and has no children. The household owns 2 cars, 0 motorcycle, 2 bicycles.",1
10360533,"The trip distance is 119.0 km. There are three travel modes for the traveler to choose from: 1. Public transport: travel time is 251 minutes, and the travel cost is 65.8 CHF. 2. Driving: travel time is 76 minutes, and the travel cost is 15.96 CHF. 3. Soft modes are free of charge. Traveler is 39 year old female who work part time and has no children. The household owns 2 cars, 0 motorcycle, 3 bicycles.",1
10540009,"The trip distance is 69.0 km. There are three travel modes for the traveler to choose from: 1. Public transport: travel time is 222 minutes, and the travel cost is 49.6 CHF. 2. Driving: travel time is 55 minutes, and the travel cost is 9.06 CHF. 3. Soft modes are free of charge. Traveler is 44 year old female who work part time and has 2 children. The household owns 2 cars, 1 motorcycle, 3 bicycles.",1
10540009,"The trip distance is 13.0 km. There are three travel modes for the traveler to choose from: 1. Public transport: travel time is 99 minutes, and the travel cost is 5.6 CHF. 2. Driving: travel time is 16 minutes, and the travel cost is 1.76 CHF. 3. Soft modes are free of charge. Traveler is 44 year old female who work part time and has 2 children. The household owns 2 cars, 1 motorcycle, 3 bicycles.",1
10540009,"The trip distance is 3.8 km. There are three travel modes for the traveler to choose from: 1. Public transport: travel time is 65 minutes, and the travel cost is 5.4 CHF. 2. Driving: travel time is 5 minutes, and the travel cost is 0.6 CHF. 3. Soft modes are free of charge. Traveler is 44 year old female who work part time and has 2 children. The household owns 2 cars, 1 motorcycle, 3 bicycles.",1
10540067,"The trip distance is 25.0 km. There are three travel modes for the traveler to choose from: 1. Public transport: travel time is 26 minutes, and the travel cost is 2.2 CHF. 2. Driving: travel time is 32 minutes, and the travel cost is 3.31 CHF. 3. Soft modes are free of charge. Traveler is 55 year old male who work full time and has no children. The household owns 2 cars, 0 motorcycle, 4 bicycles.",1
10540067,"The trip distance is 0.4 km. There are three travel modes for the traveler to choose from: 1. Public transport: travel time is 10 minutes, and the travel cost is 2.2 CHF. 2. Driving: travel time is 0 minutes, and the travel cost is 0.07 CHF. 3. Soft modes are free of charge. Traveler is 55 year old male who work full time and has no children. The household owns 2 cars, 0 motorcycle, 4 bicycles.",1
10540067,"The trip distance is 12.0 km. There are three travel modes for the traveler to choose from: 1. Public transport: travel time is 66 minutes, and the travel cost is 2.2 CHF. 2. Driving: travel time is 16 minutes, and the travel cost is 1.75 CHF. 3. Soft modes are free of charge. Traveler is 55 year old male who work full time and has no children. The household owns 2 cars, 0 motorcycle, 4 bicycles.",1
10540067,"The trip distance is 2.0 km. There are three travel modes for the traveler to choose from: 1. Public transport: travel time is 42 minutes, and the travel cost is 2.2 CHF. 2. Driving: travel time is 3 minutes, and the travel cost is 0.36 CHF. 3. Soft modes are free of charge. Traveler is 55 year old male who work full time and has no children. The household owns 2 cars, 0 motorcycle, 4 bicycles.",1
10540128,"The trip distance is 23.5 km. There are three travel modes for the traveler to choose from: 1. Public transport: travel time is 124 minutes, and the travel cost is 12.2 CHF. 2. Driving: travel time is 40 minutes, and the travel cost is 3.77 CHF. 3. Soft modes are free of charge. Traveler is 64 year old female who work part time and has no children. The household owns 2 cars, 0 motorcycle, 3 bicycles.",1
10540131,"The trip distance is 32.0 km. There are three travel modes for the traveler to choose from: 1. Public transport: travel time is 101 minutes, and the travel cost is 8.8 CHF. 2. Driving: travel time is 31 minutes, and the travel cost is 4.54 CHF. 3. Soft modes are free of charge. Traveler is 40 year old female who work part time and has 2 children. The household owns 2 cars, 0 motorcycle, 5 bicycles.",1
10540131,"The trip distance is 32.0 km. There are three travel modes for the traveler to choose from: 1. Public transport: travel time is 105 minutes, and the travel cost is 7.1 CHF. 2. Driving: travel time is 31 minutes, and the travel cost is 4.51 CHF. 3. Soft modes are free of charge. Traveler is 40 year old female who work part time and has 2 children. The household owns 2 cars, 0 motorcycle, 5 bicycles.",1
10540169,"The trip distance is 17.5 km. There are three travel modes for the traveler to choose from: 1. Public transport: travel time is 112 minutes, and the travel cost is 3.9 CHF. 2. Driving: travel time is 20 minutes, and the travel cost is 2.21 CHF. 3. Soft modes are free of charge. Traveler is 69 year old male who work part time and has no children. The household owns 1 car, 0 motorcycle, 2 bicycles.",1
10540178,"The trip distance is 2.5 km. There are three travel modes for the traveler to choose from: 1. Public transport: travel time is 66 minutes, and the travel cost is 4.8 CHF. 2. Driving: travel time is 3 minutes, and the travel cost is 0.39 CHF. 3. Soft modes are free of charge. Traveler is 59 year old male who work part time and has no children. The household owns 2 cars, 0 motorcycle, 2 bicycles.",1
10540178,"The trip distance is 28.0 km. There are three travel modes for the traveler to choose from: 1. Public transport: travel time is 186 minutes, and the travel cost is 8.2 CHF. 2. Driving: travel time is 34 minutes, and the travel cost is 3.94 CHF. 3. Soft modes are free of charge. Traveler is 59 year old male who work part time and has no children. The household owns 2 cars, 0 motorcycle, 2 bicycles.",1
10540187,"The trip distance is 18.0 km. There are three travel modes for the traveler to choose from: 1. Public transport: travel time is 96 minutes, and the travel cost is 0.0 CHF. 2. Driving: travel time is 34 minutes, and the travel cost is 3.2 CHF. 3. Soft modes are free of charge. Traveler is 45 year old male who work full time and has 2 children. The household owns 1 car, 1 motorcycle, 4 bicycles.",1
10540215,"The trip distance is 17.0 km. There are three travel modes for the traveler to choose from: 1. Public transport: travel time is 67 minutes, and the travel cost is 6.2 CHF. 2. Driving: travel time is 17 minutes, and the travel cost is 2.19 CHF. 3. Soft modes are free of charge. Traveler is 40 year old female who work full time and has no children. The household owns 2 cars, 0 motorcycle, 2 bicycles.",1
10540216,"The trip distance is 45.0 km. There are three travel modes for the traveler to choose from: 1. Public transport: travel time is 139 minutes, and the travel cost is 16.4 CHF. 2. Driving: travel time is 33 minutes, and the travel cost is 5.79 CHF. 3. Soft modes are free of charge. Traveler is 30 year old male who work full time and has no children. The household owns 2 cars, 0 motorcycle, 2 bicycles.",1
10540237,"The trip distance is 6.5 km. There are three travel modes for the traveler to choose from: 1. Public transport: travel time is 64 minutes, and the travel cost is 6.0 CHF. 2. Driving: travel time is 11 minutes, and the travel cost is 1.16 CHF. 3. Soft modes are free of charge. Traveler is 34 year old female who work part time and has no children. The household owns 2 cars, 0 motorcycle, 2 bicycles.",1
10540260,"The trip distance is 23.5 km. There are three travel modes for the traveler to choose from: 1. Public transport: travel time is 123 minutes, and the travel cost is 0.0 CHF. 2. Driving: travel time is 41 minutes, and the travel cost is 4.08 CHF. 3. Soft modes are free of charge. Traveler is 20 year old female who work part time and has no children. The household owns 1 car, 0 motorcycle, 3 bicycles.",0
10540265,"The trip distance is 22.0 km. There are three travel modes for the traveler to choose from: 1. Public transport: travel time is 168 minutes, and the travel cost is 35.1 CHF. 2. Driving: travel time is 28 minutes, and the travel cost is 2.97 CHF. 3. Soft modes are free of charge. Traveler is 44 year old male who work full time and has 2 children. The household owns 2 cars, 0 motorcycle, 4 bicycles.",1
10540266,"The trip distance is 28.8 km. There are three travel modes for the traveler to choose from: 1. Public transport: travel time is 234 minutes, and the travel cost is 7.9 CHF. 2. Driving: travel time is 40 minutes, and the travel cost is 4.18 CHF. 3. Soft modes are free of charge. Traveler is 41 year old female who work part time and has 2 children. The household owns 2 cars, 0 motorcycle, 4 bicycles.",1
10540271,"The trip distance is 23.0 km. There are three travel modes for the traveler to choose from: 1. Public transport: travel time is 196 minutes, and the travel cost is 12.6 CHF. 2. Driving: travel time is 25 minutes, and the travel cost is 3.12 CHF. 3. Soft modes are free of charge. Traveler is 35 year old female who work part time and has 4 children. The household owns 2 cars, 0 motorcycle, 6 bicycles.",1
10540271,"The trip distance is 5.1 km. There are three travel modes for the traveler to choose from: 1. Public transport: travel time is 93 minutes, and the travel cost is 6.0 CHF. 2. Driving: travel time is 8 minutes, and the travel cost is 0.85 CHF. 3. Soft modes are free of charge. Traveler is 35 year old female who work part time and has 4 children. The household owns 2 cars, 0 motorcycle, 6 bicycles.",1
10540297,"The trip distance is 208.0 km. There are three travel modes for the traveler to choose from: 1. Public transport: travel time is 270 minutes, and the travel cost is 43.3 CHF. 2. Driving: travel time is 171 minutes, and the travel cost is 28.12 CHF. 3. Soft modes are free of charge. Traveler is 44 year old male who work full time and has no children. The household owns 1 car, 0 motorcycle, 0 bicycle.",1
10540305,"The trip distance is 14.5 km. There are three travel modes for the traveler to choose from: 1. Public transport: travel time is 101 minutes, and the travel cost is 5.6 CHF. 2. Driving: travel time is 19 minutes, and the travel cost is 1.98 CHF. 3. Soft modes are free of charge. Traveler is 70 year old male who work part time and has no children. The household owns 1 car, 0 motorcycle, 0 bicycle.",1
10540384,"The trip distance is 12.0 km. There are three travel modes for the traveler to choose from: 1. Public transport: travel time is 65 minutes, and the travel cost is 4.8 CHF. 2. Driving: travel time is 17 minutes, and the travel cost is 1.79 CHF. 3. Soft modes are free of charge. Traveler is 75 year old male who work part time and has no children. The household owns 2 cars, 0 motorcycle, 3 bicycles.",1
10540395,"The trip distance is 37.0 km. There are three travel modes for the traveler to choose from: 1. Public transport: travel time is 140 minutes, and the travel cost is 13.3 CHF. 2. Driving: travel time is 66 minutes, and the travel cost is 6.71 CHF. 3. Soft modes are free of charge. Traveler is 47 year old male who work full time and has 2 children. The household owns 2 cars, 1 motorcycle, 4 bicycles.",1
10540514,"The trip distance is 9.5 km. There are three travel modes for the traveler to choose from: 1. Public transport: travel time is 67 minutes, and the travel cost is 2.4 CHF. 2. Driving: travel time is 14 minutes, and the travel cost is 1.39 CHF. 3. Soft modes are free of charge. Traveler is 77 year old female who work part time and has no children. The household owns 2 cars, 0 motorcycle, 1 bicycle.",1
10540514,"The trip distance is 9.5 km. There are three travel modes for the traveler to choose from: 1. Public transport: travel time is 65 minutes, and the travel cost is 2.4 CHF. 2. Driving: travel time is 14 minutes, and the travel cost is 1.39 CHF. 3. Soft modes are free of charge. Traveler is 77 year old female who work part time and has no children. The household owns 2 cars, 0 motorcycle, 1 bicycle.",0
10540514,"The trip distance is 5.5 km. There are three travel modes for the traveler to choose from: 1. Public transport: travel time is 44 minutes, and the travel cost is 2.2 CHF. 2. Driving: travel time is 6 minutes, and the travel cost is 0.72 CHF. 3. Soft modes are free of charge. Traveler is 77 year old female who work part time and has no children. The household owns 2 cars, 0 motorcycle, 1 bicycle.",1
10540514,"The trip distance is 22.0 km. There are three travel modes for the traveler to choose from: 1. Public transport: travel time is 103 minutes, and the travel cost is 8.6 CHF. 2. Driving: travel time is 26 minutes, and the travel cost is 2.84 CHF. 3. Soft modes are free of charge. Traveler is 77 year old female who work part time and has no children. The household owns 2 cars, 0 motorcycle, 1 bicycle.",0
10540516,"The trip distance is 25.0 km. There are three travel modes for the traveler to choose from: 1. Public transport: travel time is 55 minutes, and the travel cost is 5.5 CHF. 2. Driving: travel time is 38 minutes, and the travel cost is 3.77 CHF. 3. Soft modes are free of charge. Traveler is 30 year old male who work full time and has no children. The household owns 2 cars, 0 motorcycle, 0 bicycle.",1
10540517,"The trip distance is 23.0 km. There are three travel modes for the traveler to choose from: 1. Public transport: travel time is 117 minutes, and the travel cost is 8.8 CHF. 2. Driving: travel time is 33 minutes, and the travel cost is 3.48 CHF. 3. Soft modes are free of charge. Traveler is 39 year old male who work full time and has no children. The household owns 2 cars, 0 motorcycle, 4 bicycles.",1
10540531,"The trip distance is 28.5 km. There are three travel modes for the traveler to choose from: 1. Public transport: travel time is 166 minutes, and the travel cost is 12.2 CHF. 2. Driving: travel time is 44 minutes, and the travel cost is 4.47 CHF. 3. Soft modes are free of charge. Traveler is 74 year old male who work part time and has no children. The household owns 2 cars, 0 motorcycle, 0 bicycle.",1
10540532,"The trip distance is 27.5 km. There are three travel modes for the traveler to choose from: 1. Public transport: travel time is 119 minutes, and the travel cost is 13.6 CHF. 2. Driving: travel time is 37 minutes, and the travel cost is 4.08 CHF. 3. Soft modes are free of charge. Traveler is 71 year old female who work part time and has no children. The household owns 2 cars, 0 motorcycle, 0 bicycle.",1
10540532,"The trip distance is 5.5 km. There are three travel modes for the traveler to choose from: 1. Public transport: travel time is 32 minutes, and the travel cost is 3.0 CHF. 2. Driving: travel time is 6 minutes, and the travel cost is 0.72 CHF. 3. Soft modes are free of charge. Traveler is 71 year old female who work part time and has no children. The household owns 2 cars, 0 motorcycle, 0 bicycle.",1
10540606,"The trip distance is 18.5 km. There are three travel modes for the traveler to choose from: 1. Public transport: travel time is 164 minutes, and the travel cost is 4.8 CHF. 2. Driving: travel time is 24 minutes, and the travel cost is 2.46 CHF. 3. Soft modes are free of charge. Traveler is 77 year old male who work part time and has no children. The household owns 1 car, 0 motorcycle, 3 bicycles.",1
10540675,"The trip distance is 2.0 km. There are three travel modes for the traveler to choose from: 1. Public transport: travel time is 25 minutes, and the travel cost is 2.2 CHF. 2. Driving: travel time is 3 minutes, and the travel cost is 0.4 CHF. 3. Soft modes are free of charge. Traveler is 63 year old female who work part time and has no children. The household owns 0 car, 0 motorcycle, 2 bicycles.",1
10540675,"The trip distance is 3.0 km. There are three travel modes for the traveler to choose from: 1. Public transport: travel time is 23 minutes, and the travel cost is 2.8 CHF. 2. Driving: travel time is 4 minutes, and the travel cost is 0.49 CHF. 3. Soft modes are free of charge. Traveler is 63 year old female who work part time and has no children. The household owns 0 car, 0 motorcycle, 2 bicycles.",1
10540689,"The trip distance is 21.0 km. There are three travel modes for the traveler to choose from: 1. Public transport: travel time is 141 minutes, and the travel cost is 6.0 CHF. 2. Driving: travel time is 28 minutes, and the travel cost is 2.92 CHF. 3. Soft modes are free of charge. Traveler is 38 year old male who work full time and has 2 children. The household owns 2 cars, 0 motorcycle, 4 bicycles.",1
10540689,"The trip distance is 21.0 km. There are three travel modes for the traveler to choose from: 1. Public transport: travel time is 118 minutes, and the travel cost is 6.0 CHF. 2. Driving: travel time is 28 minutes, and the travel cost is 2.92 CHF. 3. Soft modes are free of charge. Traveler is 38 year old male who work full time and has 2 children. The household owns 2 cars, 0 motorcycle, 4 bicycles.",1
10540691,"The trip distance is 15.6 km. There are three travel modes for the traveler to choose from: 1. Public transport: travel time is 135 minutes, and the travel cost is 13.2 CHF. 2. Driving: travel time is 20 minutes, and the travel cost is 2.19 CHF. 3. Soft modes are free of charge. Traveler is 43 year old female who work part time and has 2 children. The household owns 2 cars, 0 motorcycle, 4 bicycles.",1
10540691,"The trip distance is 5.5 km. There are three travel modes for the traveler to choose from: 1. Public transport: travel time is 68 minutes, and the travel cost is 5.2 CHF. 2. Driving: travel time is 7 minutes, and the travel cost is 0.79 CHF. 3. Soft modes are free of charge. Traveler is 43 year old female who work part time and has 2 children. The household owns 2 cars, 0 motorcycle, 4 bicycles.",1
10540692,"The trip distance is 65.5 km. There are three travel modes for the traveler to choose from: 1. Public transport: travel time is 278 minutes, and the travel cost is 61.6 CHF. 2. Driving: travel time is 62 minutes, and the travel cost is 8.54 CHF. 3. Soft modes are free of charge. Traveler is 37 year old male who work full time and has 2 children. The household owns 2 cars, 0 motorcycle, 3 bicycles.",1
10540692,"The trip distance is 3.1 km. There are three travel modes for the traveler to choose from: 1. Public transport: travel time is 33 minutes, and the travel cost is 5.4 CHF. 2. Driving: travel time is 4 minutes, and the travel cost is 0.54 CHF. 3. Soft modes are free of charge. Traveler is 37 year old male who work full time and has 2 children. The household owns 2 cars, 0 motorcycle, 3 bicycles.",1
10540774,"The trip distance is 72.0 km. There are three travel modes for the traveler to choose from: 1. Public transport: travel time is 232 minutes, and the travel cost is 50.0 CHF. 2. Driving: travel time is 77 minutes, and the travel cost is 10.15 CHF. 3. Soft modes are free of charge. Traveler is 57 year old male who work full time and has no children. The household owns 2 cars, 0 motorcycle, 3 bicycles.",1
10540806,"The trip distance is 3.0 km. There are three travel modes for the traveler to choose from: 1. Public transport: travel time is 22 minutes, and the travel cost is 2.2 CHF. 2. Driving: travel time is 5 minutes, and the travel cost is 0.53 CHF. 3. Soft modes are free of charge. Traveler is 67 year old female who work part time and has no children. The household owns 2 cars, 0 motorcycle, 0 bicycle.",1
10540807,"The trip distance is 7.0 km. There are three travel modes for the traveler to choose from: 1. Public transport: travel time is 59 minutes, and the travel cost is 2.4 CHF. 2. Driving: travel time is 11 minutes, and the travel cost is 1.2 CHF. 3. Soft modes are free of charge. Traveler is 43 year old male who work part time and has no children. The household owns 1 car, 0 motorcycle, 0 bicycle.",1
10541086,"The trip distance is 66.0 km. There are three travel modes for the traveler to choose from: 1. Public transport: travel time is 245 minutes, and the travel cost is 14.2 CHF. 2. Driving: travel time is 71 minutes, and the travel cost is 9.37 CHF. 3. Soft modes are free of charge. Traveler is 41 year old female who work part time and has 2 children. The household owns 1 car, 1 motorcycle, 4 bicycles.",1
10541086,"The trip distance is 24.0 km. There are three travel modes for the traveler to choose from: 1. Public transport: travel time is 85 minutes, and the travel cost is 5.5 CHF. 2. Driving: travel time is 35 minutes, and the travel cost is 3.54 CHF. 3. Soft modes are free of charge. Traveler is 41 year old female who work part time and has 2 children. The household owns 1 car, 1 motorcycle, 4 bicycles.",1
10980079,"The trip distance is 19.6 km. There are three travel modes for the traveler to choose from: 1. Public transport: travel time is 154 minutes, and the travel cost is 4.8 CHF. 2. Driving: travel time is 30 minutes, and the travel cost is 3.24 CHF. 3. Soft modes are free of charge. Traveler is 40 year old male who work full time and has 3 children. The household owns 2 cars, 0 motorcycle, 7 bicycles.",1
10980080,"The trip distance is 15.5 km. There are three travel modes for the traveler to choose from: 1. Public transport: travel time is 126 minutes, and the travel cost is 3.1 CHF. 2. Driving: travel time is 20 minutes, and the travel cost is 2.21 CHF. 3. Soft modes are free of charge. Traveler is 38 year old female who work part time and has 3 children. The household owns 2 cars, 0 motorcycle, 6 bicycles.",1
10980080,"The trip distance is 52.0 km. There are three travel modes for the traveler to choose from: 1. Public transport: travel time is 153 minutes, and the travel cost is 5.5 CHF. 2. Driving: travel time is 41 minutes, and the travel cost is 6.99 CHF. 3. Soft modes are free of charge. Traveler is 38 year old female who work part time and has 3 children. The household owns 2 cars, 0 motorcycle, 6 bicycles.",1
10980080,"The trip distance is 15.5 km. There are three travel modes for the traveler to choose from: 1. Public transport: travel time is 48 minutes, and the travel cost is 2.2 CHF. 2. Driving: travel time is 20 minutes, and the travel cost is 2.21 CHF. 3. Soft modes are free of charge. Traveler is 38 year old female who work part time and has 3 children. The household owns 2 cars, 0 motorcycle, 6 bicycles.",1
10980080,"The trip distance is 14.5 km. There are three travel modes for the traveler to choose from: 1. Public transport: travel time is 114 minutes, and the travel cost is 3.1 CHF. 2. Driving: travel time is 20 minutes, and the travel cost is 2.14 CHF. 3. Soft modes are free of charge. Traveler is 38 year old female who work part time and has 3 children. The household owns 2 cars, 0 motorcycle, 6 bicycles.",1
11460060,"The trip distance is 70.5 km. There are three travel modes for the traveler to choose from: 1. Public transport: travel time is 239 minutes, and the travel cost is 22.7 CHF. 2. Driving: travel time is 70 minutes, and the travel cost is 9.46 CHF. 3. Soft modes are free of charge. Traveler is 47 year old male who work full time and has 4 children. The household owns 2 cars, 0 motorcycle, 6 bicycles.",1
11460070,"The trip distance is 43.0 km. There are three travel modes for the traveler to choose from: 1. Public transport: travel time is 155 minutes, and the travel cost is 22.6 CHF. 2. Driving: travel time is 47 minutes, and the travel cost is 5.93 CHF. 3. Soft modes are free of charge. Traveler is 56 year old female who work full time and has no children. The household owns 2 cars, 0 motorcycle, 2 bicycles.",1
11460082,"The trip distance is 71.0 km. There are three travel modes for the traveler to choose from: 1. Public transport: travel time is 206 minutes, and the travel cost is 26.0 CHF. 2. Driving: travel time is 71 minutes, and the travel cost is 9.56 CHF. 3. Soft modes are free of charge. Traveler is 58 year old female who work part time and has no children. The household owns 2 cars, 2 motorcycles, 0 bicycle.",1
11460106,"The trip distance is 2.5 km. There are three travel modes for the traveler to choose from: 1. Public transport: travel time is 20 minutes, and the travel cost is 2.2 CHF. 2. Driving: travel time is 3 minutes, and the travel cost is 0.34 CHF. 3. Soft modes are free of charge. Traveler is 75 year old male who work part time and has no children. The household owns 1 car, 0 motorcycle, 0 bicycle.",0
14050047,"The trip distance is 96.0 km. There are three travel modes for the traveler to choose from: 1. Public transport: travel time is 183 minutes, and the travel cost is 17.2 CHF. 2. Driving: travel time is 69 minutes, and the travel cost is 12.93 CHF. 3. Soft modes are free of charge. Traveler is 31 year old male who work full time and has no children. The household owns 3 cars, 1 motorcycle, 2 bicycles.",1
14050047,"The trip distance is 75.0 km. There are three travel modes for the traveler to choose from: 1. Public transport: travel time is 181 minutes, and the travel cost is 18.2 CHF. 2. Driving: travel time is 53 minutes, and the travel cost is 9.76 CHF. 3. Soft modes are free of charge. Traveler is 31 year old male who work full time and has no children. The household owns 3 cars, 1 motorcycle, 2 bicycles.",1
14050076,"The trip distance is 8.0 km. There are three travel modes for the traveler to choose from: 1. Public transport: travel time is 70 minutes, and the travel cost is 3.7 CHF. 2. Driving: travel time is 16 minutes, and the travel cost is 1.53 CHF. 3. Soft modes are free of charge. Traveler is 39 year old female who work part time and has 2 children. The household owns 2 cars, 0 motorcycle, 4 bicycles.",1
14050076,"The trip distance is 17.5 km. There are three travel modes for the traveler to choose from: 1. Public transport: travel time is 100 minutes, and the travel cost is 4.2 CHF. 2. Driving: travel time is 23 minutes, and the travel cost is 2.68 CHF. 3. Soft modes are free of charge. Traveler is 39 year old female who work part time and has 2 children. The household owns 2 cars, 0 motorcycle, 4 bicycles.",1
14050110,"The trip distance is 39.0 km. There are three travel modes for the traveler to choose from: 1. Public transport: travel time is 65 minutes, and the travel cost is 18.2 CHF. 2. Driving: travel time is 28 minutes, and the travel cost is 5.13 CHF. 3. Soft modes are free of charge. Traveler is 57 year old female who work part time and has no children. The household owns 2 cars, 0 motorcycle, 2 bicycles.",1
14050110,"The trip distance is 4.0 km. There are three travel modes for the traveler to choose from: 1. Public transport: travel time is 15 minutes, and the travel cost is 3.4 CHF. 2. Driving: travel time is 8 minutes, and the travel cost is 0.79 CHF. 3. Soft modes are free of charge. Traveler is 57 year old female who work part time and has no children. The household owns 2 cars, 0 motorcycle, 2 bicycles.",1
14050133,"The trip distance is 128.0 km. There are three travel modes for the traveler to choose from: 1. Public transport: travel time is 284 minutes, and the travel cost is 0.0 CHF. 2. Driving: travel time is 95 minutes, and the travel cost is 17.77 CHF. 3. Soft modes are free of charge. Traveler is 37 year old male who work full time and has no children. The household owns 1 car, 0 motorcycle, 2 bicycles.",1
14050180,"The trip distance is 9.5 km. There are three travel modes for the traveler to choose from: 1. Public transport: travel time is 55 minutes, and the travel cost is 3.4 CHF. 2. Driving: travel time is 9 minutes, and the travel cost is 1.29 CHF. 3. Soft modes are free of charge. Traveler is 47 year old female who work part time and has 3 children. The household owns 1 car, 0 motorcycle, 4 bicycles.",1
14050180,"The trip distance is 4.0 km. There are three travel modes for the traveler to choose from: 1. Public transport: travel time is 20 minutes, and the travel cost is 3.4 CHF. 2. Driving: travel time is 8 minutes, and the travel cost is 0.79 CHF. 3. Soft modes are free of charge. Traveler is 47 year old female who work part time and has 3 children. The household owns 1 car, 0 motorcycle, 4 bicycles.",1
14050182,"The trip distance is 33.0 km. There are three travel modes for the traveler to choose from: 1. Public transport: travel time is 107 minutes, and the travel cost is 9.6 CHF. 2. Driving: travel time is 30 minutes, and the travel cost is 4.41 CHF. 3. Soft modes are free of charge. Traveler is 30 year old male who work full time and has no children. The household owns 2 cars, 0 motorcycle, 2 bicycles.",1
14050186,"The trip distance is 15.0 km. There are three travel modes for the traveler to choose from: 1. Public transport: travel time is 126 minutes, and the travel cost is 11.4 CHF. 2. Driving: travel time is 20 minutes, and the travel cost is 2.32 CHF. 3. Soft modes are free of charge. Traveler is 37 year old male who work part time and has 5 children. The household owns 2 cars, 1 motorcycle, 9 bicycles.",1
14050186,"The trip distance is 15.0 km. There are three travel modes for the traveler to choose from: 1. Public transport: travel time is 134 minutes, and the travel cost is 8.0 CHF. 2. Driving: travel time is 20 minutes, and the travel cost is 2.32 CHF. 3. Soft modes are free of charge. Traveler is 37 year old male who work part time and has 5 children. The household owns 2 cars, 1 motorcycle, 9 bicycles.",1
14050193,"The trip distance is 17.0 km. There are three travel modes for the traveler to choose from: 1. Public transport: travel time is 97 minutes, and the travel cost is 3.4 CHF. 2. Driving: travel time is 24 minutes, and the travel cost is 2.74 CHF. 3. Soft modes are free of charge. Traveler is 40 year old female who work part time and has 2 children. The household owns 1 car, 1 motorcycle, 4 bicycles.",1
14050226,"The trip distance is 3.5 km. There are three travel modes for the traveler to choose from: 1. Public transport: travel time is 18 minutes, and the travel cost is 2.2 CHF. 2. Driving: travel time is 6 minutes, and the travel cost is 0.64 CHF. 3. Soft modes are free of charge. Traveler is 76 year old female who work part time and has no children. The household owns 0 car, 0 motorcycle, 1 bicycle.",0
14050250,"The trip distance is 184.0 km. There are three travel modes for the traveler to choose from: 1. Public transport: travel time is 170 minutes, and the travel cost is 28.2 CHF. 2. Driving: travel time is 112 minutes, and the travel cost is 23.85 CHF. 3. Soft modes are free of charge. Traveler is 65 year old male who work part time and has no children. The household owns 2 cars, 2 motorcycles, 2 bicycles.",0
14050278,"The trip distance is 85.0 km. There are three travel modes for the traveler to choose from: 1. Public transport: travel time is 289 minutes, and the travel cost is 40.0 CHF. 2. Driving: travel time is 62 minutes, and the travel cost is 11.32 CHF. 3. Soft modes are free of charge. Traveler is 46 year old male who work full time and has 2 children. The household owns 2 cars, 0 motorcycle, 4 bicycles.",1
19130036,"The trip distance is 53.5 km. There are three travel modes for the traveler to choose from: 1. Public transport: travel time is 253 minutes, and the travel cost is 41.0 CHF. 2. Driving: travel time is 46 minutes, and the travel cost is 6.74 CHF. 3. Soft modes are free of charge. Traveler is 29 year old female who work part time and has 2 children. The household owns 2 cars, 0 motorcycle, 0 bicycle.",1
19130062,"The trip distance is 2.0 km. There are three travel modes for the traveler to choose from: 1. Public transport: travel time is 16 minutes, and the travel cost is 3.4 CHF. 2. Driving: travel time is 3 minutes, and the travel cost is 0.34 CHF. 3. Soft modes are free of charge. Traveler is 46 year old female who work part time and has 2 children. The household owns 2 cars, 0 motorcycle, 5 bicycles.",1
19130062,"The trip distance is 32.0 km. There are three travel modes for the traveler to choose from: 1. Public transport: travel time is 78 minutes, and the travel cost is 19.2 CHF. 2. Driving: travel time is 22 minutes, and the travel cost is 4.11 CHF. 3. Soft modes are free of charge. Traveler is 46 year old female who work part time and has 2 children. The household owns 2 cars, 0 motorcycle, 5 bicycles.",1
19130062,"The trip distance is 1.0 km. There are three travel modes for the traveler to choose from: 1. Public transport: travel time is 18 minutes, and the travel cost is 3.0 CHF. 2. Driving: travel time is 2 minutes, and the travel cost is 0.27 CHF. 3. Soft modes are free of charge. Traveler is 46 year old female who work part time and has 2 children. The household owns 2 cars, 0 motorcycle, 5 bicycles.",1
19130080,"The trip distance is 31.6 km. There are three travel modes for the traveler to choose from: 1. Public transport: travel time is 98 minutes, and the travel cost is 15.2 CHF. 2. Driving: travel time is 31 minutes, and the travel cost is 4.57 CHF. 3. Soft modes are free of charge. Traveler is 43 year old female who work part time and has 3 children. The household owns 2 cars, 0 motorcycle, 5 bicycles.",1
19130080,"The trip distance is 1.2 km. There are three travel modes for the traveler to choose from: 1. Public transport: travel time is 14 minutes, and the travel cost is 0.0 CHF. 2. Driving: travel time is 2 minutes, and the travel cost is 0.37 CHF. 3. Soft modes are free of charge. Traveler is 43 year old female who work part time and has 3 children. The household owns 2 cars, 0 motorcycle, 5 bicycles.",1
19130149,"The trip distance is 37.0 km. There are three travel modes for the traveler to choose from: 1. Public transport: travel time is 162 minutes, and the travel cost is 21.6 CHF. 2. Driving: travel time is 34 minutes, and the travel cost is 5.12 CHF. 3. Soft modes are free of charge. Traveler is 41 year old male who work full time and has 2 children. The household owns 2 cars, 0 motorcycle, 4 bicycles.",1
19130149,"The trip distance is 35.0 km. There are three travel modes for the traveler to choose from: 1. Public transport: travel time is 150 minutes, and the travel cost is 23.2 CHF. 2. Driving: travel time is 32 minutes, and the travel cost is 5.07 CHF. 3. Soft modes are free of charge. Traveler is 41 year old male who work full time and has 2 children. The household owns 2 cars, 0 motorcycle, 4 bicycles.",1
19130203,"The trip distance is 12.0 km. There are three travel modes for the traveler to choose from: 1. Public transport: travel time is 26 minutes, and the travel cost is 6.0 CHF. 2. Driving: travel time is 16 minutes, and the travel cost is 1.89 CHF. 3. Soft modes are free of charge. Traveler is 52 year old female who work part time and has no children. The household owns 2 cars, 0 motorcycle, 7 bicycles.",2
19130206,"The trip distance is 10.0 km. There are three travel modes for the traveler to choose from: 1. Public transport: travel time is 134 minutes, and the travel cost is 15.8 CHF. 2. Driving: travel time is 12 minutes, and the travel cost is 1.53 CHF. 3. Soft modes are free of charge. Traveler is 66 year old male who work part time and has no children. The household owns 2 cars, 0 motorcycle, 0 bicycle.",1
19130206,"The trip distance is 32.0 km. There are three travel modes for the traveler to choose from: 1. Public transport: travel time is 118 minutes, and the travel cost is 24.2 CHF. 2. Driving: travel time is 33 minutes, and the travel cost is 4.7 CHF. 3. Soft modes are free of charge. Traveler is 66 year old male who work part time and has no children. The household owns 2 cars, 0 motorcycle, 0 bicycle.",1
19130238,"The trip distance is 10.0 km. There are three travel modes for the traveler to choose from: 1. Public transport: travel time is 138 minutes, and the travel cost is 12.4 CHF. 2. Driving: travel time is 12 minutes, and the travel cost is 1.53 CHF. 3. Soft modes are free of charge. Traveler is 67 year old male who work part time and has no children. The household owns 1 car, 0 motorcycle, 2 bicycles.",1
19130252,"The trip distance is 122.0 km. There are three travel modes for the traveler to choose from: 1. Public transport: travel time is 180 minutes, and the travel cost is 51.4 CHF. 2. Driving: travel time is 86 minutes, and the travel cost is 18.69 CHF. 3. Soft modes are free of charge. Traveler is 61 year old male who work full time and has no children. The household owns 1 car, 0 motorcycle, 0 bicycle.",0
19130279,"The trip distance is 508.9 km. There are three travel modes for the traveler to choose from: 1. Public transport: travel time is 519 minutes, and the travel cost is 76.4 CHF. 2. Driving: travel time is 378 minutes, and the travel cost is 66.36 CHF. 3. Soft modes are free of charge. Traveler is 67 year old female who work part time and has no children. The household owns 2 cars, 1 motorcycle, 1 bicycle.",0
19130374,"The trip distance is 141.5 km. There are three travel modes for the traveler to choose from: 1. Public transport: travel time is 367 minutes, and the travel cost is 0.0 CHF. 2. Driving: travel time is 133 minutes, and the travel cost is 26.14 CHF. 3. Soft modes are free of charge. Traveler is 42 year old female who work part time and has no children. The household owns 1 car, 0 motorcycle, 0 bicycle.",1
19130486,"The trip distance is 2.5 km. There are three travel modes for the traveler to choose from: 1. Public transport: travel time is 19 minutes, and the travel cost is 2.2 CHF. 2. Driving: travel time is 4 minutes, and the travel cost is 0.43 CHF. 3. Soft modes are free of charge. Traveler is 35 year old male who work full time and has no children. The household owns 1 car, 0 motorcycle, 3 bicycles.",0
19130578,"The trip distance is 17.0 km. There are three travel modes for the traveler to choose from: 1. Public transport: travel time is 44 minutes, and the travel cost is 4.8 CHF. 2. Driving: travel time is 16 minutes, and the travel cost is 2.49 CHF. 3. Soft modes are free of charge. Traveler is 31 year old female who work full time and has no children. The household owns 2 cars, 0 motorcycle, 2 bicycles.",1
19130578,"The trip distance is 4.5 km. There are three travel modes for the traveler to choose from: 1. Public transport: travel time is 31 minutes, and the travel cost is 2.2 CHF. 2. Driving: travel time is 6 minutes, and the travel cost is 0.96 CHF. 3. Soft modes are free of charge. Traveler is 31 year old female who work full time and has no children. The household owns 2 cars, 0 motorcycle, 2 bicycles.",1
19130578,"The trip distance is 4.5 km. There are three travel modes for the traveler to choose from: 1. Public transport: travel time is 29 minutes, and the travel cost is 2.2 CHF. 2. Driving: travel time is 5 minutes, and the travel cost is 0.92 CHF. 3. Soft modes are free of charge. Traveler is 31 year old female who work full time and has no children. The household owns 2 cars, 0 motorcycle, 2 bicycles.",1
19130766,"The trip distance is 82.0 km. There are three travel modes for the traveler to choose from: 1. Public transport: travel time is 145 minutes, and the travel cost is 33.6 CHF. 2. Driving: travel time is 54 minutes, and the travel cost is 10.7 CHF. 3. Soft modes are free of charge. Traveler is 57 year old male who work part time and has no children. The household owns 1 car, 0 motorcycle, 2 bicycles.",1
19130798,"The trip distance is 42.0 km. There are three travel modes for the traveler to choose from: 1. Public transport: travel time is 113 minutes, and the travel cost is 34.6 CHF. 2. Driving: travel time is 42 minutes, and the travel cost is 5.4 CHF. 3. Soft modes are free of charge. Traveler is 40 year old male who work full time and has no children. The household owns 1 car, 1 motorcycle, 0 bicycle.",1
19130798,"The trip distance is 42.0 km. There are three travel modes for the traveler to choose from: 1. Public transport: travel time is 188 minutes, and the travel cost is 34.6 CHF. 2. Driving: travel time is 42 minutes, and the travel cost is 5.4 CHF. 3. Soft modes are free of charge. Traveler is 40 year old male who work full time and has no children. The household owns 1 car, 1 motorcycle, 0 bicycle.",1
19130843,"The trip distance is 39.0 km. There are three travel modes for the traveler to choose from: 1. Public transport: travel time is 97 minutes, and the travel cost is 0.0 CHF. 2. Driving: travel time is 37 minutes, and the travel cost is 5.29 CHF. 3. Soft modes are free of charge. Traveler is 18 year old male who work part time and has no children. The household owns 1 car, 0 motorcycle, 3 bicycles.",1
19130855,"The trip distance is 31.0 km. There are three travel modes for the traveler to choose from: 1. Public transport: travel time is 72 minutes, and the travel cost is 7.6 CHF. 2. Driving: travel time is 27 minutes, and the travel cost is 4.13 CHF. 3. Soft modes are free of charge. Traveler is 34 year old female who work part time and has no children. The household owns 2 cars, 0 motorcycle, 2 bicycles.",1
19130855,"The trip distance is 31.0 km. There are three travel modes for the traveler to choose from: 1. Public transport: travel time is 126 minutes, and the travel cost is 14.8 CHF. 2. Driving: travel time is 27 minutes, and the travel cost is 4.14 CHF. 3. Soft modes are free of charge. Traveler is 34 year old female who work part time and has no children. The household owns 2 cars, 0 motorcycle, 2 bicycles.",1
19130867,"The trip distance is 18.0 km. There are three travel modes for the traveler to choose from: 1. Public transport: travel time is 49 minutes, and the travel cost is 10.2 CHF. 2. Driving: travel time is 15 minutes, and the travel cost is 2.51 CHF. 3. Soft modes are free of charge. Traveler is 31 year old male who work full time and has no children. The household owns 1 car, 0 motorcycle, 2 bicycles.",1
19130871,"The trip distance is 78.5 km. There are three travel modes for the traveler to choose from: 1. Public transport: travel time is 220 minutes, and the travel cost is 20.9 CHF. 2. Driving: travel time is 59 minutes, and the travel cost is 10.27 CHF. 3. Soft modes are free of charge. Traveler is 51 year old female who work part time and has no children. The household owns 2 cars, 0 motorcycle, 2 bicycles.",1
19130883,"The trip distance is 22.0 km. There are three travel modes for the traveler to choose from: 1. Public transport: travel time is 74 minutes, and the travel cost is 12.8 CHF. 2. Driving: travel time is 21 minutes, and the travel cost is 3.12 CHF. 3. Soft modes are free of charge. Traveler is 68 year old female who work part time and has no children. The household owns 1 car, 0 motorcycle, 1 bicycle.",1
19130883,"The trip distance is 22.0 km. There are three travel modes for the traveler to choose from: 1. Public transport: travel time is 79 minutes, and the travel cost is 12.8 CHF. 2. Driving: travel time is 21 minutes, and the travel cost is 3.12 CHF. 3. Soft modes are free of charge. Traveler is 68 year old female who work part time and has no children. The household owns 1 car, 0 motorcycle, 1 bicycle.",1
19130912,"The trip distance is 4.0 km. There are three travel modes for the traveler to choose from: 1. Public transport: travel time is 22 minutes, and the travel cost is 6.0 CHF. 2. Driving: travel time is 6 minutes, and the travel cost is 0.73 CHF. 3. Soft modes are free of charge. Traveler is 74 year old male who work part time and has no children. The household owns 1 car, 0 motorcycle, 0 bicycle.",1
19130912,"The trip distance is 28.0 km. There are three travel modes for the traveler to choose from: 1. Public transport: travel time is 94 minutes, and the travel cost is 16.4 CHF. 2. Driving: travel time is 26 minutes, and the travel cost is 3.67 CHF. 3. Soft modes are free of charge. Traveler is 74 year old male who work part time and has no children. The household owns 1 car, 0 motorcycle, 0 bicycle.",1
19130933,"The trip distance is 3.0 km. There are three travel modes for the traveler to choose from: 1. Public transport: travel time is 19 minutes, and the travel cost is 2.2 CHF. 2. Driving: travel time is 5 minutes, and the travel cost is 0.53 CHF. 3. Soft modes are free of charge. Traveler is 78 year old male who work part time and has no children. The household owns 1 car, 0 motorcycle, 0 bicycle.",1
19610035,"The trip distance is 5.5 km. There are three travel modes for the traveler to choose from: 1. Public transport: travel time is 72 minutes, and the travel cost is 2.6 CHF. 2. Driving: travel time is 14 minutes, and the travel cost is 1.39 CHF. 3. Soft modes are free of charge. Traveler is 45 year old female who work part time and has 2 children. The household owns 1 car, 0 motorcycle, 6 bicycles.",1
19610035,"The trip distance is 5.5 km. There are three travel modes for the traveler to choose from: 1. Public transport: travel time is 73 minutes, and the travel cost is 2.6 CHF. 2. Driving: travel time is 14 minutes, and the travel cost is 1.39 CHF. 3. Soft modes are free of charge. Traveler is 45 year old female who work part time and has 2 children. The household owns 1 car, 0 motorcycle, 6 bicycles.",1
19610100,"The trip distance is 29.3 km. There are three travel modes for the traveler to choose from: 1. Public transport: travel time is 158 minutes, and the travel cost is 28.0 CHF. 2. Driving: travel time is 49 minutes, and the travel cost is 4.96 CHF. 3. Soft modes are free of charge. Traveler is 64 year old male who work part time and has no children. The household owns 2 cars, 0 motorcycle, 0 bicycle.",1
19610114,"The trip distance is 16.2 km. There are three travel modes for the traveler to choose from: 1. Public transport: travel time is 82 minutes, and the travel cost is 10.6 CHF. 2. Driving: travel time is 26 minutes, and the travel cost is 2.67 CHF. 3. Soft modes are free of charge. Traveler is 52 year old female who work part time and has no children. The household owns 2 cars, 0 motorcycle, 4 bicycles.",1
19610182,"The trip distance is 25.0 km. There are three travel modes for the traveler to choose from: 1. Public transport: travel time is 75 minutes, and the travel cost is 6.2 CHF. 2. Driving: travel time is 39 minutes, and the travel cost is 3.97 CHF. 3. Soft modes are free of charge. Traveler is 29 year old female who work full time and has no children. The household owns 1 car, 0 motorcycle, 0 bicycle.",1
19610203,"The trip distance is 183.2 km. There are three travel modes for the traveler to choose from: 1. Public transport: travel time is 237 minutes, and the travel cost is 30.0 CHF. 2. Driving: travel time is 128 minutes, and the travel cost is 24.62 CHF. 3. Soft modes are free of charge. Traveler is 64 year old female who work part time and has no children. The household owns 2 cars, 1 motorcycle, 1 bicycle.",1
19650025,"The trip distance is 7.1 km. There are three travel modes for the traveler to choose from: 1. Public transport: travel time is 44 minutes, and the travel cost is 3.2 CHF. 2. Driving: travel time is 15 minutes, and the travel cost is 1.63 CHF. 3. Soft modes are free of charge. Traveler is 45 year old male who work full time and has 2 children. The household owns 2 cars, 1 motorcycle, 2 bicycles.",1
19650025,"The trip distance is 13.5 km. There are three travel modes for the traveler to choose from: 1. Public transport: travel time is 78 minutes, and the travel cost is 3.7 CHF. 2. Driving: travel time is 27 minutes, and the travel cost is 2.81 CHF. 3. Soft modes are free of charge. Traveler is 45 year old male who work full time and has 2 children. The household owns 2 cars, 1 motorcycle, 2 bicycles.",1
19650025,"The trip distance is 14.0 km. There are three travel modes for the traveler to choose from: 1. Public transport: travel time is 72 minutes, and the travel cost is 3.2 CHF. 2. Driving: travel time is 30 minutes, and the travel cost is 2.94 CHF. 3. Soft modes are free of charge. Traveler is 45 year old male who work full time and has 2 children. The household owns 2 cars, 1 motorcycle, 2 bicycles.",1
19650026,"The trip distance is 14.0 km. There are three travel modes for the traveler to choose from: 1. Public transport: travel time is 89 minutes, and the travel cost is 7.4 CHF. 2. Driving: travel time is 28 minutes, and the travel cost is 2.87 CHF. 3. Soft modes are free of charge. Traveler is 42 year old female who work part time and has 2 children. The household owns 2 cars, 1 motorcycle, 2 bicycles.",1
19650026,"The trip distance is 9.5 km. There are three travel modes for the traveler to choose from: 1. Public transport: travel time is 119 minutes, and the travel cost is 12.4 CHF. 2. Driving: travel time is 22 minutes, and the travel cost is 2.45 CHF. 3. Soft modes are free of charge. Traveler is 42 year old female who work part time and has 2 children. The household owns 2 cars, 1 motorcycle, 2 bicycles.",1
19650041,"The trip distance is 16.9 km. There are three travel modes for the traveler to choose from: 1. Public transport: travel time is 96 minutes, and the travel cost is 11.0 CHF. 2. Driving: travel time is 38 minutes, and the travel cost is 3.78 CHF. 3. Soft modes are free of charge. Traveler is 36 year old male who work full time and has no children. The household owns 1 car, 0 motorcycle, 0 bicycle.",1
19650041,"The trip distance is 4.0 km. There are three travel modes for the traveler to choose from: 1. Public transport: travel time is 10 minutes, and the travel cost is 3.0 CHF. 2. Driving: travel time is 7 minutes, and the travel cost is 0.73 CHF. 3. Soft modes are free of charge. Traveler is 36 year old male who work full time and has no children. The household owns 1 car, 0 motorcycle, 0 bicycle.",1
19650071,"The trip distance is 0.1 km. There are three travel modes for the traveler to choose from: 1. Public transport: travel time is 24 minutes, and the travel cost is 3.0 CHF. 2. Driving: travel time is 0 minutes, and the travel cost is 0.13 CHF. 3. Soft modes are free of charge. Traveler is 52 year old male who work full time and has no children. The household owns 2 cars, 1 motorcycle, 4 bicycles.",1
19650072,"The trip distance is 39.3 km. There are three travel modes for the traveler to choose from: 1. Public transport: travel time is 262 minutes, and the travel cost is 27.6 CHF. 2. Driving: travel time is 61 minutes, and the travel cost is 6.48 CHF. 3. Soft modes are free of charge. Traveler is 52 year old male who work full time and has no children. The household owns 2 cars, 1 motorcycle, 4 bicycles.",1
19650138,"The trip distance is 14.0 km. There are three travel modes for the traveler to choose from: 1. Public transport: travel time is 75 minutes, and the travel cost is 4.4 CHF. 2. Driving: travel time is 34 minutes, and the travel cost is 3.25 CHF. 3. Soft modes are free of charge. Traveler is 48 year old male who work full time and has 2 children. The household owns 2 cars, 0 motorcycle, 4 bicycles.",1
19650218,"The trip distance is 14.0 km. There are three travel modes for the traveler to choose from: 1. Public transport: travel time is 52 minutes, and the travel cost is 7.4 CHF. 2. Driving: travel time is 30 minutes, and the travel cost is 3.25 CHF. 3. Soft modes are free of charge. Traveler is 37 year old female who work full time and has no children. The household owns 2 cars, 1 motorcycle, 2 bicycles.",1
19650224,"The trip distance is 24.0 km. There are three travel modes for the traveler to choose from: 1. Public transport: travel time is 197 minutes, and the travel cost is 12.8 CHF. 2. Driving: travel time is 40 minutes, and the travel cost is 4.06 CHF. 3. Soft modes are free of charge. Traveler is 48 year old female who work full time and has no children. The household owns 1 car, 0 motorcycle, 1 bicycle.",1
19650224,"The trip distance is 24.0 km. There are three travel modes for the traveler to choose from: 1. Public transport: travel time is 182 minutes, and the travel cost is 16.8 CHF. 2. Driving: travel time is 40 minutes, and the travel cost is 4.06 CHF. 3. Soft modes are free of charge. Traveler is 48 year old female who work full time and has no children. The household owns 1 car, 0 motorcycle, 1 bicycle.",1
19650281,"The trip distance is 18.0 km. There are three travel modes for the traveler to choose from: 1. Public transport: travel time is 61 minutes, and the travel cost is 0.0 CHF. 2. Driving: travel time is 36 minutes, and the travel cost is 4.24 CHF. 3. Soft modes are free of charge. Traveler is 37 year old male who work full time and has 3 children. The household owns 1 car, 0 motorcycle, 5 bicycles.",0
19650295,"The trip distance is 64.0 km. There are three travel modes for the traveler to choose from: 1. Public transport: travel time is 137 minutes, and the travel cost is 14.0 CHF. 2. Driving: travel time is 64 minutes, and the travel cost is 9.19 CHF. 3. Soft modes are free of charge. Traveler is 55 year old male who work full time and has no children. The household owns 1 car, 1 motorcycle, 2 bicycles.",1
19650425,"The trip distance is 17.5 km. There are three travel modes for the traveler to choose from: 1. Public transport: travel time is 139 minutes, and the travel cost is 8.6 CHF. 2. Driving: travel time is 35 minutes, and the travel cost is 3.47 CHF. 3. Soft modes are free of charge. Traveler is 36 year old female who work part time and has no children. The household owns 1 car, 0 motorcycle, 0 bicycle.",1
19650447,"The trip distance is 4.0 km. There are three travel modes for the traveler to choose from: 1. Public transport: travel time is 22 minutes, and the travel cost is 3.4 CHF. 2. Driving: travel time is 11 minutes, and the travel cost is 1.07 CHF. 3. Soft modes are free of charge. Traveler is 37 year old female who work part time and has no children. The household owns 1 car, 0 motorcycle, 2 bicycles.",1
19650447,"The trip distance is 13.0 km. There are three travel modes for the traveler to choose from: 1. Public transport: travel time is 55 minutes, and the travel cost is 9.0 CHF. 2. Driving: travel time is 26 minutes, and the travel cost is 2.45 CHF. 3. Soft modes are free of charge. Traveler is 37 year old female who work part time and has no children. The household owns 1 car, 0 motorcycle, 2 bicycles.",1
19650448,"The trip distance is 10.0 km. There are three travel modes for the traveler to choose from: 1. Public transport: travel time is 45 minutes, and the travel cost is 7.4 CHF. 2. Driving: travel time is 23 minutes, and the travel cost is 2.32 CHF. 3. Soft modes are free of charge. Traveler is 37 year old female who work part time and has no children. The household owns 1 car, 0 motorcycle, 2 bicycles.",0
19650490,"The trip distance is 115.4 km. There are three travel modes for the traveler to choose from: 1. Public transport: travel time is 244 minutes, and the travel cost is 45.8 CHF. 2. Driving: travel time is 95 minutes, and the travel cost is 16.04 CHF. 3. Soft modes are free of charge. Traveler is 42 year old female who work part time and has 2 children. The household owns 3 cars, 0 motorcycle, 4 bicycles.",1
19650491,"The trip distance is 2.4 km. There are three travel modes for the traveler to choose from: 1. Public transport: travel time is 22 minutes, and the travel cost is 3.0 CHF. 2. Driving: travel time is 4 minutes, and the travel cost is 0.52 CHF. 3. Soft modes are free of charge. Traveler is 42 year old female who work part time and has 2 children. The household owns 3 cars, 0 motorcycle, 4 bicycles.",2
19650491,"The trip distance is 2.5 km. There are three travel modes for the traveler to choose from: 1. Public transport: travel time is 21 minutes, and the travel cost is 3.0 CHF. 2. Driving: travel time is 4 minutes, and the travel cost is 0.5 CHF. 3. Soft modes are free of charge. Traveler is 42 year old female who work part time and has 2 children. The household owns 3 cars, 0 motorcycle, 4 bicycles.",1
19650511,"The trip distance is 1.2 km. There are three travel modes for the traveler to choose from: 1. Public transport: travel time is 30 minutes, and the travel cost is 3.0 CHF. 2. Driving: travel time is 2 minutes, and the travel cost is 0.26 CHF. 3. Soft modes are free of charge. Traveler is 50 year old female who work part time and has 2 children. The household owns 3 cars, 1 motorcycle, 2 bicycles.",1
19650512,"The trip distance is 7.0 km. There are three travel modes for the traveler to choose from: 1. Public transport: travel time is 64 minutes, and the travel cost is 3.4 CHF. 2. Driving: travel time is 16 minutes, and the travel cost is 1.58 CHF. 3. Soft modes are free of charge. Traveler is 52 year old male who work full time and has 2 children. The household owns 3 cars, 1 motorcycle, 2 bicycles.",1
19650575,"The trip distance is 2.0 km. There are three travel modes for the traveler to choose from: 1. Public transport: travel time is 24 minutes, and the travel cost is 3.0 CHF. 2. Driving: travel time is 4 minutes, and the travel cost is 0.54 CHF. 3. Soft modes are free of charge. Traveler is 54 year old female who work full time and has no children. The household owns 1 car, 0 motorcycle, 0 bicycle.",1
19650575,"The trip distance is 17.5 km. There are three travel modes for the traveler to choose from: 1. Public transport: travel time is 111 minutes, and the travel cost is 4.8 CHF. 2. Driving: travel time is 31 minutes, and the travel cost is 3.17 CHF. 3. Soft modes are free of charge. Traveler is 54 year old female who work full time and has no children. The household owns 1 car, 0 motorcycle, 0 bicycle.",1
19650631,"The trip distance is 28.0 km. There are three travel modes for the traveler to choose from: 1. Public transport: travel time is 146 minutes, and the travel cost is 18.4 CHF. 2. Driving: travel time is 59 minutes, and the travel cost is 6.03 CHF. 3. Soft modes are free of charge. Traveler is 32 year old female who work part time and has no children. The household owns 2 cars, 3 motorcycles, 2 bicycles.",1
19650663,"The trip distance is 6.0 km. There are three travel modes for the traveler to choose from: 1. Public transport: travel time is 23 minutes, and the travel cost is 3.4 CHF. 2. Driving: travel time is 12 minutes, and the travel cost is 1.23 CHF. 3. Soft modes are free of charge. Traveler is 20 year old female who work full time and has no children. The household owns 2 cars, 0 motorcycle, 1 bicycle.",1
19650699,"The trip distance is 10.0 km. There are three travel modes for the traveler to choose from: 1. Public transport: travel time is 37 minutes, and the travel cost is 6.8 CHF. 2. Driving: travel time is 17 minutes, and the travel cost is 2.03 CHF. 3. Soft modes are free of charge. Traveler is 51 year old male who work full time and has 2 children. The household owns 2 cars, 0 motorcycle, 4 bicycles.",1
19650699,"The trip distance is 5.0 km. There are three travel modes for the traveler to choose from: 1. Public transport: travel time is 43 minutes, and the travel cost is 6.4 CHF. 2. Driving: travel time is 9 minutes, and the travel cost is 1.0 CHF. 3. Soft modes are free of charge. Traveler is 51 year old male who work full time and has 2 children. The household owns 2 cars, 0 motorcycle, 4 bicycles.",1
19650700,"The trip distance is 12.8 km. There are three travel modes for the traveler to choose from: 1. Public transport: travel time is 103 minutes, and the travel cost is 6.0 CHF. 2. Driving: travel time is 28 minutes, and the travel cost is 2.92 CHF. 3. Soft modes are free of charge. Traveler is 51 year old male who work full time and has 2 children. The household owns 2 cars, 0 motorcycle, 4 bicycles.",1
19730033,"The trip distance is 46.0 km. There are three travel modes for the traveler to choose from: 1. Public transport: travel time is 203 minutes, and the travel cost is 23.25 CHF. 2. Driving: travel time is 57 minutes, and the travel cost is 6.94 CHF. 3. Soft modes are free of charge. Traveler is 37 year old female who work part time and has 2 children. The household owns 2 cars, 1 motorcycle, 4 bicycles.",1
19730034,"The trip distance is 77.0 km. There are three travel modes for the traveler to choose from: 1. Public transport: travel time is 303 minutes, and the travel cost is 44.6 CHF. 2. Driving: travel time is 96 minutes, and the travel cost is 11.82 CHF. 3. Soft modes are free of charge. Traveler is 37 year old female who work part time and has 2 children. The household owns 2 cars, 1 motorcycle, 4 bicycles.",1
19730078,"The trip distance is 30.9 km. There are three travel modes for the traveler to choose from: 1. Public transport: travel time is 150 minutes, and the travel cost is 8.4 CHF. 2. Driving: travel time is 53 minutes, and the travel cost is 5.32 CHF. 3. Soft modes are free of charge. Traveler is 46 year old female who work part time and has no children. The household owns 1 car, 0 motorcycle, 3 bicycles.",1
19730092,"The trip distance is 31.0 km. There are three travel modes for the traveler to choose from: 1. Public transport: travel time is 138 minutes, and the travel cost is 20.0 CHF. 2. Driving: travel time is 53 minutes, and the travel cost is 5.23 CHF. 3. Soft modes are free of charge. Traveler is 60 year old female who work full time and has no children. The household owns 1 car, 0 motorcycle, 1 bicycle.",1
19730119,"The trip distance is 15.0 km. There are three travel modes for the traveler to choose from: 1. Public transport: travel time is 51 minutes, and the travel cost is 4.8 CHF. 2. Driving: travel time is 24 minutes, and the travel cost is 2.35 CHF. 3. Soft modes are free of charge. Traveler is 28 year old female who work part time and has no children. The household owns 2 cars, 1 motorcycle, 2 bicycles.",1
19730126,"The trip distance is 30.0 km. There are three travel modes for the traveler to choose from: 1. Public transport: travel time is 98 minutes, and the travel cost is 0.0 CHF. 2. Driving: travel time is 48 minutes, and the travel cost is 4.74 CHF. 3. Soft modes are free of charge. Traveler is 28 year old female who work part time and has no children. The household owns 1 car, 0 motorcycle, 0 bicycle.",0
20860315,"The trip distance is 5.5 km. There are three travel modes for the traveler to choose from: 1. Public transport: travel time is 35 minutes, and the travel cost is 3.8 CHF. 2. Driving: travel time is 9 minutes, and the travel cost is 0.95 CHF. 3. Soft modes are free of charge. Traveler is 42 year old female who work part time and has 2 children. The household owns 2 cars, 0 motorcycle, 5 bicycles.",1
20860315,"The trip distance is 7.0 km. There are three travel modes for the traveler to choose from: 1. Public transport: travel time is 15 minutes, and the travel cost is 0.0 CHF. 2. Driving: travel time is 10 minutes, and the travel cost is 1.23 CHF. 3. Soft modes are free of charge. Traveler is 42 year old female who work part time and has 2 children. The household owns 2 cars, 0 motorcycle, 5 bicycles.",1
28000144,"The trip distance is 3.5 km. There are three travel modes for the traveler to choose from: 1. Public transport: travel time is 33 minutes, and the travel cost is 4.4 CHF. 2. Driving: travel time is 8 minutes, and the travel cost is 1.02 CHF. 3. Soft modes are free of charge. Traveler is 63 year old male who work part time and has no children. The household owns 2 cars, 0 motorcycle, 1 bicycle.",1
28000144,"The trip distance is 2.5 km. There are three travel modes for the traveler to choose from: 1. Public transport: travel time is 40 minutes, and the travel cost is 4.4 CHF. 2. Driving: travel time is 6 minutes, and the travel cost is 0.73 CHF. 3. Soft modes are free of charge. Traveler is 63 year old male who work part time and has no children. The household owns 2 cars, 0 motorcycle, 1 bicycle.",2
28000244,"The trip distance is 121.0 km. There are three travel modes for the traveler to choose from: 1. Public transport: travel time is 95 minutes, and the travel cost is 12.1 CHF. 2. Driving: travel time is 130 minutes, and the travel cost is 16.29 CHF. 3. Soft modes are free of charge. Traveler is 38 year old male who work full time and has 3 children. The household owns 1 car, 0 motorcycle, 4 bicycles.",0
28000306,"The trip distance is 13.5 km. There are three travel modes for the traveler to choose from: 1. Public transport: travel time is 61 minutes, and the travel cost is 4.1 CHF. 2. Driving: travel time is 17 minutes, and the travel cost is 1.95 CHF. 3. Soft modes are free of charge. Traveler is 29 year old female who work part time and has no children. The household owns 1 car, 0 motorcycle, 2 bicycles.",0
28000363,"The trip distance is 1.9 km. There are three travel modes for the traveler to choose from: 1. Public transport: travel time is 20 minutes, and the travel cost is 0.0 CHF. 2. Driving: travel time is 5 minutes, and the travel cost is 0.52 CHF. 3. Soft modes are free of charge. Traveler is 48 year old male who work full time and has no children. The household owns 2 cars, 1 motorcycle, 5 bicycles.",1
28000450,"The trip distance is 1.1 km. There are three travel modes for the traveler to choose from: 1. Public transport: travel time is 23 minutes, and the travel cost is 2.2 CHF. 2. Driving: travel time is 2 minutes, and the travel cost is 0.27 CHF. 3. Soft modes are free of charge. Traveler is 46 year old female who work part time and has no children. The household owns 2 cars, 0 motorcycle, 4 bicycles.",1
28000460,"The trip distance is 180.5 km. There are three travel modes for the traveler to choose from: 1. Public transport: travel time is 219 minutes, and the travel cost is 0.0 CHF. 2. Driving: travel time is 177 minutes, and the travel cost is 24.26 CHF. 3. Soft modes are free of charge. Traveler is 37 year old female who work part time and has no children. The household owns 1 car, 0 motorcycle, 0 bicycle.",0
28000532,"The trip distance is 122.0 km. There are three travel modes for the traveler to choose from: 1. Public transport: travel time is 135 minutes, and the travel cost is 0.0 CHF. 2. Driving: travel time is 108 minutes, and the travel cost is 16.16 CHF. 3. Soft modes are free of charge. Traveler is 30 year old female who work full time and has no children. The household owns 1 car, 0 motorcycle, 2 bicycles.",0
28000700,"The trip distance is 2.9 km. There are three travel modes for the traveler to choose from: 1. Public transport: travel time is 50 minutes, and the travel cost is 2.2 CHF. 2. Driving: travel time is 6 minutes, and the travel cost is 0.66 CHF. 3. Soft modes are free of charge. Traveler is 42 year old female who work part time and has 3 children. The household owns 1 car, 0 motorcycle, 6 bicycles.",1
28000700,"The trip distance is 1.9 km. There are three travel modes for the traveler to choose from: 1. Public transport: travel time is 18 minutes, and the travel cost is 2.2 CHF. 2. Driving: travel time is 4 minutes, and the travel cost is 0.49 CHF. 3. Soft modes are free of charge. Traveler is 42 year old female who work part time and has 3 children. The household owns 1 car, 0 motorcycle, 6 bicycles.",2
28000701,"The trip distance is 7.0 km. There are three travel modes for the traveler to choose from: 1. Public transport: travel time is 69 minutes, and the travel cost is 3.0 CHF. 2. Driving: travel time is 14 minutes, and the travel cost is 1.63 CHF. 3. Soft modes are free of charge. Traveler is 45 year old male who work part time and has 3 children. The household owns 1 car, 0 motorcycle, 6 bicycles.",1
28000701,"The trip distance is 6.0 km. There are three travel modes for the traveler to choose from: 1. Public transport: travel time is 58 minutes, and the travel cost is 2.6 CHF. 2. Driving: travel time is 14 minutes, and the travel cost is 1.62 CHF. 3. Soft modes are free of charge. Traveler is 45 year old male who work part time and has 3 children. The household owns 1 car, 0 motorcycle, 6 bicycles.",1
28240008,"The trip distance is 14.3 km. There are three travel modes for the traveler to choose from: 1. Public transport: travel time is 68 minutes, and the travel cost is 4.0 CHF. 2. Driving: travel time is 21 minutes, and the travel cost is 1.99 CHF. 3. Soft modes are free of charge. Traveler is 68 year old male who work part time and has no children. The household owns 1 car, 0 motorcycle, 0 bicycle.",1
28240009,"The trip distance is 30.0 km. There are three travel modes for the traveler to choose from: 1. Public transport: travel time is 165 minutes, and the travel cost is 7.5 CHF. 2. Driving: travel time is 38 minutes, and the travel cost is 4.4 CHF. 3. Soft modes are free of charge. Traveler is 66 year old female who work part time and has no children. The household owns 1 car, 0 motorcycle, 0 bicycle.",1
28240046,"The trip distance is 2.2 km. There are three travel modes for the traveler to choose from: 1. Public transport: travel time is 27 minutes, and the travel cost is 0.0 CHF. 2. Driving: travel time is 4 minutes, and the travel cost is 0.37 CHF. 3. Soft modes are free of charge. Traveler is 63 year old male who work full time and has no children. The household owns 1 car, 0 motorcycle, 0 bicycle.",1
28240046,"The trip distance is 12.0 km. There are three travel modes for the traveler to choose from: 1. Public transport: travel time is 111 minutes, and the travel cost is 9.0 CHF. 2. Driving: travel time is 24 minutes, and the travel cost is 2.01 CHF. 3. Soft modes are free of charge. Traveler is 63 year old male who work full time and has no children. The household owns 1 car, 0 motorcycle, 0 bicycle.",1
28240110,"The trip distance is 23.6 km. There are three travel modes for the traveler to choose from: 1. Public transport: travel time is 105 minutes, and the travel cost is 16.6 CHF. 2. Driving: travel time is 37 minutes, and the travel cost is 3.58 CHF. 3. Soft modes are free of charge. Traveler is 36 year old male who work full time and has 2 children. The household owns 2 cars, 1 motorcycle, 4 bicycles.",1
28240110,"The trip distance is 12.6 km. There are three travel modes for the traveler to choose from: 1. Public transport: travel time is 39 minutes, and the travel cost is 6.2 CHF. 2. Driving: travel time is 21 minutes, and the travel cost is 1.99 CHF. 3. Soft modes are free of charge. Traveler is 36 year old male who work full time and has 2 children. The household owns 2 cars, 1 motorcycle, 4 bicycles.",1
28240111,"The trip distance is 2.4 km. There are three travel modes for the traveler to choose from: 1. Public transport: travel time is 29 minutes, and the travel cost is 6.0 CHF. 2. Driving: travel time is 8 minutes, and the travel cost is 0.37 CHF. 3. Soft modes are free of charge. Traveler is 31 year old female who work full time and has 2 children. The household owns 2 cars, 1 motorcycle, 4 bicycles.",1
28240111,"The trip distance is 5.2 km. There are three travel modes for the traveler to choose from: 1. Public transport: travel time is 70 minutes, and the travel cost is 14.0 CHF. 2. Driving: travel time is 9 minutes, and the travel cost is 0.82 CHF. 3. Soft modes are free of charge. Traveler is 31 year old female who work full time and has 2 children. The household owns 2 cars, 1 motorcycle, 4 bicycles.",1
28240179,"The trip distance is 101.0 km. There are three travel modes for the traveler to choose from: 1. Public transport: travel time is 168 minutes, and the travel cost is 18.5 CHF. 2. Driving: travel time is 114 minutes, and the travel cost is 13.54 CHF. 3. Soft modes are free of charge. Traveler is 51 year old male who work full time and has no children. The household owns 3 cars, 0 motorcycle, 4 bicycles.",0
28240202,"The trip distance is 150.0 km. There are three travel modes for the traveler to choose from: 1. Public transport: travel time is 215 minutes, and the travel cost is 0.0 CHF. 2. Driving: travel time is 163 minutes, and the travel cost is 20.71 CHF. 3. Soft modes are free of charge. Traveler is 39 year old male who work full time and has 2 children. The household owns 1 car, 0 motorcycle, 4 bicycles.",0
28240264,"The trip distance is 69.0 km. There are three travel modes for the traveler to choose from: 1. Public transport: travel time is 140 minutes, and the travel cost is 0.0 CHF. 2. Driving: travel time is 56 minutes, and the travel cost is 10.02 CHF. 3. Soft modes are free of charge. Traveler is 19 year old male who work part time and has no children. The household owns 1 car, 1 motorcycle, 5 bicycles.",0
28240270,"The trip distance is 235.0 km. There are three travel modes for the traveler to choose from: 1. Public transport: travel time is 280 minutes, and the travel cost is 0.0 CHF. 2. Driving: travel time is 199 minutes, and the travel cost is 33.47 CHF. 3. Soft modes are free of charge. Traveler is 24 year old male who work part time and has no children. The household owns 2 cars, 1 motorcycle, 6 bicycles.",0
28240302,"The trip distance is 43.5 km. There are three travel modes for the traveler to choose from: 1. Public transport: travel time is 211 minutes, and the travel cost is 26.6 CHF. 2. Driving: travel time is 54 minutes, and the travel cost is 6.2 CHF. 3. Soft modes are free of charge. Traveler is 69 year old male who work part time and has no children. The household owns 1 car, 0 motorcycle, 1 bicycle.",1
28240303,"The trip distance is 43.5 km. There are three travel modes for the traveler to choose from: 1. Public transport: travel time is 211 minutes, and the travel cost is 26.6 CHF. 2. Driving: travel time is 54 minutes, and the travel cost is 6.2 CHF. 3. Soft modes are free of charge. Traveler is 67 year old female who work part time and has no children. The household owns 1 car, 0 motorcycle, 0 bicycle.",1
28240354,"The trip distance is 6.0 km. There are three travel modes for the traveler to choose from: 1. Public transport: travel time is 27 minutes, and the travel cost is 4.0 CHF. 2. Driving: travel time is 10 minutes, and the travel cost is 1.09 CHF. 3. Soft modes are free of charge. Traveler is 46 year old female who work part time and has no children. The household owns 3 cars, 1 motorcycle, 4 bicycles.",1
28240378,"The trip distance is 0.5 km. There are three travel modes for the traveler to choose from: 1. Public transport: travel time is 18 minutes, and the travel cost is 3.0 CHF. 2. Driving: travel time is 1 minutes, and the travel cost is 0.09 CHF. 3. Soft modes are free of charge. Traveler is 47 year old female who work part time and has no children. The household owns 2 cars, 0 motorcycle, 2 bicycles.",1
28240378,"The trip distance is 6.7 km. There are three travel modes for the traveler to choose from: 1. Public transport: travel time is 33 minutes, and the travel cost is 4.0 CHF. 2. Driving: travel time is 11 minutes, and the travel cost is 1.0 CHF. 3. Soft modes are free of charge. Traveler is 47 year old female who work part time and has no children. The household owns 2 cars, 0 motorcycle, 2 bicycles.",1
28240378,"The trip distance is 40.0 km. There are three travel modes for the traveler to choose from: 1. Public transport: travel time is 124 minutes, and the travel cost is 22.8 CHF. 2. Driving: travel time is 36 minutes, and the travel cost is 6.06 CHF. 3. Soft modes are free of charge. Traveler is 47 year old female who work part time and has no children. The household owns 2 cars, 0 motorcycle, 2 bicycles.",1
28240382,"The trip distance is 6.5 km. There are three travel modes for the traveler to choose from: 1. Public transport: travel time is 30 minutes, and the travel cost is 2.2 CHF. 2. Driving: travel time is 10 minutes, and the travel cost is 1.02 CHF. 3. Soft modes are free of charge. Traveler is 19 year old male who work part time and has 2 children. The household owns 2 cars, 0 motorcycle, 4 bicycles.",0
28240515,"The trip distance is 49.0 km. There are three travel modes for the traveler to choose from: 1. Public transport: travel time is 138 minutes, and the travel cost is 25.0 CHF. 2. Driving: travel time is 40 minutes, and the travel cost is 7.24 CHF. 3. Soft modes are free of charge. Traveler is 30 year old female who work part time and has 2 children. The household owns 2 cars, 1 motorcycle, 6 bicycles.",1
28240523,"The trip distance is 9.1 km. There are three travel modes for the traveler to choose from: 1. Public transport: travel time is 46 minutes, and the travel cost is 3.1 CHF. 2. Driving: travel time is 16 minutes, and the travel cost is 1.48 CHF. 3. Soft modes are free of charge. Traveler is 41 year old male who work full time and has 2 children. The household owns 2 cars, 0 motorcycle, 6 bicycles.",1
28240632,"The trip distance is 28.2 km. There are three travel modes for the traveler to choose from: 1. Public transport: travel time is 117 minutes, and the travel cost is 7.2 CHF. 2. Driving: travel time is 35 minutes, and the travel cost is 4.31 CHF. 3. Soft modes are free of charge. Traveler is 35 year old female who work part time and has 2 children. The household owns 1 car, 0 motorcycle, 6 bicycles.",1
28240692,"The trip distance is 7.6 km. There are three travel modes for the traveler to choose from: 1. Public transport: travel time is 39 minutes, and the travel cost is 3.4 CHF. 2. Driving: travel time is 11 minutes, and the travel cost is 1.12 CHF. 3. Soft modes are free of charge. Traveler is 41 year old female who work part time and has 2 children. The household owns 2 cars, 1 motorcycle, 4 bicycles.",1
28240755,"The trip distance is 32.8 km. There are three travel modes for the traveler to choose from: 1. Public transport: travel time is 160 minutes, and the travel cost is 21.8 CHF. 2. Driving: travel time is 40 minutes, and the travel cost is 4.86 CHF. 3. Soft modes are free of charge. Traveler is 31 year old male who work full time and has no children. The household owns 2 cars, 0 motorcycle, 2 bicycles.",1
28240755,"The trip distance is 85.0 km. There are three travel modes for the traveler to choose from: 1. Public transport: travel time is 168 minutes, and the travel cost is 38.8 CHF. 2. Driving: travel time is 72 minutes, and the travel cost is 11.16 CHF. 3. Soft modes are free of charge. Traveler is 31 year old male who work full time and has no children. The household owns 2 cars, 0 motorcycle, 2 bicycles.",1
28240756,"The trip distance is 8.5 km. There are three travel modes for the traveler to choose from: 1. Public transport: travel time is 237 minutes, and the travel cost is 81.4 CHF. 2. Driving: travel time is 13 minutes, and the travel cost is 1.35 CHF. 3. Soft modes are free of charge. Traveler is 30 year old female who work full time and has no children. The household owns 2 cars, 0 motorcycle, 2 bicycles.",1
28240762,"The trip distance is 19.2 km. There are three travel modes for the traveler to choose from: 1. Public transport: travel time is 106 minutes, and the travel cost is 10.8 CHF. 2. Driving: travel time is 25 minutes, and the travel cost is 2.85 CHF. 3. Soft modes are free of charge. Traveler is 25 year old female who work part time and has no children. The household owns 2 cars, 0 motorcycle, 2 bicycles.",1
28240762,"The trip distance is 15.3 km. There are three travel modes for the traveler to choose from: 1. Public transport: travel time is 76 minutes, and the travel cost is 6.2 CHF. 2. Driving: travel time is 23 minutes, and the travel cost is 2.31 CHF. 3. Soft modes are free of charge. Traveler is 25 year old female who work part time and has no children. The household owns 2 cars, 0 motorcycle, 2 bicycles.",1
28240797,"The trip distance is 189.2 km. There are three travel modes for the traveler to choose from: 1. Public transport: travel time is 281 minutes, and the travel cost is 0.0 CHF. 2. Driving: travel time is 194 minutes, and the travel cost is 25.67 CHF. 3. Soft modes are free of charge. Traveler is 39 year old male who work full time and has 2 children. The household owns 1 car, 1 motorcycle, 2 bicycles.",0
28240798,"The trip distance is 189.2 km. There are three travel modes for the traveler to choose from: 1. Public transport: travel time is 281 minutes, and the travel cost is 0.0 CHF. 2. Driving: travel time is 194 minutes, and the travel cost is 25.67 CHF. 3. Soft modes are free of charge. Traveler is 39 year old male who work full time and has 2 children. The household owns 1 car, 1 motorcycle, 2 bicycles.",0
28240830,"The trip distance is 45.0 km. There are three travel modes for the traveler to choose from: 1. Public transport: travel time is 95 minutes, and the travel cost is 24.4 CHF. 2. Driving: travel time is 52 minutes, and the travel cost is 6.03 CHF. 3. Soft modes are free of charge. Traveler is 45 year old female who work part time and has no children. The household owns 2 cars, 1 motorcycle, 1 bicycle.",1
28240965,"The trip distance is 16.1 km. There are three travel modes for the traveler to choose from: 1. Public transport: travel time is 57 minutes, and the travel cost is 0.0 CHF. 2. Driving: travel time is 23 minutes, and the travel cost is 2.51 CHF. 3. Soft modes are free of charge. Traveler is 47 year old male who work full time and has no children. The household owns 1 car, 0 motorcycle, 3 bicycles.",0
28240993,"The trip distance is 10.0 km. There are three travel modes for the traveler to choose from: 1. Public transport: travel time is 82 minutes, and the travel cost is 11.0 CHF. 2. Driving: travel time is 14 minutes, and the travel cost is 1.39 CHF. 3. Soft modes are free of charge. Traveler is 61 year old male who work full time and has no children. The household owns 1 car, 0 motorcycle, 1 bicycle.",1
28240993,"The trip distance is 12.1 km. There are three travel modes for the traveler to choose from: 1. Public transport: travel time is 44 minutes, and the travel cost is 6.2 CHF. 2. Driving: travel time is 18 minutes, and the travel cost is 1.83 CHF. 3. Soft modes are free of charge. Traveler is 61 year old male who work full time and has no children. The household owns 1 car, 0 motorcycle, 1 bicycle.",1
28241047,"The trip distance is 18.0 km. There are three travel modes for the traveler to choose from: 1. Public transport: travel time is 210 minutes, and the travel cost is 47.6 CHF. 2. Driving: travel time is 19 minutes, and the travel cost is 2.74 CHF. 3. Soft modes are free of charge. Traveler is 64 year old male who work full time and has no children. The household owns 1 car, 0 motorcycle, 3 bicycles.",1
28241132,"The trip distance is 11.9 km. There are three travel modes for the traveler to choose from: 1. Public transport: travel time is 58 minutes, and the travel cost is 8.0 CHF. 2. Driving: travel time is 19 minutes, and the travel cost is 1.83 CHF. 3. Soft modes are free of charge. Traveler is 51 year old female who work part time and has no children. The household owns 2 cars, 1 motorcycle, 2 bicycles.",1
28241260,"The trip distance is 69.0 km. There are three travel modes for the traveler to choose from: 1. Public transport: travel time is 144 minutes, and the travel cost is 14.2 CHF. 2. Driving: travel time is 57 minutes, and the travel cost is 10.09 CHF. 3. Soft modes are free of charge. Traveler is 19 year old male who work part time and has no children. The household owns 2 cars, 0 motorcycle, 2 bicycles.",0
28420015,"The trip distance is 6.0 km. There are three travel modes for the traveler to choose from: 1. Public transport: travel time is 62 minutes, and the travel cost is 2.8 CHF. 2. Driving: travel time is 10 minutes, and the travel cost is 1.2 CHF. 3. Soft modes are free of charge. Traveler is 73 year old male who work part time and has no children. The household owns 1 car, 0 motorcycle, 1 bicycle.",1
28420051,"The trip distance is 5.0 km. There are three travel modes for the traveler to choose from: 1. Public transport: travel time is 61 minutes, and the travel cost is 3.2 CHF. 2. Driving: travel time is 8 minutes, and the travel cost is 0.87 CHF. 3. Soft modes are free of charge. Traveler is 51 year old female who work part time and has no children. The household owns 1 car, 0 motorcycle, 5 bicycles.",1
28420056,"The trip distance is 164.0 km. There are three travel modes for the traveler to choose from: 1. Public transport: travel time is 241 minutes, and the travel cost is 29.7 CHF. 2. Driving: travel time is 169 minutes, and the travel cost is 21.88 CHF. 3. Soft modes are free of charge. Traveler is 37 year old female who work part time and has 2 children. The household owns 1 car, 1 motorcycle, 4 bicycles.",1
28420152,"The trip distance is 4.0 km. There are three travel modes for the traveler to choose from: 1. Public transport: travel time is 46 minutes, and the travel cost is 5.6 CHF. 2. Driving: travel time is 6 minutes, and the travel cost is 0.73 CHF. 3. Soft modes are free of charge. Traveler is 63 year old male who work part time and has no children. The household owns 1 car, 0 motorcycle, 4 bicycles.",1
28420168,"The trip distance is 180.0 km. There are three travel modes for the traveler to choose from: 1. Public transport: travel time is 189 minutes, and the travel cost is 32.0 CHF. 2. Driving: travel time is 178 minutes, and the travel cost is 24.26 CHF. 3. Soft modes are free of charge. Traveler is 47 year old male who work full time and has 2 children. The household owns 2 cars, 0 motorcycle, 4 bicycles.",0
28420168,"The trip distance is 6.5 km. There are three travel modes for the traveler to choose from: 1. Public transport: travel time is 82 minutes, and the travel cost is 2.2 CHF. 2. Driving: travel time is 13 minutes, and the travel cost is 1.32 CHF. 3. Soft modes are free of charge. Traveler is 47 year old male who work full time and has 2 children. The household owns 2 cars, 0 motorcycle, 4 bicycles.",1
28420278,"The trip distance is 3.0 km. There are three travel modes for the traveler to choose from: 1. Public transport: travel time is 29 minutes, and the travel cost is 3.0 CHF. 2. Driving: travel time is 6 minutes, and the travel cost is 0.64 CHF. 3. Soft modes are free of charge. Traveler is 48 year old female who work part time and has no children. The household owns 2 cars, 0 motorcycle, 1 bicycle.",1
28420278,"The trip distance is 3.0 km. There are three travel modes for the traveler to choose from: 1. Public transport: travel time is 40 minutes, and the travel cost is 3.4 CHF. 2. Driving: travel time is 6 minutes, and the travel cost is 0.62 CHF. 3. Soft modes are free of charge. Traveler is 48 year old female who work part time and has no children. The household owns 2 cars, 0 motorcycle, 1 bicycle.",1
28420388,"The trip distance is 116.0 km. There are three travel modes for the traveler to choose from: 1. Public transport: travel time is 109 minutes, and the travel cost is 0.0 CHF. 2. Driving: travel time is 129 minutes, and the travel cost is 15.76 CHF. 3. Soft modes are free of charge. Traveler is 45 year old male who work full time and has 3 children. The household owns 1 car, 1 motorcycle, 5 bicycles.",0
28630101,"The trip distance is 32.5 km. There are three travel modes for the traveler to choose from: 1. Public transport: travel time is 127 minutes, and the travel cost is 19.2 CHF. 2. Driving: travel time is 37 minutes, and the travel cost is 5.33 CHF. 3. Soft modes are free of charge. Traveler is 67 year old female who work part time and has no children. The household owns 1 car, 0 motorcycle, 1 bicycle.",1
28630101,"The trip distance is 15.0 km. There are three travel modes for the traveler to choose from: 1. Public transport: travel time is 159 minutes, and the travel cost is 25.0 CHF. 2. Driving: travel time is 21 minutes, and the travel cost is 2.15 CHF. 3. Soft modes are free of charge. Traveler is 67 year old female who work part time and has no children. The household owns 1 car, 0 motorcycle, 1 bicycle.",1
28640112,"The trip distance is 50.5 km. There are three travel modes for the traveler to choose from: 1. Public transport: travel time is 135 minutes, and the travel cost is 26.4 CHF. 2. Driving: travel time is 52 minutes, and the travel cost is 7.28 CHF. 3. Soft modes are free of charge. Traveler is 46 year old female who work part time and has no children. The household owns 1 car, 0 motorcycle, 1 bicycle.",1
28640121,"The trip distance is 0.6 km. There are three travel modes for the traveler to choose from: 1. Public transport: travel time is 22 minutes, and the travel cost is 0.0 CHF. 2. Driving: travel time is 0 minutes, and the travel cost is 0.11 CHF. 3. Soft modes are free of charge. Traveler is 38 year old female who work part time and has 2 children. The household owns 2 cars, 1 motorcycle, 4 bicycles.",1
28640121,"The trip distance is 6.0 km. There are three travel modes for the traveler to choose from: 1. Public transport: travel time is 74 minutes, and the travel cost is 6.0 CHF. 2. Driving: travel time is 8 minutes, and the travel cost is 0.97 CHF. 3. Soft modes are free of charge. Traveler is 38 year old female who work part time and has 2 children. The household owns 2 cars, 1 motorcycle, 4 bicycles.",1
28640121,"The trip distance is 18.0 km. There are three travel modes for the traveler to choose from: 1. Public transport: travel time is 43 minutes, and the travel cost is 12.4 CHF. 2. Driving: travel time is 24 minutes, and the travel cost is 2.75 CHF. 3. Soft modes are free of charge. Traveler is 38 year old female who work part time and has 2 children. The household owns 2 cars, 1 motorcycle, 4 bicycles.",1
28640122,"The trip distance is 39.0 km. There are three travel modes for the traveler to choose from: 1. Public transport: travel time is 106 minutes, and the travel cost is 26.4 CHF. 2. Driving: travel time is 42 minutes, and the travel cost is 5.6 CHF. 3. Soft modes are free of charge. Traveler is 38 year old female who work part time and has 2 children. The household owns 2 cars, 1 motorcycle, 4 bicycles.",1
28640122,"The trip distance is 26.0 km. There are three travel modes for the traveler to choose from: 1. Public transport: travel time is 82 minutes, and the travel cost is 18.4 CHF. 2. Driving: travel time is 38 minutes, and the travel cost is 4.1 CHF. 3. Soft modes are free of charge. Traveler is 38 year old female who work part time and has 2 children. The household owns 2 cars, 1 motorcycle, 4 bicycles.",1
28640182,"The trip distance is 57.5 km. There are three travel modes for the traveler to choose from: 1. Public transport: travel time is 121 minutes, and the travel cost is 37.2 CHF. 2. Driving: travel time is 79 minutes, and the travel cost is 8.98 CHF. 3. Soft modes are free of charge. Traveler is 57 year old male who work full time and has no children. The household owns 1 car, 0 motorcycle, 1 bicycle.",0
30330035,"The trip distance is 26.0 km. There are three travel modes for the traveler to choose from: 1. Public transport: travel time is 93 minutes, and the travel cost is 0.0 CHF. 2. Driving: travel time is 32 minutes, and the travel cost is 4.14 CHF. 3. Soft modes are free of charge. Traveler is 53 year old male who work full time and has no children. The household owns 1 car, 0 motorcycle, 2 bicycles.",0
30330069,"The trip distance is 21.0 km. There are three travel modes for the traveler to choose from: 1. Public transport: travel time is 78 minutes, and the travel cost is 3.8 CHF. 2. Driving: travel time is 33 minutes, and the travel cost is 3.64 CHF. 3. Soft modes are free of charge. Traveler is 67 year old male who work part time and has no children. The household owns 1 car, 0 motorcycle, 1 bicycle.",0
30330106,"The trip distance is 22.0 km. There are three travel modes for the traveler to choose from: 1. Public transport: travel time is 86 minutes, and the travel cost is 3.8 CHF. 2. Driving: travel time is 28 minutes, and the travel cost is 3.38 CHF. 3. Soft modes are free of charge. Traveler is 65 year old male who work part time and has no children. The household owns 1 car, 0 motorcycle, 1 bicycle.",0
30330149,"The trip distance is 22.0 km. There are three travel modes for the traveler to choose from: 1. Public transport: travel time is 75 minutes, and the travel cost is 3.8 CHF. 2. Driving: travel time is 30 minutes, and the travel cost is 3.55 CHF. 3. Soft modes are free of charge. Traveler is 64 year old female who work part time and has no children. The household owns 2 cars, 0 motorcycle, 2 bicycles.",0
30330171,"The trip distance is 17.7 km. There are three travel modes for the traveler to choose from: 1. Public transport: travel time is 78 minutes, and the travel cost is 0.0 CHF. 2. Driving: travel time is 28 minutes, and the travel cost is 3.44 CHF. 3. Soft modes are free of charge. Traveler is 66 year old female who work part time and has no children. The household owns 2 cars, 0 motorcycle, 4 bicycles.",0
30330179,"The trip distance is 9.5 km. There are three travel modes for the traveler to choose from: 1. Public transport: travel time is 50 minutes, and the travel cost is 2.2 CHF. 2. Driving: travel time is 10 minutes, and the travel cost is 1.39 CHF. 3. Soft modes are free of charge. Traveler is 70 year old male who work part time and has no children. The household owns 2 cars, 0 motorcycle, 1 bicycle.",1
30330231,"The trip distance is 29.0 km. There are three travel modes for the traveler to choose from: 1. Public transport: travel time is 90 minutes, and the travel cost is 0.0 CHF. 2. Driving: travel time is 38 minutes, and the travel cost is 4.79 CHF. 3. Soft modes are free of charge. Traveler is 72 year old male who work part time and has no children. The household owns 1 car, 0 motorcycle, 0 bicycle.",0
30330231,"The trip distance is 302.0 km. There are three travel modes for the traveler to choose from: 1. Public transport: travel time is 303 minutes, and the travel cost is 0.0 CHF. 2. Driving: travel time is 199 minutes, and the travel cost is 52.28 CHF. 3. Soft modes are free of charge. Traveler is 72 year old male who work part time and has no children. The household owns 1 car, 0 motorcycle, 0 bicycle.",0
30330237,"The trip distance is 20.5 km. There are three travel modes for the traveler to choose from: 1. Public transport: travel time is 62 minutes, and the travel cost is 3.8 CHF. 2. Driving: travel time is 29 minutes, and the travel cost is 3.17 CHF. 3. Soft modes are free of charge. Traveler is 63 year old male who work part time and has no children. The household owns 2 cars, 0 motorcycle, 1 bicycle.",0
30330327,"The trip distance is 25.0 km. There are three travel modes for the traveler to choose from: 1. Public transport: travel time is 60 minutes, and the travel cost is 2.2 CHF. 2. Driving: travel time is 21 minutes, and the travel cost is 3.53 CHF. 3. Soft modes are free of charge. Traveler is 41 year old female who work part time and has 3 children. The household owns 1 car, 0 motorcycle, 5 bicycles.",1
30330355,"The trip distance is 18.5 km. There are three travel modes for the traveler to choose from: 1. Public transport: travel time is 113 minutes, and the travel cost is 3.8 CHF. 2. Driving: travel time is 27 minutes, and the travel cost is 2.94 CHF. 3. Soft modes are free of charge. Traveler is 33 year old male who work full time and has no children. The household owns 2 cars, 0 motorcycle, 2 bicycles.",1
30330364,"The trip distance is 25.0 km. There are three travel modes for the traveler to choose from: 1. Public transport: travel time is 142 minutes, and the travel cost is 3.8 CHF. 2. Driving: travel time is 38 minutes, and the travel cost is 3.98 CHF. 3. Soft modes are free of charge. Traveler is 73 year old male who work full time and has no children. The household owns 1 car, 0 motorcycle, 2 bicycles.",1
30330370,"The trip distance is 22.0 km. There are three travel modes for the traveler to choose from: 1. Public transport: travel time is 73 minutes, and the travel cost is 3.8 CHF. 2. Driving: travel time is 34 minutes, and the travel cost is 3.61 CHF. 3. Soft modes are free of charge. Traveler is 44 year old female who work part time and has 2 children. The household owns 1 car, 0 motorcycle, 5 bicycles.",1
30330373,"The trip distance is 4.5 km. There are three travel modes for the traveler to choose from: 1. Public transport: travel time is 50 minutes, and the travel cost is 2.2 CHF. 2. Driving: travel time is 8 minutes, and the travel cost is 0.83 CHF. 3. Soft modes are free of charge. Traveler is 58 year old female who work part time and has no children. The household owns 4 cars, 1 motorcycle, 4 bicycles.",1
30330409,"The trip distance is 16.5 km. There are three travel modes for the traveler to choose from: 1. Public transport: travel time is 87 minutes, and the travel cost is 3.8 CHF. 2. Driving: travel time is 26 minutes, and the travel cost is 2.72 CHF. 3. Soft modes are free of charge. Traveler is 43 year old female who work full time and has no children. The household owns 1 car, 0 motorcycle, 2 bicycles.",0
30330485,"The trip distance is 11.0 km. There are three travel modes for the traveler to choose from: 1. Public transport: travel time is 73 minutes, and the travel cost is 5.7 CHF. 2. Driving: travel time is 12 minutes, and the travel cost is 1.62 CHF. 3. Soft modes are free of charge. Traveler is 36 year old male who work part time and has no children. The household owns 2 cars, 0 motorcycle, 3 bicycles.",1
30330486,"The trip distance is 46.5 km. There are three travel modes for the traveler to choose from: 1. Public transport: travel time is 200 minutes, and the travel cost is 8.6 CHF. 2. Driving: travel time is 66 minutes, and the travel cost is 7.44 CHF. 3. Soft modes are free of charge. Traveler is 34 year old female who work part time and has no children. The household owns 2 cars, 0 motorcycle, 2 bicycles.",1
30330486,"The trip distance is 29.0 km. There are three travel modes for the traveler to choose from: 1. Public transport: travel time is 118 minutes, and the travel cost is 3.8 CHF. 2. Driving: travel time is 38 minutes, and the travel cost is 4.66 CHF. 3. Soft modes are free of charge. Traveler is 34 year old female who work part time and has no children. The household owns 2 cars, 0 motorcycle, 2 bicycles.",1
30330535,"The trip distance is 5.5 km. There are three travel modes for the traveler to choose from: 1. Public transport: travel time is 65 minutes, and the travel cost is 3.8 CHF. 2. Driving: travel time is 10 minutes, and the travel cost is 1.1 CHF. 3. Soft modes are free of charge. Traveler is 42 year old male who work full time and has 3 children. The household owns 1 car, 0 motorcycle, 5 bicycles.",1
30330535,"The trip distance is 5.5 km. There are three travel modes for the traveler to choose from: 1. Public transport: travel time is 43 minutes, and the travel cost is 3.8 CHF. 2. Driving: travel time is 10 minutes, and the travel cost is 1.1 CHF. 3. Soft modes are free of charge. Traveler is 42 year old male who work full time and has 3 children. The household owns 1 car, 0 motorcycle, 5 bicycles.",1
30330535,"The trip distance is 5.5 km. There are three travel modes for the traveler to choose from: 1. Public transport: travel time is 80 minutes, and the travel cost is 3.8 CHF. 2. Driving: travel time is 10 minutes, and the travel cost is 1.1 CHF. 3. Soft modes are free of charge. Traveler is 42 year old male who work full time and has 3 children. The household owns 1 car, 0 motorcycle, 5 bicycles.",1
30330565,"The trip distance is 19.5 km. There are three travel modes for the traveler to choose from: 1. Public transport: travel time is 86 minutes, and the travel cost is 3.8 CHF. 2. Driving: travel time is 34 minutes, and the travel cost is 3.42 CHF. 3. Soft modes are free of charge. Traveler is 37 year old female who work part time and has 2 children. The household owns 0 car, 0 motorcycle, 5 bicycles.",0
30330569,"The trip distance is 16.0 km. There are three travel modes for the traveler to choose from: 1. Public transport: travel time is 43 minutes, and the travel cost is 3.8 CHF. 2. Driving: travel time is 25 minutes, and the travel cost is 2.67 CHF. 3. Soft modes are free of charge. Traveler is 41 year old female who work part time and has no children. The household owns 1 car, 0 motorcycle, 2 bicycles.",0
30330629,"The trip distance is 13.0 km. There are three travel modes for the traveler to choose from: 1. Public transport: travel time is 123 minutes, and the travel cost is 5.7 CHF. 2. Driving: travel time is 23 minutes, and the travel cost is 2.51 CHF. 3. Soft modes are free of charge. Traveler is 48 year old female who work part time and has no children. The household owns 1 car, 0 motorcycle, 2 bicycles.",1
30330631,"The trip distance is 11.0 km. There are three travel modes for the traveler to choose from: 1. Public transport: travel time is 28 minutes, and the travel cost is 2.2 CHF. 2. Driving: travel time is 15 minutes, and the travel cost is 1.72 CHF. 3. Soft modes are free of charge. Traveler is 70 year old male who work part time and has no children. The household owns 1 car, 0 motorcycle, 0 bicycle.",0
30330632,"The trip distance is 11.0 km. There are three travel modes for the traveler to choose from: 1. Public transport: travel time is 28 minutes, and the travel cost is 2.2 CHF. 2. Driving: travel time is 15 minutes, and the travel cost is 1.72 CHF. 3. Soft modes are free of charge. Traveler is 70 year old male who work part time and has no children. The household owns 1 car, 0 motorcycle, 0 bicycle.",0
30330639,"The trip distance is 5.0 km. There are three travel modes for the traveler to choose from: 1. Public transport: travel time is 85 minutes, and the travel cost is 0.0 CHF. 2. Driving: travel time is 10 minutes, and the travel cost is 0.96 CHF. 3. Soft modes are free of charge. Traveler is 51 year old female who work part time and has no children. The household owns 1 car, 0 motorcycle, 1 bicycle.",0
30330669,"The trip distance is 18.0 km. There are three travel modes for the traveler to choose from: 1. Public transport: travel time is 74 minutes, and the travel cost is 3.8 CHF. 2. Driving: travel time is 29 minutes, and the travel cost is 3.04 CHF. 3. Soft modes are free of charge. Traveler is 33 year old female who work full time and has no children. The household owns 1 car, 0 motorcycle, 1 bicycle.",0
30330669,"The trip distance is 7.0 km. There are three travel modes for the traveler to choose from: 1. Public transport: travel time is 89 minutes, and the travel cost is 3.8 CHF. 2. Driving: travel time is 13 minutes, and the travel cost is 1.33 CHF. 3. Soft modes are free of charge. Traveler is 33 year old female who work full time and has no children. The household owns 1 car, 0 motorcycle, 1 bicycle.",1
30330674,"The trip distance is 28.0 km. There are three travel modes for the traveler to choose from: 1. Public transport: travel time is 86 minutes, and the travel cost is 3.8 CHF. 2. Driving: travel time is 37 minutes, and the travel cost is 4.5 CHF. 3. Soft modes are free of charge. Traveler is 45 year old male who work full time and has no children. The household owns 2 cars, 0 motorcycle, 1 bicycle.",1
30330674,"The trip distance is 31.5 km. There are three travel modes for the traveler to choose from: 1. Public transport: travel time is 189 minutes, and the travel cost is 5.7 CHF. 2. Driving: travel time is 40 minutes, and the travel cost is 4.99 CHF. 3. Soft modes are free of charge. Traveler is 45 year old male who work full time and has no children. The household owns 2 cars, 0 motorcycle, 1 bicycle.",1
30330675,"The trip distance is 66.0 km. There are three travel modes for the traveler to choose from: 1. Public transport: travel time is 301 minutes, and the travel cost is 10.8 CHF. 2. Driving: travel time is 50 minutes, and the travel cost is 8.77 CHF. 3. Soft modes are free of charge. Traveler is 53 year old female who work full time and has no children. The household owns 0 car, 0 motorcycle, 1 bicycle.",0
30330693,"The trip distance is 34.0 km. There are three travel modes for the traveler to choose from: 1. Public transport: travel time is 118 minutes, and the travel cost is 3.8 CHF. 2. Driving: travel time is 42 minutes, and the travel cost is 5.27 CHF. 3. Soft modes are free of charge. Traveler is 44 year old male who work full time and has no children. The household owns 1 car, 1 motorcycle, 1 bicycle.",1
30330717,"The trip distance is 33.5 km. There are three travel modes for the traveler to choose from: 1. Public transport: travel time is 152 minutes, and the travel cost is 15.2 CHF. 2. Driving: travel time is 54 minutes, and the travel cost is 5.66 CHF. 3. Soft modes are free of charge. Traveler is 64 year old male who work part time and has no children. The household owns 2 cars, 1 motorcycle, 0 bicycle.",1
30330725,"The trip distance is 80.0 km. There are three travel modes for the traveler to choose from: 1. Public transport: travel time is 226 minutes, and the travel cost is 16.2 CHF. 2. Driving: travel time is 72 minutes, and the travel cost is 10.46 CHF. 3. Soft modes are free of charge. Traveler is 45 year old male who work full time and has no children. The household owns 2 cars, 0 motorcycle, 2 bicycles.",1
30330751,"The trip distance is 93.0 km. There are three travel modes for the traveler to choose from: 1. Public transport: travel time is 182 minutes, and the travel cost is 15.0 CHF. 2. Driving: travel time is 69 minutes, and the travel cost is 12.55 CHF. 3. Soft modes are free of charge. Traveler is 58 year old male who work full time and has no children. The household owns 2 cars, 0 motorcycle, 2 bicycles.",1
30330778,"The trip distance is 19.0 km. There are three travel modes for the traveler to choose from: 1. Public transport: travel time is 47 minutes, and the travel cost is 0.0 CHF. 2. Driving: travel time is 28 minutes, and the travel cost is 3.18 CHF. 3. Soft modes are free of charge. Traveler is 65 year old male who work part time and has no children. The household owns 1 car, 0 motorcycle, 2 bicycles.",0
30330795,"The trip distance is 68.0 km. There are three travel modes for the traveler to choose from: 1. Public transport: travel time is 280 minutes, and the travel cost is 11.4 CHF. 2. Driving: travel time is 106 minutes, and the travel cost is 11.52 CHF. 3. Soft modes are free of charge. Traveler is 62 year old male who work full time and has no children. The household owns 4 cars, 0 motorcycle, 0 bicycle.",1
30330798,"The trip distance is 3.0 km. There are three travel modes for the traveler to choose from: 1. Public transport: travel time is 41 minutes, and the travel cost is 2.2 CHF. 2. Driving: travel time is 5 minutes, and the travel cost is 0.54 CHF. 3. Soft modes are free of charge. Traveler is 63 year old female who work part time and has no children. The household owns 2 cars, 0 motorcycle, 4 bicycles.",1
30330798,"The trip distance is 2.5 km. There are three travel modes for the traveler to choose from: 1. Public transport: travel time is 22 minutes, and the travel cost is 2.2 CHF. 2. Driving: travel time is 4 minutes, and the travel cost is 0.4 CHF. 3. Soft modes are free of charge. Traveler is 63 year old female who work part time and has no children. The household owns 2 cars, 0 motorcycle, 4 bicycles.",1
30330821,"The trip distance is 17.5 km. There are three travel modes for the traveler to choose from: 1. Public transport: travel time is 55 minutes, and the travel cost is 0.0 CHF. 2. Driving: travel time is 24 minutes, and the travel cost is 2.69 CHF. 3. Soft modes are free of charge. Traveler is 31 year old male who work full time and has no children. The household owns 0 car, 0 motorcycle, 1 bicycle.",0
30330833,"The trip distance is 22.0 km. There are three travel modes for the traveler to choose from: 1. Public transport: travel time is 83 minutes, and the travel cost is 3.8 CHF. 2. Driving: travel time is 31 minutes, and the travel cost is 3.58 CHF. 3. Soft modes are free of charge. Traveler is 51 year old male who work full time and has no children. The household owns 2 cars, 1 motorcycle, 7 bicycles.",2
30330851,"The trip distance is 17.5 km. There are three travel modes for the traveler to choose from: 1. Public transport: travel time is 93 minutes, and the travel cost is 3.8 CHF. 2. Driving: travel time is 25 minutes, and the travel cost is 2.97 CHF. 3. Soft modes are free of charge. Traveler is 46 year old male who work part time and has 2 children. The household owns 2 cars, 1 motorcycle, 6 bicycles.",1
30330852,"The trip distance is 41.0 km. There are three travel modes for the traveler to choose from: 1. Public transport: travel time is 115 minutes, and the travel cost is 10.9 CHF. 2. Driving: travel time is 40 minutes, and the travel cost is 5.88 CHF. 3. Soft modes are free of charge. Traveler is 38 year old female who work part time and has 2 children. The household owns 2 cars, 1 motorcycle, 6 bicycles.",1
30330875,"The trip distance is 38.0 km. There are three travel modes for the traveler to choose from: 1. Public transport: travel time is 109 minutes, and the travel cost is 3.8 CHF. 2. Driving: travel time is 37 minutes, and the travel cost is 6.29 CHF. 3. Soft modes are free of charge. Traveler is 37 year old female who work part time and has 3 children. The household owns 1 car, 1 motorcycle, 5 bicycles.",1
30330875,"The trip distance is 1.8 km. There are three travel modes for the traveler to choose from: 1. Public transport: travel time is 23 minutes, and the travel cost is 3.8 CHF. 2. Driving: travel time is 4 minutes, and the travel cost is 0.52 CHF. 3. Soft modes are free of charge. Traveler is 37 year old female who work part time and has 3 children. The household owns 1 car, 1 motorcycle, 5 bicycles.",1
30330879,"The trip distance is 26.0 km. There are three travel modes for the traveler to choose from: 1. Public transport: travel time is 79 minutes, and the travel cost is 6.7 CHF. 2. Driving: travel time is 24 minutes, and the travel cost is 3.51 CHF. 3. Soft modes are free of charge. Traveler is 49 year old female who work full time and has no children. The household owns 1 car, 0 motorcycle, 1 bicycle.",1
30330972,"The trip distance is 10.0 km. There are three travel modes for the traveler to choose from: 1. Public transport: travel time is 48 minutes, and the travel cost is 2.2 CHF. 2. Driving: travel time is 17 minutes, and the travel cost is 1.75 CHF. 3. Soft modes are free of charge. Traveler is 66 year old male who work part time and has no children. The household owns 1 car, 0 motorcycle, 2 bicycles.",2
30330986,"The trip distance is 34.5 km. There are three travel modes for the traveler to choose from: 1. Public transport: travel time is 162 minutes, and the travel cost is 7.6 CHF. 2. Driving: travel time is 50 minutes, and the travel cost is 6.13 CHF. 3. Soft modes are free of charge. Traveler is 25 year old female who work part time and has no children. The household owns 1 car, 0 motorcycle, 4 bicycles.",2
30331035,"The trip distance is 74.0 km. There are three travel modes for the traveler to choose from: 1. Public transport: travel time is 160 minutes, and the travel cost is 11.4 CHF. 2. Driving: travel time is 67 minutes, and the travel cost is 10.19 CHF. 3. Soft modes are free of charge. Traveler is 57 year old male who work full time and has no children. The household owns 1 car, 0 motorcycle, 0 bicycle.",1
30332010,"The trip distance is 86.0 km. There are three travel modes for the traveler to choose from: 1. Public transport: travel time is 210 minutes, and the travel cost is 24.6 CHF. 2. Driving: travel time is 74 minutes, and the travel cost is 12.22 CHF. 3. Soft modes are free of charge. Traveler is 46 year old female who work full time and has no children. The household owns 1 car, 1 motorcycle, 2 bicycles.",1
30860015,"The trip distance is 29.0 km. There are three travel modes for the traveler to choose from: 1. Public transport: travel time is 122 minutes, and the travel cost is 0.0 CHF. 2. Driving: travel time is 44 minutes, and the travel cost is 4.99 CHF. 3. Soft modes are free of charge. Traveler is 55 year old female who work part time and has no children. The household owns 1 car, 0 motorcycle, 1 bicycle.",0
30860017,"The trip distance is 34.0 km. There are three travel modes for the traveler to choose from: 1. Public transport: travel time is 121 minutes, and the travel cost is 18.4 CHF. 2. Driving: travel time is 52 minutes, and the travel cost is 5.49 CHF. 3. Soft modes are free of charge. Traveler is 43 year old female who work part time and has no children. The household owns 2 cars, 2 motorcycles, 4 bicycles.",0
30860018,"The trip distance is 25.0 km. There are three travel modes for the traveler to choose from: 1. Public transport: travel time is 152 minutes, and the travel cost is 3.8 CHF. 2. Driving: travel time is 42 minutes, and the travel cost is 4.16 CHF. 3. Soft modes are free of charge. Traveler is 16 year old female who work part time and has no children. The household owns 2 cars, 2 motorcycles, 4 bicycles.",0
30860031,"The trip distance is 56.5 km. There are three travel modes for the traveler to choose from: 1. Public transport: travel time is 248 minutes, and the travel cost is 11.4 CHF. 2. Driving: travel time is 71 minutes, and the travel cost is 7.18 CHF. 3. Soft modes are free of charge. Traveler is 47 year old female who work full time and has no children. The household owns 1 car, 0 motorcycle, 1 bicycle.",1
30860061,"The trip distance is 104.5 km. There are three travel modes for the traveler to choose from: 1. Public transport: travel time is 190 minutes, and the travel cost is 34.6 CHF. 2. Driving: travel time is 93 minutes, and the travel cost is 14.6 CHF. 3. Soft modes are free of charge. Traveler is 33 year old female who work part time and has no children. The household owns 2 cars, 0 motorcycle, 2 bicycles.",1
30860095,"The trip distance is 2.3 km. There are three travel modes for the traveler to choose from: 1. Public transport: travel time is 99 minutes, and the travel cost is 3.8 CHF. 2. Driving: travel time is 3 minutes, and the travel cost is 0.37 CHF. 3. Soft modes are free of charge. Traveler is 28 year old female who work part time and has 2 children. The household owns 2 cars, 0 motorcycle, 4 bicycles.",1
30860139,"The trip distance is 0.9 km. There are three travel modes for the traveler to choose from: 1. Public transport: travel time is 20 minutes, and the travel cost is 2.2 CHF. 2. Driving: travel time is 1 minutes, and the travel cost is 0.32 CHF. 3. Soft modes are free of charge. Traveler is 46 year old female who work part time and has no children. The household owns 1 car, 1 motorcycle, 5 bicycles.",2
30860139,"The trip distance is 7.5 km. There are three travel modes for the traveler to choose from: 1. Public transport: travel time is 54 minutes, and the travel cost is 3.8 CHF. 2. Driving: travel time is 13 minutes, and the travel cost is 1.29 CHF. 3. Soft modes are free of charge. Traveler is 46 year old female who work part time and has no children. The household owns 1 car, 1 motorcycle, 5 bicycles.",1
30860141,"The trip distance is 17.0 km. There are three travel modes for the traveler to choose from: 1. Public transport: travel time is 93 minutes, and the travel cost is 7.6 CHF. 2. Driving: travel time is 26 minutes, and the travel cost is 2.72 CHF. 3. Soft modes are free of charge. Traveler is 59 year old female who work full time and has no children. The household owns 2 cars, 0 motorcycle, 1 bicycle.",1
30860142,"The trip distance is 45.0 km. There are three travel modes for the traveler to choose from: 1. Public transport: travel time is 123 minutes, and the travel cost is 7.6 CHF. 2. Driving: travel time is 58 minutes, and the travel cost is 6.79 CHF. 3. Soft modes are free of charge. Traveler is 59 year old female who work full time and has no children. The household owns 2 cars, 0 motorcycle, 1 bicycle.",1
30860145,"The trip distance is 8.0 km. There are three travel modes for the traveler to choose from: 1. Public transport: travel time is 55 minutes, and the travel cost is 2.2 CHF. 2. Driving: travel time is 13 minutes, and the travel cost is 1.38 CHF. 3. Soft modes are free of charge. Traveler is 66 year old female who work part time and has no children. The household owns 1 car, 0 motorcycle, 0 bicycle.",1
30860145,"The trip distance is 13.0 km. There are three travel modes for the traveler to choose from: 1. Public transport: travel time is 23 minutes, and the travel cost is 2.2 CHF. 2. Driving: travel time is 22 minutes, and the travel cost is 2.24 CHF. 3. Soft modes are free of charge. Traveler is 66 year old female who work part time and has no children. The household owns 1 car, 0 motorcycle, 0 bicycle.",1
30860155,"The trip distance is 9.5 km. There are three travel modes for the traveler to choose from: 1. Public transport: travel time is 61 minutes, and the travel cost is 0.0 CHF. 2. Driving: travel time is 17 minutes, and the travel cost is 1.63 CHF. 3. Soft modes are free of charge. Traveler is 44 year old female who work part time and has no children. The household owns 2 cars, 0 motorcycle, 4 bicycles.",0
30860167,"The trip distance is 31.0 km. There are three travel modes for the traveler to choose from: 1. Public transport: travel time is 115 minutes, and the travel cost is 5.8 CHF. 2. Driving: travel time is 44 minutes, and the travel cost is 5.36 CHF. 3. Soft modes are free of charge. Traveler is 69 year old male who work part time and has no children. The household owns 1 car, 0 motorcycle, 2 bicycles.",1
30860168,"The trip distance is 36.3 km. There are three travel modes for the traveler to choose from: 1. Public transport: travel time is 212 minutes, and the travel cost is 7.6 CHF. 2. Driving: travel time is 62 minutes, and the travel cost is 6.45 CHF. 3. Soft modes are free of charge. Traveler is 69 year old female who work part time and has no children. The household owns 1 car, 0 motorcycle, 2 bicycles.",1
30860181,"The trip distance is 14.0 km. There are three travel modes for the traveler to choose from: 1. Public transport: travel time is 73 minutes, and the travel cost is 3.8 CHF. 2. Driving: travel time is 24 minutes, and the travel cost is 2.38 CHF. 3. Soft modes are free of charge. Traveler is 81 year old female who work part time and has no children. The household owns 1 car, 0 motorcycle, 0 bicycle.",1
30860215,"The trip distance is 3.7 km. There are three travel modes for the traveler to choose from: 1. Public transport: travel time is 6 minutes, and the travel cost is 2.2 CHF. 2. Driving: travel time is 5 minutes, and the travel cost is 0.67 CHF. 3. Soft modes are free of charge. Traveler is 75 year old male who work part time and has no children. The household owns 2 cars, 0 motorcycle, 2 bicycles.",1
30860227,"The trip distance is 54.0 km. There are three travel modes for the traveler to choose from: 1. Public transport: travel time is 135 minutes, and the travel cost is 14.1 CHF. 2. Driving: travel time is 53 minutes, and the travel cost is 7.28 CHF. 3. Soft modes are free of charge. Traveler is 63 year old male who work part time and has no children. The household owns 2 cars, 0 motorcycle, 0 bicycle.",1
30860227,"The trip distance is 24.0 km. There are three travel modes for the traveler to choose from: 1. Public transport: travel time is 77 minutes, and the travel cost is 8.6 CHF. 2. Driving: travel time is 29 minutes, and the travel cost is 3.54 CHF. 3. Soft modes are free of charge. Traveler is 63 year old male who work part time and has no children. The household owns 2 cars, 0 motorcycle, 0 bicycle.",1
30860240,"The trip distance is 23.5 km. There are three travel modes for the traveler to choose from: 1. Public transport: travel time is 129 minutes, and the travel cost is 7.6 CHF. 2. Driving: travel time is 43 minutes, and the travel cost is 4.27 CHF. 3. Soft modes are free of charge. Traveler is 35 year old female who work part time and has no children. The household owns 2 cars, 1 motorcycle, 3 bicycles.",1
30860249,"The trip distance is 102.0 km. There are three travel modes for the traveler to choose from: 1. Public transport: travel time is 29 minutes, and the travel cost is 2.2 CHF. 2. Driving: travel time is 104 minutes, and the travel cost is 13.81 CHF. 3. Soft modes are free of charge. Traveler is 55 year old male who work full time and has no children. The household owns 1 car, 0 motorcycle, 3 bicycles.",2
30860253,"The trip distance is 76.0 km. There are three travel modes for the traveler to choose from: 1. Public transport: travel time is 163 minutes, and the travel cost is 17.1 CHF. 2. Driving: travel time is 88 minutes, and the travel cost is 10.99 CHF. 3. Soft modes are free of charge. Traveler is 37 year old female who work part time and has no children. The household owns 2 cars, 0 motorcycle, 4 bicycles.",1
30860265,"The trip distance is 55.0 km. There are three travel modes for the traveler to choose from: 1. Public transport: travel time is 100 minutes, and the travel cost is 22.8 CHF. 2. Driving: travel time is 49 minutes, and the travel cost is 7.72 CHF. 3. Soft modes are free of charge. Traveler is 36 year old male who work full time and has no children. The household owns 2 cars, 0 motorcycle, 2 bicycles.",1
30860274,"The trip distance is 43.0 km. There are three travel modes for the traveler to choose from: 1. Public transport: travel time is 122 minutes, and the travel cost is 7.6 CHF. 2. Driving: travel time is 65 minutes, and the travel cost is 6.86 CHF. 3. Soft modes are free of charge. Traveler is 41 year old male who work full time and has no children. The household owns 1 car, 0 motorcycle, 3 bicycles.",0
30860310,"The trip distance is 21.0 km. There are three travel modes for the traveler to choose from: 1. Public transport: travel time is 143 minutes, and the travel cost is 6.7 CHF. 2. Driving: travel time is 42 minutes, and the travel cost is 4.11 CHF. 3. Soft modes are free of charge. Traveler is 19 year old female who work part time and has no children. The household owns 2 cars, 2 motorcycles, 5 bicycles.",0
30860391,"The trip distance is 19.0 km. There are three travel modes for the traveler to choose from: 1. Public transport: travel time is 85 minutes, and the travel cost is 3.8 CHF. 2. Driving: travel time is 30 minutes, and the travel cost is 3.11 CHF. 3. Soft modes are free of charge. Traveler is 37 year old female who work part time and has no children. The household owns 1 car, 0 motorcycle, 5 bicycles.",0
30860394,"The trip distance is 11.0 km. There are three travel modes for the traveler to choose from: 1. Public transport: travel time is 87 minutes, and the travel cost is 2.9 CHF. 2. Driving: travel time is 16 minutes, and the travel cost is 1.88 CHF. 3. Soft modes are free of charge. Traveler is 47 year old male who work full time and has no children. The household owns 2 cars, 0 motorcycle, 8 bicycles.",1
30860444,"The trip distance is 39.0 km. There are three travel modes for the traveler to choose from: 1. Public transport: travel time is 138 minutes, and the travel cost is 5.8 CHF. 2. Driving: travel time is 56 minutes, and the travel cost is 6.61 CHF. 3. Soft modes are free of charge. Traveler is 49 year old male who work full time and has no children. The household owns 2 cars, 0 motorcycle, 3 bicycles.",2
30860448,"The trip distance is 10.5 km. There are three travel modes for the traveler to choose from: 1. Public transport: travel time is 35 minutes, and the travel cost is 7.6 CHF. 2. Driving: travel time is 17 minutes, and the travel cost is 1.92 CHF. 3. Soft modes are free of charge. Traveler is 82 year old male who work part time and has no children. The household owns 2 cars, 0 motorcycle, 0 bicycle.",1
30860449,"The trip distance is 10.0 km. There are three travel modes for the traveler to choose from: 1. Public transport: travel time is 95 minutes, and the travel cost is 11.6 CHF. 2. Driving: travel time is 14 minutes, and the travel cost is 1.69 CHF. 3. Soft modes are free of charge. Traveler is 67 year old male who work part time and has no children. The household owns 1 car, 0 motorcycle, 1 bicycle.",1
30860450,"The trip distance is 1.9 km. There are three travel modes for the traveler to choose from: 1. Public transport: travel time is 29 minutes, and the travel cost is 3.8 CHF. 2. Driving: travel time is 3 minutes, and the travel cost is 0.4 CHF. 3. Soft modes are free of charge. Traveler is 67 year old male who work part time and has no children. The household owns 1 car, 0 motorcycle, 1 bicycle.",1
30860450,"The trip distance is 54.5 km. There are three travel modes for the traveler to choose from: 1. Public transport: travel time is 291 minutes, and the travel cost is 46.0 CHF. 2. Driving: travel time is 85 minutes, and the travel cost is 9.11 CHF. 3. Soft modes are free of charge. Traveler is 67 year old male who work part time and has no children. The household owns 1 car, 0 motorcycle, 1 bicycle.",0
30860491,"The trip distance is 87.0 km. There are three travel modes for the traveler to choose from: 1. Public transport: travel time is 193 minutes, and the travel cost is 0.0 CHF. 2. Driving: travel time is 85 minutes, and the travel cost is 12.71 CHF. 3. Soft modes are free of charge. Traveler is 46 year old female who work part time and has no children. The household owns 1 car, 2 motorcycles, 4 bicycles.",0
30860495,"The trip distance is 23.0 km. There are three travel modes for the traveler to choose from: 1. Public transport: travel time is 92 minutes, and the travel cost is 5.7 CHF. 2. Driving: travel time is 49 minutes, and the travel cost is 4.41 CHF. 3. Soft modes are free of charge. Traveler is 34 year old female who work part time and has no children. The household owns 1 car, 0 motorcycle, 3 bicycles.",0
30860533,"The trip distance is 28.0 km. There are three travel modes for the traveler to choose from: 1. Public transport: travel time is 146 minutes, and the travel cost is 15.2 CHF. 2. Driving: travel time is 48 minutes, and the travel cost is 4.69 CHF. 3. Soft modes are free of charge. Traveler is 38 year old female who work part time and has 3 children. The household owns 1 car, 0 motorcycle, 4 bicycles.",1
30860533,"The trip distance is 89.0 km. There are three travel modes for the traveler to choose from: 1. Public transport: travel time is 289 minutes, and the travel cost is 30.4 CHF. 2. Driving: travel time is 103 minutes, and the travel cost is 12.67 CHF. 3. Soft modes are free of charge. Traveler is 38 year old female who work part time and has 3 children. The household owns 1 car, 0 motorcycle, 4 bicycles.",1
30860545,"The trip distance is 42.0 km. There are three travel modes for the traveler to choose from: 1. Public transport: travel time is 122 minutes, and the travel cost is 3.8 CHF. 2. Driving: travel time is 60 minutes, and the travel cost is 6.66 CHF. 3. Soft modes are free of charge. Traveler is 55 year old female who work full time and has no children. The household owns 2 cars, 1 motorcycle, 4 bicycles.",1
30860546,"The trip distance is 18.3 km. There are three travel modes for the traveler to choose from: 1. Public transport: travel time is 112 minutes, and the travel cost is 5.7 CHF. 2. Driving: travel time is 33 minutes, and the travel cost is 3.37 CHF. 3. Soft modes are free of charge. Traveler is 53 year old male who work part time and has no children. The household owns 2 cars, 1 motorcycle, 5 bicycles.",1
30860595,"The trip distance is 30.0 km. There are three travel modes for the traveler to choose from: 1. Public transport: travel time is 100 minutes, and the travel cost is 3.8 CHF. 2. Driving: travel time is 49 minutes, and the travel cost is 4.94 CHF. 3. Soft modes are free of charge. Traveler is 69 year old female who work part time and has no children. The household owns 1 car, 0 motorcycle, 0 bicycle.",0
30860603,"The trip distance is 33.5 km. There are three travel modes for the traveler to choose from: 1. Public transport: travel time is 144 minutes, and the travel cost is 5.7 CHF. 2. Driving: travel time is 53 minutes, and the travel cost is 5.32 CHF. 3. Soft modes are free of charge. Traveler is 22 year old female who work full time and has no children. The household owns 1 car, 0 motorcycle, 2 bicycles.",0
30860616,"The trip distance is 116.0 km. There are three travel modes for the traveler to choose from: 1. Public transport: travel time is 426 minutes, and the travel cost is 22.8 CHF. 2. Driving: travel time is 136 minutes, and the travel cost is 17.01 CHF. 3. Soft modes are free of charge. Traveler is 65 year old female who work part time and has no children. The household owns 1 car, 0 motorcycle, 1 bicycle.",1
30860644,"The trip distance is 11.0 km. There are three travel modes for the traveler to choose from: 1. Public transport: travel time is 55 minutes, and the travel cost is 17.0 CHF. 2. Driving: travel time is 23 minutes, and the travel cost is 2.24 CHF. 3. Soft modes are free of charge. Traveler is 71 year old male who work part time and has no children. The household owns 1 car, 0 motorcycle, 0 bicycle.",1
30860650,"The trip distance is 283.0 km. There are three travel modes for the traveler to choose from: 1. Public transport: travel time is 327 minutes, and the travel cost is 0.0 CHF. 2. Driving: travel time is 192 minutes, and the travel cost is 37.39 CHF. 3. Soft modes are free of charge. Traveler is 70 year old male who work part time and has no children. The household owns 1 car, 1 motorcycle, 2 bicycles.",0
30860672,"The trip distance is 1.3 km. There are three travel modes for the traveler to choose from: 1. Public transport: travel time is 35 minutes, and the travel cost is 3.8 CHF. 2. Driving: travel time is 4 minutes, and the travel cost is 0.7 CHF. 3. Soft modes are free of charge. Traveler is 58 year old female who work part time and has no children. The household owns 1 car, 1 motorcycle, 3 bicycles.",1
30860718,"The trip distance is 101.0 km. There are three travel modes for the traveler to choose from: 1. Public transport: travel time is 418 minutes, and the travel cost is 23.6 CHF. 2. Driving: travel time is 126 minutes, and the travel cost is 15.15 CHF. 3. Soft modes are free of charge. Traveler is 71 year old male who work part time and has no children. The household owns 1 car, 0 motorcycle, 2 bicycles.",1
30860723,"The trip distance is 20.0 km. There are three travel modes for the traveler to choose from: 1. Public transport: travel time is 132 minutes, and the travel cost is 6.7 CHF. 2. Driving: travel time is 42 minutes, and the travel cost is 4.08 CHF. 3. Soft modes are free of charge. Traveler is 39 year old male who work full time and has no children. The household owns 1 car, 0 motorcycle, 1 bicycle.",1
30860726,"The trip distance is 78.5 km. There are three travel modes for the traveler to choose from: 1. Public transport: travel time is 141 minutes, and the travel cost is 0.0 CHF. 2. Driving: travel time is 138 minutes, and the travel cost is 11.79 CHF. 3. Soft modes are free of charge. Traveler is 55 year old male who work full time and has no children. The household owns 0 car, 0 motorcycle, 2 bicycles.",0
30860737,"The trip distance is 186.0 km. There are three travel modes for the traveler to choose from: 1. Public transport: travel time is 211 minutes, and the travel cost is 0.0 CHF. 2. Driving: travel time is 129 minutes, and the travel cost is 24.5 CHF. 3. Soft modes are free of charge. Traveler is 69 year old male who work part time and has no children. The household owns 1 car, 1 motorcycle, 1 bicycle.",0
30860762,"The trip distance is 13.0 km. There are three travel modes for the traveler to choose from: 1. Public transport: travel time is 227 minutes, and the travel cost is 27.0 CHF. 2. Driving: travel time is 19 minutes, and the travel cost is 1.85 CHF. 3. Soft modes are free of charge. Traveler is 43 year old female who work part time and has no children. The household owns 1 car, 0 motorcycle, 1 bicycle.",1
30860762,"The trip distance is 12.0 km. There are three travel modes for the traveler to choose from: 1. Public transport: travel time is 53 minutes, and the travel cost is 2.9 CHF. 2. Driving: travel time is 24 minutes, and the travel cost is 2.32 CHF. 3. Soft modes are free of charge. Traveler is 43 year old female who work part time and has no children. The household owns 1 car, 0 motorcycle, 1 bicycle.",1
30860768,"The trip distance is 30.0 km. There are three travel modes for the traveler to choose from: 1. Public transport: travel time is 109 minutes, and the travel cost is 5.8 CHF. 2. Driving: travel time is 51 minutes, and the travel cost is 5.33 CHF. 3. Soft modes are free of charge. Traveler is 56 year old male who work full time and has no children. The household owns 1 car, 0 motorcycle, 2 bicycles.",1
30860804,"The trip distance is 0.2 km. There are three travel modes for the traveler to choose from: 1. Public transport: travel time is 10 minutes, and the travel cost is 0.0 CHF. 2. Driving: travel time is 2 minutes, and the travel cost is 0.29 CHF. 3. Soft modes are free of charge. Traveler is 61 year old male who work full time and has no children. The household owns 2 cars, 0 motorcycle, 3 bicycles.",1
31320005,"The trip distance is 55.0 km. There are three travel modes for the traveler to choose from: 1. Public transport: travel time is 104 minutes, and the travel cost is 9.6 CHF. 2. Driving: travel time is 75 minutes, and the travel cost is 8.2 CHF. 3. Soft modes are free of charge. Traveler is 64 year old male who work part time and has no children. The household owns 2 cars, 0 motorcycle, 4 bicycles.",0
31320005,"The trip distance is 230.0 km. There are three travel modes for the traveler to choose from: 1. Public transport: travel time is 266 minutes, and the travel cost is 38.3 CHF. 2. Driving: travel time is 188 minutes, and the travel cost is 30.15 CHF. 3. Soft modes are free of charge. Traveler is 64 year old male who work part time and has no children. The household owns 2 cars, 0 motorcycle, 4 bicycles.",1
31320097,"The trip distance is 54.0 km. There are three travel modes for the traveler to choose from: 1. Public transport: travel time is 117 minutes, and the travel cost is 0.0 CHF. 2. Driving: travel time is 71 minutes, and the travel cost is 7.91 CHF. 3. Soft modes are free of charge. Traveler is 66 year old male who work part time and has no children. The household owns 1 car, 0 motorcycle, 2 bicycles.",0
31320098,"The trip distance is 311.0 km. There are three travel modes for the traveler to choose from: 1. Public transport: travel time is 306 minutes, and the travel cost is 0.0 CHF. 2. Driving: travel time is 255 minutes, and the travel cost is 41.94 CHF. 3. Soft modes are free of charge. Traveler is 66 year old male who work part time and has no children. The household owns 1 car, 0 motorcycle, 2 bicycles.",0
31320316,"The trip distance is 5.0 km. There are three travel modes for the traveler to choose from: 1. Public transport: travel time is 21 minutes, and the travel cost is 3.2 CHF. 2. Driving: travel time is 7 minutes, and the travel cost is 0.92 CHF. 3. Soft modes are free of charge. Traveler is 49 year old male who work full time and has no children. The household owns 2 cars, 1 motorcycle, 4 bicycles.",1
31320455,"The trip distance is 23.0 km. There are three travel modes for the traveler to choose from: 1. Public transport: travel time is 94 minutes, and the travel cost is 4.8 CHF. 2. Driving: travel time is 32 minutes, and the travel cost is 3.42 CHF. 3. Soft modes are free of charge. Traveler is 61 year old male who work full time and has no children. The household owns 1 car, 0 motorcycle, 1 bicycle.",1
31320591,"The trip distance is 0.4 km. There are three travel modes for the traveler to choose from: 1. Public transport: travel time is 4 minutes, and the travel cost is 0.0 CHF. 2. Driving: travel time is 0 minutes, and the travel cost is 0.2 CHF. 3. Soft modes are free of charge. Traveler is 64 year old male who work full time and has no children. The household owns 2 cars, 0 motorcycle, 2 bicycles.",2
31320656,"The trip distance is 54.0 km. There are three travel modes for the traveler to choose from: 1. Public transport: travel time is 95 minutes, and the travel cost is 0.0 CHF. 2. Driving: travel time is 70 minutes, and the travel cost is 7.97 CHF. 3. Soft modes are free of charge. Traveler is 42 year old male who work full time and has 2 children. The household owns 2 cars, 0 motorcycle, 4 bicycles.",0
31320685,"The trip distance is 20.0 km. There are three travel modes for the traveler to choose from: 1. Public transport: travel time is 52 minutes, and the travel cost is 0.0 CHF. 2. Driving: travel time is 34 minutes, and the travel cost is 3.27 CHF. 3. Soft modes are free of charge. Traveler is 43 year old male who work full time and has no children. The household owns 2 cars, 2 motorcycles, 2 bicycles.",1
31320733,"The trip distance is 27.0 km. There are three travel modes for the traveler to choose from: 1. Public transport: travel time is 50 minutes, and the travel cost is 4.8 CHF. 2. Driving: travel time is 37 minutes, and the travel cost is 4.16 CHF. 3. Soft modes are free of charge. Traveler is 85 year old male who work part time and has no children. The household owns 0 car, 0 motorcycle, 0 bicycle.",0
31320757,"The trip distance is 144.0 km. There are three travel modes for the traveler to choose from: 1. Public transport: travel time is 156 minutes, and the travel cost is 0.0 CHF. 2. Driving: travel time is 124 minutes, and the travel cost is 18.87 CHF. 3. Soft modes are free of charge. Traveler is 69 year old male who work part time and has no children. The household owns 1 car, 0 motorcycle, 3 bicycles.",0
31320758,"The trip distance is 38.0 km. There are three travel modes for the traveler to choose from: 1. Public transport: travel time is 108 minutes, and the travel cost is 27.6 CHF. 2. Driving: travel time is 56 minutes, and the travel cost is 5.82 CHF. 3. Soft modes are free of charge. Traveler is 46 year old male who work part time and has no children. The household owns 1 car, 0 motorcycle, 3 bicycles.",0
31320887,"The trip distance is 1.3 km. There are three travel modes for the traveler to choose from: 1. Public transport: travel time is 20 minutes, and the travel cost is 0.0 CHF. 2. Driving: travel time is 2 minutes, and the travel cost is 0.33 CHF. 3. Soft modes are free of charge. Traveler is 43 year old male who work full time and has 2 children. The household owns 1 car, 0 motorcycle, 3 bicycles.",1
31320887,"The trip distance is 87.2 km. There are three travel modes for the traveler to choose from: 1. Public transport: travel time is 238 minutes, and the travel cost is 46.2 CHF. 2. Driving: travel time is 96 minutes, and the travel cost is 11.71 CHF. 3. Soft modes are free of charge. Traveler is 43 year old male who work full time and has 2 children. The household owns 1 car, 0 motorcycle, 3 bicycles.",1
31320888,"The trip distance is 37.0 km. There are three travel modes for the traveler to choose from: 1. Public transport: travel time is 144 minutes, and the travel cost is 19.2 CHF. 2. Driving: travel time is 61 minutes, and the travel cost is 6.22 CHF. 3. Soft modes are free of charge. Traveler is 39 year old female who work part time and has 2 children. The household owns 1 car, 0 motorcycle, 3 bicycles.",1
31321208,"The trip distance is 25.0 km. There are three travel modes for the traveler to choose from: 1. Public transport: travel time is 73 minutes, and the travel cost is 0.0 CHF. 2. Driving: travel time is 33 minutes, and the travel cost is 3.7 CHF. 3. Soft modes are free of charge. Traveler is 31 year old male who work full time and has no children. The household owns 1 car, 0 motorcycle, 4 bicycles.",0
31321463,"The trip distance is 15.0 km. There are three travel modes for the traveler to choose from: 1. Public transport: travel time is 74 minutes, and the travel cost is 12.4 CHF. 2. Driving: travel time is 21 minutes, and the travel cost is 2.25 CHF. 3. Soft modes are free of charge. Traveler is 79 year old male who work part time and has no children. The household owns 1 car, 0 motorcycle, 1 bicycle.",1
31321463,"The trip distance is 1.3 km. There are three travel modes for the traveler to choose from: 1. Public transport: travel time is 23 minutes, and the travel cost is 3.8 CHF. 2. Driving: travel time is 3 minutes, and the travel cost is 0.42 CHF. 3. Soft modes are free of charge. Traveler is 79 year old male who work part time and has no children. The household owns 1 car, 0 motorcycle, 1 bicycle.",1
31321487,"The trip distance is 40.0 km. There are three travel modes for the traveler to choose from: 1. Public transport: travel time is 116 minutes, and the travel cost is 0.0 CHF. 2. Driving: travel time is 75 minutes, and the travel cost is 6.71 CHF. 3. Soft modes are free of charge. Traveler is 34 year old female who work full time and has no children. The household owns 0 car, 0 motorcycle, 2 bicycles.",0
31321488,"The trip distance is 18.0 km. There are three travel modes for the traveler to choose from: 1. Public transport: travel time is 73 minutes, and the travel cost is 0.0 CHF. 2. Driving: travel time is 27 minutes, and the travel cost is 2.68 CHF. 3. Soft modes are free of charge. Traveler is 63 year old female who work part time and has no children. The household owns 0 car, 0 motorcycle, 4 bicycles.",0
31321488,"The trip distance is 13.0 km. There are three travel modes for the traveler to choose from: 1. Public transport: travel time is 50 minutes, and the travel cost is 0.0 CHF. 2. Driving: travel time is 19 minutes, and the travel cost is 1.88 CHF. 3. Soft modes are free of charge. Traveler is 63 year old female who work part time and has no children. The household owns 0 car, 0 motorcycle, 4 bicycles.",0
31321589,"The trip distance is 1.2 km. There are three travel modes for the traveler to choose from: 1. Public transport: travel time is 20 minutes, and the travel cost is 2.2 CHF. 2. Driving: travel time is 0 minutes, and the travel cost is 0.29 CHF. 3. Soft modes are free of charge. Traveler is 34 year old male who work full time and has no children. The household owns 1 car, 0 motorcycle, 2 bicycles.",2
31321590,"The trip distance is 0.2 km. There are three travel modes for the traveler to choose from: 1. Public transport: travel time is 2 minutes, and the travel cost is 2.2 CHF. 2. Driving: travel time is 0 minutes, and the travel cost is 0.1 CHF. 3. Soft modes are free of charge. Traveler is 34 year old male who work full time and has no children. The household owns 1 car, 0 motorcycle, 2 bicycles.",1
31321592,"The trip distance is 321.0 km. There are three travel modes for the traveler to choose from: 1. Public transport: travel time is 319 minutes, and the travel cost is 0.0 CHF. 2. Driving: travel time is 256 minutes, and the travel cost is 42.86 CHF. 3. Soft modes are free of charge. Traveler is 56 year old male who work full time and has no children. The household owns 1 car, 0 motorcycle, 4 bicycles.",0
32710154,"The trip distance is 7.0 km. There are three travel modes for the traveler to choose from: 1. Public transport: travel time is 60 minutes, and the travel cost is 3.4 CHF. 2. Driving: travel time is 10 minutes, and the travel cost is 1.15 CHF. 3. Soft modes are free of charge. Traveler is 40 year old female who work part time and has 2 children. The household owns 1 car, 1 motorcycle, 6 bicycles.",1
32710159,"The trip distance is 111.0 km. There are three travel modes for the traveler to choose from: 1. Public transport: travel time is 28 minutes, and the travel cost is 45.8 CHF. 2. Driving: travel time is 74 minutes, and the travel cost is 1.22 CHF. 3. Soft modes are free of charge. Traveler is 51 year old male who work full time and has no children. The household owns 2 cars, 0 motorcycle, 2 bicycles.",1
32710161,"The trip distance is 6.0 km. There are three travel modes for the traveler to choose from: 1. Public transport: travel time is 71 minutes, and the travel cost is 4.0 CHF. 2. Driving: travel time is 12 minutes, and the travel cost is 1.05 CHF. 3. Soft modes are free of charge. Traveler is 51 year old female who work part time and has no children. The household owns 2 cars, 0 motorcycle, 2 bicycles.",1
39010095,"The trip distance is 35.0 km. There are three travel modes for the traveler to choose from: 1. Public transport: travel time is 117 minutes, and the travel cost is 9.5 CHF. 2. Driving: travel time is 51 minutes, and the travel cost is 5.69 CHF. 3. Soft modes are free of charge. Traveler is 24 year old female who work part time and has no children. The household owns 3 cars, 1 motorcycle, 1 bicycle.",1
39010115,"The trip distance is 6.5 km. There are three travel modes for the traveler to choose from: 1. Public transport: travel time is 19 minutes, and the travel cost is 2.2 CHF. 2. Driving: travel time is 10 minutes, and the travel cost is 1.09 CHF. 3. Soft modes are free of charge. Traveler is 57 year old male who work full time and has no children. The household owns 2 cars, 1 motorcycle, 0 bicycle.",1
39010116,"The trip distance is 6.5 km. There are three travel modes for the traveler to choose from: 1. Public transport: travel time is 19 minutes, and the travel cost is 2.2 CHF. 2. Driving: travel time is 10 minutes, and the travel cost is 1.09 CHF. 3. Soft modes are free of charge. Traveler is 51 year old female who work part time and has no children. The household owns 2 cars, 1 motorcycle, 0 bicycle.",1
39020001,"The trip distance is 24.0 km. There are three travel modes for the traveler to choose from: 1. Public transport: travel time is 93 minutes, and the travel cost is 5.9 CHF. 2. Driving: travel time is 38 minutes, and the travel cost is 4.0 CHF. 3. Soft modes are free of charge. Traveler is 30 year old male who work full time and has no children. The household owns 2 cars, 0 motorcycle, 0 bicycle.",1
39020001,"The trip distance is 49.0 km. There are three travel modes for the traveler to choose from: 1. Public transport: travel time is 178 minutes, and the travel cost is 12.4 CHF. 2. Driving: travel time is 64 minutes, and the travel cost is 7.48 CHF. 3. Soft modes are free of charge. Traveler is 30 year old male who work full time and has no children. The household owns 2 cars, 0 motorcycle, 0 bicycle.",1
39020173,"The trip distance is 20.0 km. There are three travel modes for the traveler to choose from: 1. Public transport: travel time is 64 minutes, and the travel cost is 5.1 CHF. 2. Driving: travel time is 30 minutes, and the travel cost is 3.3 CHF. 3. Soft modes are free of charge. Traveler is 49 year old male who work full time and has no children. The household owns 1 car, 0 motorcycle, 3 bicycles.",0
39020209,"The trip distance is 20.0 km. There are three travel modes for the traveler to choose from: 1. Public transport: travel time is 87 minutes, and the travel cost is 5.1 CHF. 2. Driving: travel time is 30 minutes, and the travel cost is 3.38 CHF. 3. Soft modes are free of charge. Traveler is 45 year old male who work full time and has 3 children. The household owns 2 cars, 1 motorcycle, 2 bicycles.",1
39020293,"The trip distance is 18.0 km. There are three travel modes for the traveler to choose from: 1. Public transport: travel time is 55 minutes, and the travel cost is 6.3 CHF. 2. Driving: travel time is 25 minutes, and the travel cost is 3.01 CHF. 3. Soft modes are free of charge. Traveler is 24 year old female who work full time and has no children. The household owns 3 cars, 0 motorcycle, 2 bicycles.",1
39110257,"The trip distance is 12.0 km. There are three travel modes for the traveler to choose from: 1. Public transport: travel time is 40 minutes, and the travel cost is 3.7 CHF. 2. Driving: travel time is 14 minutes, and the travel cost is 1.78 CHF. 3. Soft modes are free of charge. Traveler is 47 year old male who work full time and has no children. The household owns 1 car, 0 motorcycle, 4 bicycles.",0
39110281,"The trip distance is 75.0 km. There are three travel modes for the traveler to choose from: 1. Public transport: travel time is 140 minutes, and the travel cost is 20.5 CHF. 2. Driving: travel time is 100 minutes, and the travel cost is 9.74 CHF. 3. Soft modes are free of charge. Traveler is 39 year old male who work full time and has no children. The household owns 1 car, 0 motorcycle, 1 bicycle.",0
39110409,"The trip distance is 6.0 km. There are three travel modes for the traveler to choose from: 1. Public transport: travel time is 43 minutes, and the travel cost is 2.2 CHF. 2. Driving: travel time is 8 minutes, and the travel cost is 0.99 CHF. 3. Soft modes are free of charge. Traveler is 66 year old male who work part time and has no children. The household owns 2 cars, 0 motorcycle, 2 bicycles.",1
39110423,"The trip distance is 12.0 km. There are three travel modes for the traveler to choose from: 1. Public transport: travel time is 37 minutes, and the travel cost is 3.7 CHF. 2. Driving: travel time is 13 minutes, and the travel cost is 1.71 CHF. 3. Soft modes are free of charge. Traveler is 77 year old male who work part time and has no children. The household owns 1 car, 0 motorcycle, 1 bicycle.",1
39110438,"The trip distance is 82.0 km. There are three travel modes for the traveler to choose from: 1. Public transport: travel time is 141 minutes, and the travel cost is 0.0 CHF. 2. Driving: travel time is 85 minutes, and the travel cost is 10.07 CHF. 3. Soft modes are free of charge. Traveler is 57 year old male who work full time and has no children. The household owns 2 cars, 2 motorcycles, 4 bicycles.",0
39110449,"The trip distance is 64.0 km. There are three travel modes for the traveler to choose from: 1. Public transport: travel time is 72 minutes, and the travel cost is 0.0 CHF. 2. Driving: travel time is 63 minutes, and the travel cost is 8.17 CHF. 3. Soft modes are free of charge. Traveler is 19 year old female who work part time and has no children. The household owns 2 cars, 2 motorcycles, 4 bicycles.",0
39110450,"The trip distance is 3.5 km. There are three travel modes for the traveler to choose from: 1. Public transport: travel time is 16 minutes, and the travel cost is 2.2 CHF. 2. Driving: travel time is 6 minutes, and the travel cost is 0.64 CHF. 3. Soft modes are free of charge. Traveler is 43 year old female who work part time and has no children. The household owns 2 cars, 2 motorcycles, 4 bicycles.",0
39110459,"The trip distance is 41.0 km. There are three travel modes for the traveler to choose from: 1. Public transport: travel time is 190 minutes, and the travel cost is 0.0 CHF. 2. Driving: travel time is 43 minutes, and the travel cost is 5.02 CHF. 3. Soft modes are free of charge. Traveler is 58 year old female who work full time and has no children. The household owns 2 cars, 0 motorcycle, 5 bicycles.",0
39110459,"The trip distance is 212.0 km. There are three travel modes for the traveler to choose from: 1. Public transport: travel time is 133 minutes, and the travel cost is 0.0 CHF. 2. Driving: travel time is 147 minutes, and the travel cost is 27.16 CHF. 3. Soft modes are free of charge. Traveler is 58 year old female who work full time and has no children. The household owns 2 cars, 0 motorcycle, 5 bicycles.",0
39110459,"The trip distance is 13.0 km. There are three travel modes for the traveler to choose from: 1. Public transport: travel time is 81 minutes, and the travel cost is 0.0 CHF. 2. Driving: travel time is 15 minutes, and the travel cost is 1.89 CHF. 3. Soft modes are free of charge. Traveler is 58 year old female who work full time and has no children. The household owns 2 cars, 0 motorcycle, 5 bicycles.",1
39110459,"The trip distance is 8.0 km. There are three travel modes for the traveler to choose from: 1. Public transport: travel time is 44 minutes, and the travel cost is 0.0 CHF. 2. Driving: travel time is 10 minutes, and the travel cost is 1.16 CHF. 3. Soft modes are free of charge. Traveler is 58 year old female who work full time and has no children. The household owns 2 cars, 0 motorcycle, 5 bicycles.",1
39110471,"The trip distance is 12.0 km. There are three travel modes for the traveler to choose from: 1. Public transport: travel time is 39 minutes, and the travel cost is 3.7 CHF. 2. Driving: travel time is 14 minutes, and the travel cost is 1.82 CHF. 3. Soft modes are free of charge. Traveler is 51 year old male who work full time and has no children. The household owns 2 cars, 2 motorcycles, 4 bicycles.",0
39110675,"The trip distance is 0.7 km. There are three travel modes for the traveler to choose from: 1. Public transport: travel time is 17 minutes, and the travel cost is 2.2 CHF. 2. Driving: travel time is 1 minutes, and the travel cost is 0.16 CHF. 3. Soft modes are free of charge. Traveler is 41 year old male who work full time and has 3 children. The household owns 1 car, 0 motorcycle, 5 bicycles.",1
39110675,"The trip distance is 14.0 km. There are three travel modes for the traveler to choose from: 1. Public transport: travel time is 28 minutes, and the travel cost is 3.8 CHF. 2. Driving: travel time is 15 minutes, and the travel cost is 1.73 CHF. 3. Soft modes are free of charge. Traveler is 41 year old male who work full time and has 3 children. The household owns 1 car, 0 motorcycle, 5 bicycles.",1
39110781,"The trip distance is 12.0 km. There are three travel modes for the traveler to choose from: 1. Public transport: travel time is 65 minutes, and the travel cost is 7.4 CHF. 2. Driving: travel time is 15 minutes, and the travel cost is 1.85 CHF. 3. Soft modes are free of charge. Traveler is 47 year old male who work full time and has no children. The household owns 1 car, 1 motorcycle, 1 bicycle.",1
39110815,"The trip distance is 24.0 km. There are three travel modes for the traveler to choose from: 1. Public transport: travel time is 101 minutes, and the travel cost is 7.2 CHF. 2. Driving: travel time is 28 minutes, and the travel cost is 3.45 CHF. 3. Soft modes are free of charge. Traveler is 56 year old male who work full time and has no children. The household owns 1 car, 1 motorcycle, 4 bicycles.",0
39110816,"The trip distance is 428.5 km. There are three travel modes for the traveler to choose from: 1. Public transport: travel time is 228 minutes, and the travel cost is 0.0 CHF. 2. Driving: travel time is 299 minutes, and the travel cost is 54.84 CHF. 3. Soft modes are free of charge. Traveler is 24 year old female who work part time and has no children. The household owns 1 car, 1 motorcycle, 3 bicycles.",0
39110969,"The trip distance is 6.5 km. There are three travel modes for the traveler to choose from: 1. Public transport: travel time is 22 minutes, and the travel cost is 2.2 CHF. 2. Driving: travel time is 9 minutes, and the travel cost is 0.96 CHF. 3. Soft modes are free of charge. Traveler is 38 year old female who work part time and has 2 children. The household owns 1 car, 1 motorcycle, 4 bicycles.",0
39110970,"The trip distance is 15.5 km. There are three travel modes for the traveler to choose from: 1. Public transport: travel time is 53 minutes, and the travel cost is 4.0 CHF. 2. Driving: travel time is 21 minutes, and the travel cost is 2.35 CHF. 3. Soft modes are free of charge. Traveler is 38 year old female who work part time and has 2 children. The household owns 1 car, 1 motorcycle, 4 bicycles.",0
39111246,"The trip distance is 17.5 km. There are three travel modes for the traveler to choose from: 1. Public transport: travel time is 50 minutes, and the travel cost is 3.7 CHF. 2. Driving: travel time is 22 minutes, and the travel cost is 2.52 CHF. 3. Soft modes are free of charge. Traveler is 74 year old female who work part time and has no children. The household owns 0 car, 0 motorcycle, 0 bicycle.",0
39111287,"The trip distance is 39.5 km. There are three travel modes for the traveler to choose from: 1. Public transport: travel time is 176 minutes, and the travel cost is 10.0 CHF. 2. Driving: travel time is 51 minutes, and the travel cost is 6.92 CHF. 3. Soft modes are free of charge. Traveler is 40 year old female who work full time and has no children. The household owns 1 car, 0 motorcycle, 1 bicycle.",1
39111360,"The trip distance is 8.0 km. There are three travel modes for the traveler to choose from: 1. Public transport: travel time is 36 minutes, and the travel cost is 4.0 CHF. 2. Driving: travel time is 18 minutes, and the travel cost is 1.95 CHF. 3. Soft modes are free of charge. Traveler is 38 year old male who work full time and has 2 children. The household owns 1 car, 0 motorcycle, 3 bicycles.",0
39111360,"The trip distance is 8.0 km. There are three travel modes for the traveler to choose from: 1. Public transport: travel time is 56 minutes, and the travel cost is 2.2 CHF. 2. Driving: travel time is 18 minutes, and the travel cost is 1.95 CHF. 3. Soft modes are free of charge. Traveler is 38 year old male who work full time and has 2 children. The household owns 1 car, 0 motorcycle, 3 bicycles.",0
39120015,"The trip distance is 27.0 km. There are three travel modes for the traveler to choose from: 1. Public transport: travel time is 110 minutes, and the travel cost is 15.4 CHF. 2. Driving: travel time is 31 minutes, and the travel cost is 3.85 CHF. 3. Soft modes are free of charge. Traveler is 32 year old female who work part time and has 2 children. The household owns 2 cars, 1 motorcycle, 4 bicycles.",1
39120016,"The trip distance is 17.5 km. There are three travel modes for the traveler to choose from: 1. Public transport: travel time is 67 minutes, and the travel cost is 8.0 CHF. 2. Driving: travel time is 23 minutes, and the travel cost is 2.54 CHF. 3. Soft modes are free of charge. Traveler is 40 year old male who work full time and has 2 children. The household owns 2 cars, 1 motorcycle, 4 bicycles.",1
39120150,"The trip distance is 9.0 km. There are three travel modes for the traveler to choose from: 1. Public transport: travel time is 37 minutes, and the travel cost is 2.2 CHF. 2. Driving: travel time is 12 minutes, and the travel cost is 1.29 CHF. 3. Soft modes are free of charge. Traveler is 53 year old female who work part time and has no children. The household owns 2 cars, 0 motorcycle, 1 bicycle.",0
39120150,"The trip distance is 11.0 km. There are three travel modes for the traveler to choose from: 1. Public transport: travel time is 60 minutes, and the travel cost is 4.0 CHF. 2. Driving: travel time is 12 minutes, and the travel cost is 1.58 CHF. 3. Soft modes are free of charge. Traveler is 53 year old female who work part time and has no children. The household owns 2 cars, 0 motorcycle, 1 bicycle.",0
39120197,"The trip distance is 8.5 km. There are three travel modes for the traveler to choose from: 1. Public transport: travel time is 27 minutes, and the travel cost is 0.0 CHF. 2. Driving: travel time is 11 minutes, and the travel cost is 1.22 CHF. 3. Soft modes are free of charge. Traveler is 17 year old male who work part time and has no children. The household owns 2 cars, 4 motorcycles, 5 bicycles.",0
39120198,"The trip distance is 493.5 km. There are three travel modes for the traveler to choose from: 1. Public transport: travel time is 477 minutes, and the travel cost is 230.0 CHF. 2. Driving: travel time is 482 minutes, and the travel cost is 66.79 CHF. 3. Soft modes are free of charge. Traveler is 19 year old male who work part time and has no children. The household owns 2 cars, 4 motorcycles, 5 bicycles.",0
39120246,"The trip distance is 23.5 km. There are three travel modes for the traveler to choose from: 1. Public transport: travel time is 99 minutes, and the travel cost is 3.7 CHF. 2. Driving: travel time is 35 minutes, and the travel cost is 3.71 CHF. 3. Soft modes are free of charge. Traveler is 36 year old female who work part time and has 4 children. The household owns 1 car, 0 motorcycle, 6 bicycles.",1
39120250,"The trip distance is 10.6 km. There are three travel modes for the traveler to choose from: 1. Public transport: travel time is 107 minutes, and the travel cost is 5.7 CHF. 2. Driving: travel time is 14 minutes, and the travel cost is 1.55 CHF. 3. Soft modes are free of charge. Traveler is 76 year old male who work part time and has no children. The household owns 1 car, 0 motorcycle, 0 bicycle.",1
39120424,"The trip distance is 16.0 km. There are three travel modes for the traveler to choose from: 1. Public transport: travel time is 52 minutes, and the travel cost is 4.0 CHF. 2. Driving: travel time is 20 minutes, and the travel cost is 2.26 CHF. 3. Soft modes are free of charge. Traveler is 46 year old female who work part time and has no children. The household owns 1 car, 2 motorcycles, 2 bicycles.",0
39120435,"The trip distance is 1.8 km. There are three travel modes for the traveler to choose from: 1. Public transport: travel time is 14 minutes, and the travel cost is 2.2 CHF. 2. Driving: travel time is 3 minutes, and the travel cost is 0.33 CHF. 3. Soft modes are free of charge. Traveler is 88 year old male who work part time and has no children. The household owns 0 car, 0 motorcycle, 0 bicycle.",0
39120436,"The trip distance is 17.0 km. There are three travel modes for the traveler to choose from: 1. Public transport: travel time is 67 minutes, and the travel cost is 4.0 CHF. 2. Driving: travel time is 22 minutes, and the travel cost is 2.45 CHF. 3. Soft modes are free of charge. Traveler is 88 year old male who work part time and has no children. The household owns 0 car, 0 motorcycle, 0 bicycle.",0
39120457,"The trip distance is 438.5 km. There are three travel modes for the traveler to choose from: 1. Public transport: travel time is 269 minutes, and the travel cost is 56.4 CHF. 2. Driving: travel time is 328 minutes, and the travel cost is 58.39 CHF. 3. Soft modes are free of charge. Traveler is 56 year old female who work part time and has no children. The household owns 2 cars, 0 motorcycle, 3 bicycles.",0
39120458,"The trip distance is 24.0 km. There are three travel modes for the traveler to choose from: 1. Public transport: travel time is 120 minutes, and the travel cost is 6.0 CHF. 2. Driving: travel time is 29 minutes, and the travel cost is 3.65 CHF. 3. Soft modes are free of charge. Traveler is 58 year old male who work full time and has no children. The household owns 2 cars, 0 motorcycle, 2 bicycles.",1
39120509,"The trip distance is 30.0 km. There are three travel modes for the traveler to choose from: 1. Public transport: travel time is 120 minutes, and the travel cost is 0.0 CHF. 2. Driving: travel time is 36 minutes, and the travel cost is 5.16 CHF. 3. Soft modes are free of charge. Traveler is 52 year old male who work full time and has no children. The household owns 2 cars, 1 motorcycle, 2 bicycles.",1
39120519,"The trip distance is 13.0 km. There are three travel modes for the traveler to choose from: 1. Public transport: travel time is 66 minutes, and the travel cost is 0.0 CHF. 2. Driving: travel time is 14 minutes, and the travel cost is 1.85 CHF. 3. Soft modes are free of charge. Traveler is 45 year old male who work full time and has no children. The household owns 1 car, 0 motorcycle, 3 bicycles.",0
39120519,"The trip distance is 8.0 km. There are three travel modes for the traveler to choose from: 1. Public transport: travel time is 24 minutes, and the travel cost is 0.0 CHF. 2. Driving: travel time is 10 minutes, and the travel cost is 1.13 CHF. 3. Soft modes are free of charge. Traveler is 45 year old male who work full time and has no children. The household owns 1 car, 0 motorcycle, 3 bicycles.",1
39120559,"The trip distance is 8.0 km. There are three travel modes for the traveler to choose from: 1. Public transport: travel time is 30 minutes, and the travel cost is 2.2 CHF. 2. Driving: travel time is 10 minutes, and the travel cost is 1.12 CHF. 3. Soft modes are free of charge. Traveler is 41 year old male who work full time and has no children. The household owns 1 car, 0 motorcycle, 1 bicycle.",0
39120999,"The trip distance is 19.0 km. There are three travel modes for the traveler to choose from: 1. Public transport: travel time is 86 minutes, and the travel cost is 3.5 CHF. 2. Driving: travel time is 24 minutes, and the travel cost is 2.65 CHF. 3. Soft modes are free of charge. Traveler is 40 year old female who work part time and has 3 children. The household owns 1 car, 1 motorcycle, 5 bicycles.",1
42270007,"The trip distance is 63.0 km. There are three travel modes for the traveler to choose from: 1. Public transport: travel time is 108 minutes, and the travel cost is 7.4 CHF. 2. Driving: travel time is 80 minutes, and the travel cost is 9.39 CHF. 3. Soft modes are free of charge. Traveler is 56 year old female who work full time and has no children. The household owns 1 car, 0 motorcycle, 0 bicycle.",0
42270121,"The trip distance is 28.0 km. There are three travel modes for the traveler to choose from: 1. Public transport: travel time is 64 minutes, and the travel cost is 3.7 CHF. 2. Driving: travel time is 34 minutes, and the travel cost is 4.11 CHF. 3. Soft modes are free of charge. Traveler is 63 year old male who work full time and has no children. The household owns 1 car, 0 motorcycle, 3 bicycles.",0
42270163,"The trip distance is 38.0 km. There are three travel modes for the traveler to choose from: 1. Public transport: travel time is 124 minutes, and the travel cost is 10.6 CHF. 2. Driving: travel time is 62 minutes, and the travel cost is 6.22 CHF. 3. Soft modes are free of charge. Traveler is 38 year old male who work full time and has no children. The household owns 1 car, 0 motorcycle, 0 bicycle.",1
42270192,"The trip distance is 1.8 km. There are three travel modes for the traveler to choose from: 1. Public transport: travel time is 18 minutes, and the travel cost is 2.2 CHF. 2. Driving: travel time is 3 minutes, and the travel cost is 0.39 CHF. 3. Soft modes are free of charge. Traveler is 62 year old male who work part time and has no children. The household owns 2 cars, 0 motorcycle, 4 bicycles.",1
42270209,"The trip distance is 137.0 km. There are three travel modes for the traveler to choose from: 1. Public transport: travel time is 275 minutes, and the travel cost is 43.2 CHF. 2. Driving: travel time is 116 minutes, and the travel cost is 18.59 CHF. 3. Soft modes are free of charge. Traveler is 54 year old male who work full time and has no children. The household owns 1 car, 0 motorcycle, 2 bicycles.",1
42270214,"The trip distance is 54.0 km. There are three travel modes for the traveler to choose from: 1. Public transport: travel time is 134 minutes, and the travel cost is 0.0 CHF. 2. Driving: travel time is 70 minutes, and the travel cost is 7.94 CHF. 3. Soft modes are free of charge. Traveler is 22 year old male who work part time and has no children. The household owns 3 cars, 0 motorcycle, 3 bicycles.",0
42270214,"The trip distance is 27.0 km. There are three travel modes for the traveler to choose from: 1. Public transport: travel time is 47 minutes, and the travel cost is 0.0 CHF. 2. Driving: travel time is 35 minutes, and the travel cost is 4.06 CHF. 3. Soft modes are free of charge. Traveler is 22 year old male who work part time and has no children. The household owns 3 cars, 0 motorcycle, 3 bicycles.",0
42270264,"The trip distance is 101.0 km. There are three travel modes for the traveler to choose from: 1. Public transport: travel time is 219 minutes, and the travel cost is 29.6 CHF. 2. Driving: travel time is 139 minutes, and the travel cost is 15.09 CHF. 3. Soft modes are free of charge. Traveler is 57 year old female who work part time and has no children. The household owns 2 cars, 0 motorcycle, 0 bicycle.",0
42270323,"The trip distance is 30.0 km. There are three travel modes for the traveler to choose from: 1. Public transport: travel time is 161 minutes, and the travel cost is 7.1 CHF. 2. Driving: travel time is 55 minutes, and the travel cost is 5.85 CHF. 3. Soft modes are free of charge. Traveler is 44 year old male who work full time and has no children. The household owns 2 cars, 0 motorcycle, 4 bicycles.",1
42270323,"The trip distance is 37.5 km. There are three travel modes for the traveler to choose from: 1. Public transport: travel time is 160 minutes, and the travel cost is 10.4 CHF. 2. Driving: travel time is 66 minutes, and the travel cost is 6.92 CHF. 3. Soft modes are free of charge. Traveler is 44 year old male who work full time and has no children. The household owns 2 cars, 0 motorcycle, 4 bicycles.",1
42270350,"The trip distance is 12.0 km. There are three travel modes for the traveler to choose from: 1. Public transport: travel time is 79 minutes, and the travel cost is 2.2 CHF. 2. Driving: travel time is 22 minutes, and the travel cost is 2.29 CHF. 3. Soft modes are free of charge. Traveler is 41 year old female who work full time and has no children. The household owns 1 car, 1 motorcycle, 2 bicycles.",1
42270350,"The trip distance is 12.0 km. There are three travel modes for the traveler to choose from: 1. Public transport: travel time is 76 minutes, and the travel cost is 2.7 CHF. 2. Driving: travel time is 22 minutes, and the travel cost is 2.29 CHF. 3. Soft modes are free of charge. Traveler is 41 year old female who work full time and has no children. The household owns 1 car, 1 motorcycle, 2 bicycles.",1
42270623,"The trip distance is 11.0 km. There are three travel modes for the traveler to choose from: 1. Public transport: travel time is 64 minutes, and the travel cost is 3.2 CHF. 2. Driving: travel time is 20 minutes, and the travel cost is 2.03 CHF. 3. Soft modes are free of charge. Traveler is 46 year old male who work full time and has 2 children. The household owns 2 cars, 0 motorcycle, 4 bicycles.",1
42270623,"The trip distance is 11.0 km. There are three travel modes for the traveler to choose from: 1. Public transport: travel time is 74 minutes, and the travel cost is 3.2 CHF. 2. Driving: travel time is 20 minutes, and the travel cost is 2.03 CHF. 3. Soft modes are free of charge. Traveler is 46 year old male who work full time and has 2 children. The household owns 2 cars, 0 motorcycle, 4 bicycles.",1
42270631,"The trip distance is 2.8 km. There are three travel modes for the traveler to choose from: 1. Public transport: travel time is 31 minutes, and the travel cost is 2.2 CHF. 2. Driving: travel time is 6 minutes, and the travel cost is 0.6 CHF. 3. Soft modes are free of charge. Traveler is 56 year old male who work full time and has no children. The household owns 1 car, 3 motorcycles, 6 bicycles.",2
42270631,"The trip distance is 11.4 km. There are three travel modes for the traveler to choose from: 1. Public transport: travel time is 55 minutes, and the travel cost is 4.3 CHF. 2. Driving: travel time is 18 minutes, and the travel cost is 2.01 CHF. 3. Soft modes are free of charge. Traveler is 56 year old male who work full time and has no children. The household owns 1 car, 3 motorcycles, 6 bicycles.",1
42270747,"The trip distance is 67.0 km. There are three travel modes for the traveler to choose from: 1. Public transport: travel time is 214 minutes, and the travel cost is 16.6 CHF. 2. Driving: travel time is 134 minutes, and the travel cost is 11.22 CHF. 3. Soft modes are free of charge. Traveler is 42 year old female who work full time and has no children. The household owns 1 car, 0 motorcycle, 1 bicycle.",0
42270851,"The trip distance is 12.8 km. There are three travel modes for the traveler to choose from: 1. Public transport: travel time is 91 minutes, and the travel cost is 3.2 CHF. 2. Driving: travel time is 21 minutes, and the travel cost is 2.29 CHF. 3. Soft modes are free of charge. Traveler is 33 year old female who work part time and has no children. The household owns 1 car, 2 motorcycles, 3 bicycles.",1
42270878,"The trip distance is 24.0 km. There are three travel modes for the traveler to choose from: 1. Public transport: travel time is 54 minutes, and the travel cost is 0.0 CHF. 2. Driving: travel time is 30 minutes, and the travel cost is 3.37 CHF. 3. Soft modes are free of charge. Traveler is 38 year old male who work full time and has 2 children. The household owns 1 car, 0 motorcycle, 1 bicycle.",1
42270907,"The trip distance is 52.0 km. There are three travel modes for the traveler to choose from: 1. Public transport: travel time is 211 minutes, and the travel cost is 36.6 CHF. 2. Driving: travel time is 72 minutes, and the travel cost is 7.77 CHF. 3. Soft modes are free of charge. Traveler is 34 year old male who work full time and has 3 children. The household owns 2 cars, 0 motorcycle, 5 bicycles.",1
42270907,"The trip distance is 1.6 km. There are three travel modes for the traveler to choose from: 1. Public transport: travel time is 16 minutes, and the travel cost is 0.0 CHF. 2. Driving: travel time is 3 minutes, and the travel cost is 0.32 CHF. 3. Soft modes are free of charge. Traveler is 34 year old male who work full time and has 3 children. The household owns 2 cars, 0 motorcycle, 5 bicycles.",1
42270908,"The trip distance is 1.2 km. There are three travel modes for the traveler to choose from: 1. Public transport: travel time is 10 minutes, and the travel cost is 0.0 CHF. 2. Driving: travel time is 2 minutes, and the travel cost is 0.29 CHF. 3. Soft modes are free of charge. Traveler is 32 year old female who work part time and has 3 children. The household owns 2 cars, 0 motorcycle, 5 bicycles.",1
42270974,"The trip distance is 54.0 km. There are three travel modes for the traveler to choose from: 1. Public transport: travel time is 130 minutes, and the travel cost is 0.0 CHF. 2. Driving: travel time is 70 minutes, and the travel cost is 8.37 CHF. 3. Soft modes are free of charge. Traveler is 44 year old male who work full time and has 2 children. The household owns 1 car, 0 motorcycle, 4 bicycles.",0
42271066,"The trip distance is 28.0 km. There are three travel modes for the traveler to choose from: 1. Public transport: travel time is 53 minutes, and the travel cost is 2.55 CHF. 2. Driving: travel time is 40 minutes, and the travel cost is 4.44 CHF. 3. Soft modes are free of charge. Traveler is 53 year old female who work full time and has no children. The household owns 1 car, 0 motorcycle, 1 bicycle.",1
42271067,"The trip distance is 14.0 km. There are three travel modes for the traveler to choose from: 1. Public transport: travel time is 98 minutes, and the travel cost is 5.4 CHF. 2. Driving: travel time is 22 minutes, and the travel cost is 2.52 CHF. 3. Soft modes are free of charge. Traveler is 42 year old female who work part time and has no children. The household owns 1 car, 0 motorcycle, 2 bicycles.",1
42271092,"The trip distance is 53.0 km. There are three travel modes for the traveler to choose from: 1. Public transport: travel time is 96 minutes, and the travel cost is 0.0 CHF. 2. Driving: travel time is 72 minutes, and the travel cost is 8.13 CHF. 3. Soft modes are free of charge. Traveler is 43 year old female who work part time and has no children. The household owns 2 cars, 4 motorcycles, 2 bicycles.",0
42271140,"The trip distance is 61.9 km. There are three travel modes for the traveler to choose from: 1. Public transport: travel time is 111 minutes, and the travel cost is 28.2 CHF. 2. Driving: travel time is 98 minutes, and the travel cost is 9.46 CHF. 3. Soft modes are free of charge. Traveler is 25 year old female who work part time and has no children. The household owns 1 car, 0 motorcycle, 1 bicycle.",0
42271144,"The trip distance is 11.0 km. There are three travel modes for the traveler to choose from: 1. Public transport: travel time is 54 minutes, and the travel cost is 3.2 CHF. 2. Driving: travel time is 18 minutes, and the travel cost is 1.89 CHF. 3. Soft modes are free of charge. Traveler is 61 year old female who work part time and has no children. The household owns 0 car, 0 motorcycle, 0 bicycle.",0
42271162,"The trip distance is 35.0 km. There are three travel modes for the traveler to choose from: 1. Public transport: travel time is 108 minutes, and the travel cost is 10.4 CHF. 2. Driving: travel time is 52 minutes, and the travel cost is 5.36 CHF. 3. Soft modes are free of charge. Traveler is 68 year old female who work part time and has no children. The household owns 0 car, 0 motorcycle, 0 bicycle.",0
42271192,"The trip distance is 53.0 km. There are three travel modes for the traveler to choose from: 1. Public transport: travel time is 162 minutes, and the travel cost is 12.5 CHF. 2. Driving: travel time is 66 minutes, and the travel cost is 7.81 CHF. 3. Soft modes are free of charge. Traveler is 41 year old male who work full time and has 2 children. The household owns 1 car, 0 motorcycle, 6 bicycles.",0
42271243,"The trip distance is 74.0 km. There are three travel modes for the traveler to choose from: 1. Public transport: travel time is 194 minutes, and the travel cost is 0.0 CHF. 2. Driving: travel time is 77 minutes, and the travel cost is 10.23 CHF. 3. Soft modes are free of charge. Traveler is 44 year old male who work full time and has 2 children. The household owns 2 cars, 1 motorcycle, 4 bicycles.",0
42271271,"The trip distance is 0.8 km. There are three travel modes for the traveler to choose from: 1. Public transport: travel time is 10 minutes, and the travel cost is 0.0 CHF. 2. Driving: travel time is 0 minutes, and the travel cost is 0.11 CHF. 3. Soft modes are free of charge. Traveler is 62 year old male who work full time and has no children. The household owns 1 car, 1 motorcycle, 2 bicycles.",2
42271271,"The trip distance is 1.6 km. There are three travel modes for the traveler to choose from: 1. Public transport: travel time is 16 minutes, and the travel cost is 0.0 CHF. 2. Driving: travel time is 16 minutes, and the travel cost is 0.0 CHF. 3. Soft modes are free of charge. Traveler is 62 year old male who work full time and has no children. The household owns 1 car, 1 motorcycle, 2 bicycles.",1
42271272,"The trip distance is 2.5 km. There are three travel modes for the traveler to choose from: 1. Public transport: travel time is 13 minutes, and the travel cost is 2.2 CHF. 2. Driving: travel time is 4 minutes, and the travel cost is 0.5 CHF. 3. Soft modes are free of charge. Traveler is 62 year old female who work part time and has no children. The household owns 1 car, 1 motorcycle, 2 bicycles.",1
42271337,"The trip distance is 207.0 km. There are three travel modes for the traveler to choose from: 1. Public transport: travel time is 254 minutes, and the travel cost is 0.0 CHF. 2. Driving: travel time is 167 minutes, and the travel cost is 27.87 CHF. 3. Soft modes are free of charge. Traveler is 68 year old male who work part time and has no children. The household owns 1 car, 0 motorcycle, 1 bicycle.",0
42271394,"The trip distance is 54.0 km. There are three travel modes for the traveler to choose from: 1. Public transport: travel time is 144 minutes, and the travel cost is 25.0 CHF. 2. Driving: travel time is 68 minutes, and the travel cost is 7.91 CHF. 3. Soft modes are free of charge. Traveler is 46 year old male who work part time and has no children. The household owns 2 cars, 1 motorcycle, 2 bicycles.",1
42271422,"The trip distance is 34.0 km. There are three travel modes for the traveler to choose from: 1. Public transport: travel time is 113 minutes, and the travel cost is 23.4 CHF. 2. Driving: travel time is 50 minutes, and the travel cost is 5.2 CHF. 3. Soft modes are free of charge. Traveler is 35 year old male who work full time and has no children. The household owns 2 cars, 0 motorcycle, 2 bicycles.",1
42271423,"The trip distance is 56.5 km. There are three travel modes for the traveler to choose from: 1. Public transport: travel time is 147 minutes, and the travel cost is 8.5 CHF. 2. Driving: travel time is 78 minutes, and the travel cost is 8.97 CHF. 3. Soft modes are free of charge. Traveler is 84 year old male who work part time and has no children. The household owns 1 car, 0 motorcycle, 2 bicycles.",0
42280033,"The trip distance is 0.4 km. There are three travel modes for the traveler to choose from: 1. Public transport: travel time is 3 minutes, and the travel cost is 2.2 CHF. 2. Driving: travel time is 1 minutes, and the travel cost is 0.07 CHF. 3. Soft modes are free of charge. Traveler is 76 year old male who work part time and has no children. The household owns 1 car, 0 motorcycle, 1 bicycle.",1
42280033,"The trip distance is 4.0 km. There are three travel modes for the traveler to choose from: 1. Public transport: travel time is 19 minutes, and the travel cost is 2.2 CHF. 2. Driving: travel time is 7 minutes, and the travel cost is 0.64 CHF. 3. Soft modes are free of charge. Traveler is 76 year old male who work part time and has no children. The household owns 1 car, 0 motorcycle, 1 bicycle.",1
42280033,"The trip distance is 4.5 km. There are three travel modes for the traveler to choose from: 1. Public transport: travel time is 19 minutes, and the travel cost is 2.2 CHF. 2. Driving: travel time is 7 minutes, and the travel cost is 0.67 CHF. 3. Soft modes are free of charge. Traveler is 76 year old male who work part time and has no children. The household owns 1 car, 0 motorcycle, 1 bicycle.",1
42280034,"The trip distance is 4.5 km. There are three travel modes for the traveler to choose from: 1. Public transport: travel time is 24 minutes, and the travel cost is 2.2 CHF. 2. Driving: travel time is 7 minutes, and the travel cost is 0.67 CHF. 3. Soft modes are free of charge. Traveler is 76 year old male who work part time and has no children. The household owns 1 car, 0 motorcycle, 1 bicycle.",1
42280034,"The trip distance is 0.35 km. There are three travel modes for the traveler to choose from: 1. Public transport: travel time is 4 minutes, and the travel cost is 2.2 CHF. 2. Driving: travel time is 1 minutes, and the travel cost is 0.07 CHF. 3. Soft modes are free of charge. Traveler is 76 year old male who work part time and has no children. The household owns 1 car, 0 motorcycle, 1 bicycle.",1
42280034,"The trip distance is 0.5 km. There are three travel modes for the traveler to choose from: 1. Public transport: travel time is 4 minutes, and the travel cost is 2.2 CHF. 2. Driving: travel time is 1 minutes, and the travel cost is 0.1 CHF. 3. Soft modes are free of charge. Traveler is 76 year old male who work part time and has no children. The household owns 1 car, 0 motorcycle, 1 bicycle.",1
42280110,"The trip distance is 8.0 km. There are three travel modes for the traveler to choose from: 1. Public transport: travel time is 33 minutes, and the travel cost is 7.6 CHF. 2. Driving: travel time is 14 minutes, and the travel cost is 1.35 CHF. 3. Soft modes are free of charge. Traveler is 21 year old male who work part time and has no children. The household owns 1 car, 1 motorcycle, 3 bicycles.",1
42280200,"The trip distance is 30.0 km. There are three travel modes for the traveler to choose from: 1. Public transport: travel time is 42 minutes, and the travel cost is 11.0 CHF. 2. Driving: travel time is 41 minutes, and the travel cost is 4.51 CHF. 3. Soft modes are free of charge. Traveler is 40 year old female who work full time and has no children. The household owns 2 cars, 0 motorcycle, 3 bicycles.",1
42280200,"The trip distance is 6.0 km. There are three travel modes for the traveler to choose from: 1. Public transport: travel time is 35 minutes, and the travel cost is 5.0 CHF. 2. Driving: travel time is 9 minutes, and the travel cost is 0.9 CHF. 3. Soft modes are free of charge. Traveler is 40 year old female who work full time and has no children. The household owns 2 cars, 0 motorcycle, 3 bicycles.",1
42280200,"The trip distance is 4.0 km. There are three travel modes for the traveler to choose from: 1. Public transport: travel time is 8 minutes, and the travel cost is 3.8 CHF. 2. Driving: travel time is 7 minutes, and the travel cost is 0.64 CHF. 3. Soft modes are free of charge. Traveler is 40 year old female who work full time and has no children. The household owns 2 cars, 0 motorcycle, 3 bicycles.",1
42280217,"The trip distance is 30.0 km. There are three travel modes for the traveler to choose from: 1. Public transport: travel time is 68 minutes, and the travel cost is 5.5 CHF. 2. Driving: travel time is 42 minutes, and the travel cost is 4.69 CHF. 3. Soft modes are free of charge. Traveler is 67 year old female who work part time and has no children. The household owns 1 car, 0 motorcycle, 0 bicycle.",1
42280258,"The trip distance is 4.0 km. There are three travel modes for the traveler to choose from: 1. Public transport: travel time is 17 minutes, and the travel cost is 3.8 CHF. 2. Driving: travel time is 7 minutes, and the travel cost is 0.64 CHF. 3. Soft modes are free of charge. Traveler is 78 year old male who work part time and has no children. The household owns 1 car, 0 motorcycle, 0 bicycle.",0
42280346,"The trip distance is 11.5 km. There are three travel modes for the traveler to choose from: 1. Public transport: travel time is 45 minutes, and the travel cost is 0.0 CHF. 2. Driving: travel time is 20 minutes, and the travel cost is 1.91 CHF. 3. Soft modes are free of charge. Traveler is 70 year old female who work part time and has no children. The household owns 0 car, 0 motorcycle, 0 bicycle.",0
42280369,"The trip distance is 71.0 km. There are three travel modes for the traveler to choose from: 1. Public transport: travel time is 181 minutes, and the travel cost is 11.7 CHF. 2. Driving: travel time is 92 minutes, and the travel cost is 11.01 CHF. 3. Soft modes are free of charge. Traveler is 35 year old female who work part time and has 2 children. The household owns 0 car, 0 motorcycle, 3 bicycles.",0
42280370,"The trip distance is 65.0 km. There are three travel modes for the traveler to choose from: 1. Public transport: travel time is 205 minutes, and the travel cost is 13.45 CHF. 2. Driving: travel time is 90 minutes, and the travel cost is 10.25 CHF. 3. Soft modes are free of charge. Traveler is 35 year old female who work part time and has 2 children. The household owns 0 car, 0 motorcycle, 3 bicycles.",0
42280523,"The trip distance is 47.0 km. There are three travel modes for the traveler to choose from: 1. Public transport: travel time is 127 minutes, and the travel cost is 22.0 CHF. 2. Driving: travel time is 62 minutes, and the travel cost is 6.96 CHF. 3. Soft modes are free of charge. Traveler is 47 year old male who work full time and has no children. The household owns 2 cars, 0 motorcycle, 1 bicycle.",1
42280540,"The trip distance is 15.0 km. There are three travel modes for the traveler to choose from: 1. Public transport: travel time is 71 minutes, and the travel cost is 0.0 CHF. 2. Driving: travel time is 26 minutes, and the travel cost is 2.64 CHF. 3. Soft modes are free of charge. Traveler is 16 year old female who work part time and has 2 children. The household owns 1 car, 1 motorcycle, 5 bicycles.",0
42280540,"The trip distance is 15.0 km. There are three travel modes for the traveler to choose from: 1. Public transport: travel time is 73 minutes, and the travel cost is 0.0 CHF. 2. Driving: travel time is 26 minutes, and the travel cost is 2.64 CHF. 3. Soft modes are free of charge. Traveler is 16 year old female who work part time and has 2 children. The household owns 1 car, 1 motorcycle, 5 bicycles.",0
42280588,"The trip distance is 48.0 km. There are three travel modes for the traveler to choose from: 1. Public transport: travel time is 173 minutes, and the travel cost is 9.0 CHF. 2. Driving: travel time is 77 minutes, and the travel cost is 7.54 CHF. 3. Soft modes are free of charge. Traveler is 52 year old female who work full time and has no children. The household owns 1 car, 0 motorcycle, 7 bicycles.",0
42280650,"The trip distance is 51.0 km. There are three travel modes for the traveler to choose from: 1. Public transport: travel time is 126 minutes, and the travel cost is 0.0 CHF. 2. Driving: travel time is 68 minutes, and the travel cost is 4.54 CHF. 3. Soft modes are free of charge. Traveler is 40 year old male who work part time and has 3 children. The household owns 1 car, 1 motorcycle, 6 bicycles.",0
42340021,"The trip distance is 23.2 km. There are three travel modes for the traveler to choose from: 1. Public transport: travel time is 130 minutes, and the travel cost is 11.6 CHF. 2. Driving: travel time is 39 minutes, and the travel cost is 4.1 CHF. 3. Soft modes are free of charge. Traveler is 38 year old female who work part time and has 2 children. The household owns 2 cars, 3 motorcycles, 5 bicycles.",2
42340125,"The trip distance is 54.0 km. There are three travel modes for the traveler to choose from: 1. Public transport: travel time is 148 minutes, and the travel cost is 13.3 CHF. 2. Driving: travel time is 66 minutes, and the travel cost is 7.71 CHF. 3. Soft modes are free of charge. Traveler is 60 year old male who work full time and has no children. The household owns 1 car, 0 motorcycle, 1 bicycle.",1
42340129,"The trip distance is 5.5 km. There are three travel modes for the traveler to choose from: 1. Public transport: travel time is 29 minutes, and the travel cost is 8.8 CHF. 2. Driving: travel time is 9 minutes, and the travel cost is 0.9 CHF. 3. Soft modes are free of charge. Traveler is 54 year old male who work full time and has no children. The household owns 1 car, 0 motorcycle, 3 bicycles.",1
42340129,"The trip distance is 9.5 km. There are three travel modes for the traveler to choose from: 1. Public transport: travel time is 54 minutes, and the travel cost is 8.8 CHF. 2. Driving: travel time is 16 minutes, and the travel cost is 1.5 CHF. 3. Soft modes are free of charge. Traveler is 54 year old male who work full time and has no children. The household owns 1 car, 0 motorcycle, 3 bicycles.",1
42340130,"The trip distance is 11.0 km. There are three travel modes for the traveler to choose from: 1. Public transport: travel time is 56 minutes, and the travel cost is 17.6 CHF. 2. Driving: travel time is 18 minutes, and the travel cost is 1.81 CHF. 3. Soft modes are free of charge. Traveler is 54 year old male who work full time and has no children. The household owns 1 car, 0 motorcycle, 3 bicycles.",1
42340159,"The trip distance is 1.0 km. There are three travel modes for the traveler to choose from: 1. Public transport: travel time is 12 minutes, and the travel cost is 2.2 CHF. 2. Driving: travel time is 1 minutes, and the travel cost is 0.16 CHF. 3. Soft modes are free of charge. Traveler is 44 year old female who work part time and has no children. The household owns 1 car, 3 motorcycles, 2 bicycles.",1
42340159,"The trip distance is 4.5 km. There are three travel modes for the traveler to choose from: 1. Public transport: travel time is 72 minutes, and the travel cost is 8.0 CHF. 2. Driving: travel time is 6 minutes, and the travel cost is 0.69 CHF. 3. Soft modes are free of charge. Traveler is 44 year old female who work part time and has no children. The household owns 1 car, 3 motorcycles, 2 bicycles.",1
42340221,"The trip distance is 23.0 km. There are three travel modes for the traveler to choose from: 1. Public transport: travel time is 68 minutes, and the travel cost is 0.0 CHF. 2. Driving: travel time is 30 minutes, and the travel cost is 3.34 CHF. 3. Soft modes are free of charge. Traveler is 47 year old male who work full time and has no children. The household owns 3 cars, 1 motorcycle, 4 bicycles.",1
42340325,"The trip distance is 33.5 km. There are three travel modes for the traveler to choose from: 1. Public transport: travel time is 177 minutes, and the travel cost is 10.0 CHF. 2. Driving: travel time is 53 minutes, and the travel cost is 5.3 CHF. 3. Soft modes are free of charge. Traveler is 60 year old male who work full time and has no children. The household owns 1 car, 0 motorcycle, 1 bicycle.",1
42340423,"The trip distance is 68.0 km. There are three travel modes for the traveler to choose from: 1. Public transport: travel time is 203 minutes, and the travel cost is 0.0 CHF. 2. Driving: travel time is 87 minutes, and the travel cost is 10.52 CHF. 3. Soft modes are free of charge. Traveler is 53 year old male who work full time and has no children. The household owns 1 car, 0 motorcycle, 1 bicycle.",0
44630038,"The trip distance is 22.0 km. There are three travel modes for the traveler to choose from: 1. Public transport: travel time is 106 minutes, and the travel cost is 8.0 CHF. 2. Driving: travel time is 40 minutes, and the travel cost is 3.78 CHF. 3. Soft modes are free of charge. Traveler is 39 year old female who work part time and has 2 children. The household owns 2 cars, 0 motorcycle, 4 bicycles.",1
44630160,"The trip distance is 50.0 km. There are three travel modes for the traveler to choose from: 1. Public transport: travel time is 147 minutes, and the travel cost is 10.0 CHF. 2. Driving: travel time is 50 minutes, and the travel cost is 7.17 CHF. 3. Soft modes are free of charge. Traveler is 69 year old male who work part time and has no children. The household owns 1 car, 0 motorcycle, 0 bicycle.",0
44630160,"The trip distance is 11.0 km. There are three travel modes for the traveler to choose from: 1. Public transport: travel time is 98 minutes, and the travel cost is 3.2 CHF. 2. Driving: travel time is 20 minutes, and the travel cost is 2.06 CHF. 3. Soft modes are free of charge. Traveler is 69 year old male who work part time and has no children. The household owns 1 car, 0 motorcycle, 0 bicycle.",1
44630231,"The trip distance is 148.0 km. There are three travel modes for the traveler to choose from: 1. Public transport: travel time is 206 minutes, and the travel cost is 0.0 CHF. 2. Driving: travel time is 119 minutes, and the travel cost is 20.26 CHF. 3. Soft modes are free of charge. Traveler is 40 year old female who work full time and has no children. The household owns 0 car, 0 motorcycle, 0 bicycle.",0
44630329,"The trip distance is 2.5 km. There are three travel modes for the traveler to choose from: 1. Public transport: travel time is 10 minutes, and the travel cost is 0.0 CHF. 2. Driving: travel time is 5 minutes, and the travel cost is 0.52 CHF. 3. Soft modes are free of charge. Traveler is 54 year old male who work full time and has no children. The household owns 2 cars, 0 motorcycle, 1 bicycle.",1
44630329,"The trip distance is 7.5 km. There are three travel modes for the traveler to choose from: 1. Public transport: travel time is 35 minutes, and the travel cost is 4.0 CHF. 2. Driving: travel time is 14 minutes, and the travel cost is 1.42 CHF. 3. Soft modes are free of charge. Traveler is 54 year old male who work full time and has no children. The household owns 2 cars, 0 motorcycle, 1 bicycle.",1
44630344,"The trip distance is 37.0 km. There are three travel modes for the traveler to choose from: 1. Public transport: travel time is 100 minutes, and the travel cost is 11.4 CHF. 2. Driving: travel time is 50 minutes, and the travel cost is 5.75 CHF. 3. Soft modes are free of charge. Traveler is 49 year old male who work full time and has 2 children. The household owns 1 car, 2 motorcycles, 5 bicycles.",1
44630344,"The trip distance is 13.0 km. There are three travel modes for the traveler to choose from: 1. Public transport: travel time is 82 minutes, and the travel cost is 7.6 CHF. 2. Driving: travel time is 22 minutes, and the travel cost is 2.21 CHF. 3. Soft modes are free of charge. Traveler is 49 year old male who work full time and has 2 children. The household owns 1 car, 2 motorcycles, 5 bicycles.",1
44630344,"The trip distance is 9.5 km. There are three travel modes for the traveler to choose from: 1. Public transport: travel time is 54 minutes, and the travel cost is 4.0 CHF. 2. Driving: travel time is 18 minutes, and the travel cost is 1.73 CHF. 3. Soft modes are free of charge. Traveler is 49 year old male who work full time and has 2 children. The household owns 1 car, 2 motorcycles, 5 bicycles.",0
44630393,"The trip distance is 13.0 km. There are three travel modes for the traveler to choose from: 1. Public transport: travel time is 48 minutes, and the travel cost is 7.4 CHF. 2. Driving: travel time is 17 minutes, and the travel cost is 1.98 CHF. 3. Soft modes are free of charge. Traveler is 48 year old female who work part time and has no children. The household owns 1 car, 1 motorcycle, 2 bicycles.",1
44630394,"The trip distance is 13.0 km. There are three travel modes for the traveler to choose from: 1. Public transport: travel time is 48 minutes, and the travel cost is 7.4 CHF. 2. Driving: travel time is 17 minutes, and the travel cost is 1.98 CHF. 3. Soft modes are free of charge. Traveler is 48 year old female who work part time and has no children. The household owns 1 car, 1 motorcycle, 2 bicycles.",1
44630465,"The trip distance is 109.0 km. There are three travel modes for the traveler to choose from: 1. Public transport: travel time is 181 minutes, and the travel cost is 15.8 CHF. 2. Driving: travel time is 93 minutes, and the travel cost is 14.72 CHF. 3. Soft modes are free of charge. Traveler is 51 year old male who work full time and has 2 children. The household owns 2 cars, 0 motorcycle, 4 bicycles.",1
44630507,"The trip distance is 60.0 km. There are three travel modes for the traveler to choose from: 1. Public transport: travel time is 194 minutes, and the travel cost is 17.4 CHF. 2. Driving: travel time is 63 minutes, and the travel cost is 8.56 CHF. 3. Soft modes are free of charge. Traveler is 52 year old male who work full time and has no children. The household owns 2 cars, 0 motorcycle, 1 bicycle.",1
44630513,"The trip distance is 16.2 km. There are three travel modes for the traveler to choose from: 1. Public transport: travel time is 94 minutes, and the travel cost is 16.4 CHF. 2. Driving: travel time is 28 minutes, and the travel cost is 3.24 CHF. 3. Soft modes are free of charge. Traveler is 64 year old female who work part time and has no children. The household owns 1 car, 0 motorcycle, 1 bicycle.",1
44630670,"The trip distance is 43.0 km. There are three travel modes for the traveler to choose from: 1. Public transport: travel time is 172 minutes, and the travel cost is 8.8 CHF. 2. Driving: travel time is 52 minutes, and the travel cost is 6.42 CHF. 3. Soft modes are free of charge. Traveler is 45 year old female who work part time and has 2 children. The household owns 3 cars, 1 motorcycle, 2 bicycles.",1
44630671,"The trip distance is 43.0 km. There are three travel modes for the traveler to choose from: 1. Public transport: travel time is 158 minutes, and the travel cost is 17.6 CHF. 2. Driving: travel time is 52 minutes, and the travel cost is 6.42 CHF. 3. Soft modes are free of charge. Traveler is 50 year old male who work full time and has 2 children. The household owns 3 cars, 1 motorcycle, 2 bicycles.",1
44640016,"The trip distance is 16.0 km. There are three travel modes for the traveler to choose from: 1. Public transport: travel time is 48 minutes, and the travel cost is 0.0 CHF. 2. Driving: travel time is 30 minutes, and the travel cost is 2.95 CHF. 3. Soft modes are free of charge. Traveler is 19 year old male who work part time and has no children. The household owns 2 cars, 0 motorcycle, 2 bicycles.",0
44640053,"The trip distance is 6.5 km. There are three travel modes for the traveler to choose from: 1. Public transport: travel time is 27 minutes, and the travel cost is 5.0 CHF. 2. Driving: travel time is 11 minutes, and the travel cost is 1.12 CHF. 3. Soft modes are free of charge. Traveler is 41 year old male who work full time and has 2 children. The household owns 2 cars, 0 motorcycle, 4 bicycles.",1
44640117,"The trip distance is 46.0 km. There are three travel modes for the traveler to choose from: 1. Public transport: travel time is 123 minutes, and the travel cost is 9.6 CHF. 2. Driving: travel time is 44 minutes, and the travel cost is 6.61 CHF. 3. Soft modes are free of charge. Traveler is 60 year old male who work full time and has no children. The household owns 4 cars, 0 motorcycle, 4 bicycles.",0
44640310,"The trip distance is 1.0 km. There are three travel modes for the traveler to choose from: 1. Public transport: travel time is 29 minutes, and the travel cost is 2.6 CHF. 2. Driving: travel time is 2 minutes, and the travel cost is 0.49 CHF. 3. Soft modes are free of charge. Traveler is 60 year old male who work full time and has no children. The household owns 1 car, 0 motorcycle, 3 bicycles.",2
44640315,"The trip distance is 25.5 km. There are three travel modes for the traveler to choose from: 1. Public transport: travel time is 76 minutes, and the travel cost is 13.4 CHF. 2. Driving: travel time is 26 minutes, and the travel cost is 3.8 CHF. 3. Soft modes are free of charge. Traveler is 52 year old female who work part time and has no children. The household owns 2 cars, 1 motorcycle, 4 bicycles.",1
44640315,"The trip distance is 419.0 km. There are three travel modes for the traveler to choose from: 1. Public transport: travel time is 271 minutes, and the travel cost is 62.0 CHF. 2. Driving: travel time is 308 minutes, and the travel cost is 55.11 CHF. 3. Soft modes are free of charge. Traveler is 52 year old female who work part time and has no children. The household owns 2 cars, 1 motorcycle, 4 bicycles.",1
44640316,"The trip distance is 51.0 km. There are three travel modes for the traveler to choose from: 1. Public transport: travel time is 87 minutes, and the travel cost is 0.0 CHF. 2. Driving: travel time is 45 minutes, and the travel cost is 7.11 CHF. 3. Soft modes are free of charge. Traveler is 17 year old female who work part time and has no children. The household owns 3 cars, 1 motorcycle, 4 bicycles.",0
44640349,"The trip distance is 14.5 km. There are three travel modes for the traveler to choose from: 1. Public transport: travel time is 55 minutes, and the travel cost is 5.0 CHF. 2. Driving: travel time is 26 minutes, and the travel cost is 2.54 CHF. 3. Soft modes are free of charge. Traveler is 30 year old female who work part time and has no children. The household owns 2 cars, 0 motorcycle, 3 bicycles.",0
44640349,"The trip distance is 24.0 km. There are three travel modes for the traveler to choose from: 1. Public transport: travel time is 73 minutes, and the travel cost is 4.8 CHF. 2. Driving: travel time is 23 minutes, and the travel cost is 3.41 CHF. 3. Soft modes are free of charge. Traveler is 30 year old female who work part time and has no children. The household owns 2 cars, 0 motorcycle, 3 bicycles.",0
44640350,"The trip distance is 42.0 km. There are three travel modes for the traveler to choose from: 1. Public transport: travel time is 114 minutes, and the travel cost is 9.6 CHF. 2. Driving: travel time is 40 minutes, and the travel cost is 6.15 CHF. 3. Soft modes are free of charge. Traveler is 19 year old female who work part time and has no children. The household owns 2 cars, 0 motorcycle, 3 bicycles.",0
44640456,"The trip distance is 44.0 km. There are three travel modes for the traveler to choose from: 1. Public transport: travel time is 79 minutes, and the travel cost is 7.0 CHF. 2. Driving: travel time is 40 minutes, and the travel cost is 6.08 CHF. 3. Soft modes are free of charge. Traveler is 57 year old female who work part time and has no children. The household owns 1 car, 0 motorcycle, 2 bicycles.",0
44640456,"The trip distance is 128.0 km. There are three travel modes for the traveler to choose from: 1. Public transport: travel time is 123 minutes, and the travel cost is 21.8 CHF. 2. Driving: travel time is 84 minutes, and the travel cost is 16.77 CHF. 3. Soft modes are free of charge. Traveler is 57 year old female who work part time and has no children. The household owns 1 car, 0 motorcycle, 2 bicycles.",0
44640508,"The trip distance is 74.5 km. There are three travel modes for the traveler to choose from: 1. Public transport: travel time is 253 minutes, and the travel cost is 28.2 CHF. 2. Driving: travel time is 80 minutes, and the travel cost is 10.56 CHF. 3. Soft modes are free of charge. Traveler is 32 year old female who work part time and has no children. The household owns 1 car, 0 motorcycle, 5 bicycles.",1
44640542,"The trip distance is 114.0 km. There are three travel modes for the traveler to choose from: 1. Public transport: travel time is 358 minutes, and the travel cost is 57.0 CHF. 2. Driving: travel time is 120 minutes, and the travel cost is 15.48 CHF. 3. Soft modes are free of charge. Traveler is 54 year old male who work full time and has no children. The household owns 1 car, 0 motorcycle, 0 bicycle.",1
44640637,"The trip distance is 63.0 km. There are three travel modes for the traveler to choose from: 1. Public transport: travel time is 91 minutes, and the travel cost is 19.4 CHF. 2. Driving: travel time is 46 minutes, and the travel cost is 8.3 CHF. 3. Soft modes are free of charge. Traveler is 44 year old female who work full time and has no children. The household owns 1 car, 0 motorcycle, 0 bicycle.",1
44640655,"The trip distance is 223.0 km. There are three travel modes for the traveler to choose from: 1. Public transport: travel time is 358 minutes, and the travel cost is 43.1 CHF. 2. Driving: travel time is 178 minutes, and the travel cost is 30.74 CHF. 3. Soft modes are free of charge. Traveler is 54 year old male who work full time and has no children. The household owns 1 car, 1 motorcycle, 1 bicycle.",1
44640690,"The trip distance is 46.0 km. There are three travel modes for the traveler to choose from: 1. Public transport: travel time is 120 minutes, and the travel cost is 9.6 CHF. 2. Driving: travel time is 48 minutes, and the travel cost is 6.82 CHF. 3. Soft modes are free of charge. Traveler is 72 year old female who work part time and has no children. The household owns 1 car, 0 motorcycle, 1 bicycle.",0
44670067,"The trip distance is 7.5 km. There are three travel modes for the traveler to choose from: 1. Public transport: travel time is 27 minutes, and the travel cost is 2.2 CHF. 2. Driving: travel time is 12 minutes, and the travel cost is 1.4 CHF. 3. Soft modes are free of charge. Traveler is 61 year old female who work part time and has no children. The household owns 1 car, 0 motorcycle, 2 bicycles.",1
44670080,"The trip distance is 32.0 km. There are three travel modes for the traveler to choose from: 1. Public transport: travel time is 91 minutes, and the travel cost is 0.0 CHF. 2. Driving: travel time is 46 minutes, and the travel cost is 5.06 CHF. 3. Soft modes are free of charge. Traveler is 62 year old male who work full time and has no children. The household owns 1 car, 0 motorcycle, 2 bicycles.",0
44670195,"The trip distance is 5.5 km. There are three travel modes for the traveler to choose from: 1. Public transport: travel time is 22 minutes, and the travel cost is 2.2 CHF. 2. Driving: travel time is 8 minutes, and the travel cost is 0.9 CHF. 3. Soft modes are free of charge. Traveler is 79 year old male who work part time and has no children. The household owns 1 car, 0 motorcycle, 0 bicycle.",0
44670196,"The trip distance is 19.0 km. There are three travel modes for the traveler to choose from: 1. Public transport: travel time is 46 minutes, and the travel cost is 4.8 CHF. 2. Driving: travel time is 26 minutes, and the travel cost is 2.88 CHF. 3. Soft modes are free of charge. Traveler is 79 year old male who work part time and has no children. The household owns 1 car, 0 motorcycle, 0 bicycle.",0
44670291,"The trip distance is 50.5 km. There are three travel modes for the traveler to choose from: 1. Public transport: travel time is 209 minutes, and the travel cost is 24.4 CHF. 2. Driving: travel time is 54 minutes, and the travel cost is 7.08 CHF. 3. Soft modes are free of charge. Traveler is 43 year old female who work part time and has no children. The household owns 2 cars, 0 motorcycle, 3 bicycles.",1
44670292,"The trip distance is 32.0 km. There are three travel modes for the traveler to choose from: 1. Public transport: travel time is 181 minutes, and the travel cost is 12.4 CHF. 2. Driving: travel time is 46 minutes, and the travel cost is 4.61 CHF. 3. Soft modes are free of charge. Traveler is 42 year old male who work full time and has no children. The household owns 2 cars, 0 motorcycle, 4 bicycles.",1
44670378,"The trip distance is 65.0 km. There are three travel modes for the traveler to choose from: 1. Public transport: travel time is 130 minutes, and the travel cost is 0.0 CHF. 2. Driving: travel time is 70 minutes, and the travel cost is 9.5 CHF. 3. Soft modes are free of charge. Traveler is 37 year old male who work part time and has no children. The household owns 1 car, 0 motorcycle, 3 bicycles.",0
44670387,"The trip distance is 16.0 km. There are three travel modes for the traveler to choose from: 1. Public transport: travel time is 38 minutes, and the travel cost is 4.2 CHF. 2. Driving: travel time is 22 minutes, and the travel cost is 2.39 CHF. 3. Soft modes are free of charge. Traveler is 43 year old female who work full time and has no children. The household owns 2 cars, 0 motorcycle, 3 bicycles.",1
44670437,"The trip distance is 16.0 km. There are three travel modes for the traveler to choose from: 1. Public transport: travel time is 42 minutes, and the travel cost is 4.6 CHF. 2. Driving: travel time is 22 minutes, and the travel cost is 2.46 CHF. 3. Soft modes are free of charge. Traveler is 56 year old female who work part time and has no children. The household owns 1 car, 0 motorcycle, 2 bicycles.",0
44670522,"The trip distance is 4.0 km. There are three travel modes for the traveler to choose from: 1. Public transport: travel time is 25 minutes, and the travel cost is 2.2 CHF. 2. Driving: travel time is 6 minutes, and the travel cost is 0.59 CHF. 3. Soft modes are free of charge. Traveler is 62 year old male who work full time and has no children. The household owns 2 cars, 0 motorcycle, 1 bicycle.",1
44690050,"The trip distance is 16.0 km. There are three travel modes for the traveler to choose from: 1. Public transport: travel time is 44 minutes, and the travel cost is 10.6 CHF. 2. Driving: travel time is 24 minutes, and the travel cost is 2.38 CHF. 3. Soft modes are free of charge. Traveler is 50 year old male who work full time and has no children. The household owns 3 cars, 0 motorcycle, 3 bicycles.",1
44690050,"The trip distance is 8.0 km. There are three travel modes for the traveler to choose from: 1. Public transport: travel time is 29 minutes, and the travel cost is 8.0 CHF. 2. Driving: travel time is 10 minutes, and the travel cost is 1.18 CHF. 3. Soft modes are free of charge. Traveler is 50 year old male who work full time and has no children. The household owns 3 cars, 0 motorcycle, 3 bicycles.",1
44690111,"The trip distance is 65.5 km. There are three travel modes for the traveler to choose from: 1. Public transport: travel time is 111 minutes, and the travel cost is 18.0 CHF. 2. Driving: travel time is 94 minutes, and the travel cost is 12.64 CHF. 3. Soft modes are free of charge. Traveler is 81 year old male who work part time and has no children. The household owns 1 car, 0 motorcycle, 2 bicycles.",0
44690187,"The trip distance is 75.0 km. There are three travel modes for the traveler to choose from: 1. Public transport: travel time is 322 minutes, and the travel cost is 31.6 CHF. 2. Driving: travel time is 98 minutes, and the travel cost is 10.27 CHF. 3. Soft modes are free of charge. Traveler is 42 year old male who work full time and has no children. The household owns 2 cars, 0 motorcycle, 2 bicycles.",1
44690188,"The trip distance is 65.0 km. There are three travel modes for the traveler to choose from: 1. Public transport: travel time is 316 minutes, and the travel cost is 31.6 CHF. 2. Driving: travel time is 85 minutes, and the travel cost is 9.0 CHF. 3. Soft modes are free of charge. Traveler is 33 year old female who work part time and has no children. The household owns 2 cars, 0 motorcycle, 2 bicycles.",1
44690328,"The trip distance is 32.7 km. There are three travel modes for the traveler to choose from: 1. Public transport: travel time is 233 minutes, and the travel cost is 22.5 CHF. 2. Driving: travel time is 50 minutes, and the travel cost is 5.16 CHF. 3. Soft modes are free of charge. Traveler is 65 year old female who work part time and has no children. The household owns 2 cars, 0 motorcycle, 2 bicycles.",1
44692020,"The trip distance is 24.0 km. There are three travel modes for the traveler to choose from: 1. Public transport: travel time is 142 minutes, and the travel cost is 28.8 CHF. 2. Driving: travel time is 34 minutes, and the travel cost is 3.5 CHF. 3. Soft modes are free of charge. Traveler is 26 year old female who work part time and has no children. The household owns 1 car, 0 motorcycle, 2 bicycles.",1
47120013,"The trip distance is 0.7 km. There are three travel modes for the traveler to choose from: 1. Public transport: travel time is 93 minutes, and the travel cost is 2.2 CHF. 2. Driving: travel time is 1 minutes, and the travel cost is 0.2 CHF. 3. Soft modes are free of charge. Traveler is 52 year old male who work full time and has no children. The household owns 2 cars, 0 motorcycle, 5 bicycles.",2
47120030,"The trip distance is 28.0 km. There are three travel modes for the traveler to choose from: 1. Public transport: travel time is 85 minutes, and the travel cost is 23.0 CHF. 2. Driving: travel time is 25 minutes, and the travel cost is 3.87 CHF. 3. Soft modes are free of charge. Traveler is 55 year old female who work full time and has no children. The household owns 3 cars, 0 motorcycle, 0 bicycle.",1
47120030,"The trip distance is 46.0 km. There are three travel modes for the traveler to choose from: 1. Public transport: travel time is 108 minutes, and the travel cost is 21.8 CHF. 2. Driving: travel time is 44 minutes, and the travel cost is 6.38 CHF. 3. Soft modes are free of charge. Traveler is 55 year old female who work full time and has no children. The household owns 3 cars, 0 motorcycle, 0 bicycle.",1
47120321,"The trip distance is 54.2 km. There are three travel modes for the traveler to choose from: 1. Public transport: travel time is 94 minutes, and the travel cost is 0.0 CHF. 2. Driving: travel time is 55 minutes, and the travel cost is 7.31 CHF. 3. Soft modes are free of charge. Traveler is 36 year old male who work part time and has no children. The household owns 2 cars, 0 motorcycle, 3 bicycles.",1
47120322,"The trip distance is 27.0 km. There are three travel modes for the traveler to choose from: 1. Public transport: travel time is 53 minutes, and the travel cost is 5.1 CHF. 2. Driving: travel time is 27 minutes, and the travel cost is 3.8 CHF. 3. Soft modes are free of charge. Traveler is 27 year old female who work part time and has no children. The household owns 2 cars, 0 motorcycle, 3 bicycles.",1
47120322,"The trip distance is 0.7 km. There are three travel modes for the traveler to choose from: 1. Public transport: travel time is 7 minutes, and the travel cost is 2.2 CHF. 2. Driving: travel time is 7 minutes, and the travel cost is 0.0 CHF. 3. Soft modes are free of charge. Traveler is 27 year old female who work part time and has no children. The household owns 2 cars, 0 motorcycle, 3 bicycles.",2
47120376,"The trip distance is 112.5 km. There are three travel modes for the traveler to choose from: 1. Public transport: travel time is 449 minutes, and the travel cost is 21.2 CHF. 2. Driving: travel time is 98 minutes, and the travel cost is 15.29 CHF. 3. Soft modes are free of charge. Traveler is 21 year old female who work part time and has no children. The household owns 3 cars, 0 motorcycle, 4 bicycles.",1
47120490,"The trip distance is 51.5 km. There are three travel modes for the traveler to choose from: 1. Public transport: travel time is 181 minutes, and the travel cost is 15.8 CHF. 2. Driving: travel time is 52 minutes, and the travel cost is 6.88 CHF. 3. Soft modes are free of charge. Traveler is 49 year old male who work full time and has no children. The household owns 2 cars, 1 motorcycle, 5 bicycles.",1
47120549,"The trip distance is 33.5 km. There are three travel modes for the traveler to choose from: 1. Public transport: travel time is 201 minutes, and the travel cost is 7.5 CHF. 2. Driving: travel time is 40 minutes, and the travel cost is 4.92 CHF. 3. Soft modes are free of charge. Traveler is 54 year old female who work part time and has no children. The household owns 2 cars, 0 motorcycle, 4 bicycles.",1
47120587,"The trip distance is 55.0 km. There are three travel modes for the traveler to choose from: 1. Public transport: travel time is 147 minutes, and the travel cost is 11.6 CHF. 2. Driving: travel time is 52 minutes, and the travel cost is 7.57 CHF. 3. Soft modes are free of charge. Traveler is 53 year old male who work full time and has no children. The household owns 0 car, 0 motorcycle, 2 bicycles.",0
47120604,"The trip distance is 1.3 km. There are three travel modes for the traveler to choose from: 1. Public transport: travel time is 2 minutes, and the travel cost is 0.0 CHF. 2. Driving: travel time is 3 minutes, and the travel cost is 0.3 CHF. 3. Soft modes are free of charge. Traveler is 64 year old male who work part time and has no children. The household owns 1 car, 1 motorcycle, 1 bicycle.",1
47120623,"The trip distance is 3.0 km. There are three travel modes for the traveler to choose from: 1. Public transport: travel time is 30 minutes, and the travel cost is 0.0 CHF. 2. Driving: travel time is 30 minutes, and the travel cost is 0.0 CHF. 3. Soft modes are free of charge. Traveler is 50 year old male who work full time and has no children. The household owns 2 cars, 0 motorcycle, 4 bicycles.",2
47120643,"The trip distance is 12.0 km. There are three travel modes for the traveler to choose from: 1. Public transport: travel time is 69 minutes, and the travel cost is 7.6 CHF. 2. Driving: travel time is 16 minutes, and the travel cost is 1.68 CHF. 3. Soft modes are free of charge. Traveler is 60 year old male who work full time and has no children. The household owns 2 cars, 1 motorcycle, 3 bicycles.",1
47120643,"The trip distance is 12.0 km. There are three travel modes for the traveler to choose from: 1. Public transport: travel time is 69 minutes, and the travel cost is 7.6 CHF. 2. Driving: travel time is 16 minutes, and the travel cost is 1.69 CHF. 3. Soft modes are free of charge. Traveler is 60 year old male who work full time and has no children. The household owns 2 cars, 1 motorcycle, 3 bicycles.",1
47120644,"The trip distance is 9.0 km. There are three travel modes for the traveler to choose from: 1. Public transport: travel time is 65 minutes, and the travel cost is 7.6 CHF. 2. Driving: travel time is 14 minutes, and the travel cost is 1.49 CHF. 3. Soft modes are free of charge. Traveler is 56 year old female who work part time and has no children. The household owns 2 cars, 1 motorcycle, 3 bicycles.",1
47120644,"The trip distance is 443.0 km. There are three travel modes for the traveler to choose from: 1. Public transport: travel time is 65 minutes, and the travel cost is 7.6 CHF. 2. Driving: travel time is 271 minutes, and the travel cost is 58.91 CHF. 3. Soft modes are free of charge. Traveler is 56 year old female who work part time and has no children. The household owns 2 cars, 1 motorcycle, 3 bicycles.",1
47120644,"The trip distance is 1.4 km. There are three travel modes for the traveler to choose from: 1. Public transport: travel time is 2 minutes, and the travel cost is 0.0 CHF. 2. Driving: travel time is 2 minutes, and the travel cost is 0.34 CHF. 3. Soft modes are free of charge. Traveler is 56 year old female who work part time and has no children. The household owns 2 cars, 1 motorcycle, 3 bicycles.",1
47120762,"The trip distance is 48.0 km. There are three travel modes for the traveler to choose from: 1. Public transport: travel time is 95 minutes, and the travel cost is 2.8 CHF. 2. Driving: travel time is 35 minutes, and the travel cost is 6.2 CHF. 3. Soft modes are free of charge. Traveler is 68 year old female who work part time and has no children. The household owns 1 car, 1 motorcycle, 2 bicycles.",1
47120768,"The trip distance is 1.7 km. There are three travel modes for the traveler to choose from: 1. Public transport: travel time is 2 minutes, and the travel cost is 0.0 CHF. 2. Driving: travel time is 2 minutes, and the travel cost is 0.39 CHF. 3. Soft modes are free of charge. Traveler is 69 year old male who work part time and has no children. The household owns 2 cars, 0 motorcycle, 2 bicycles.",1
47120775,"The trip distance is 53.5 km. There are three travel modes for the traveler to choose from: 1. Public transport: travel time is 153 minutes, and the travel cost is 13.0 CHF. 2. Driving: travel time is 62 minutes, and the travel cost is 7.75 CHF. 3. Soft modes are free of charge. Traveler is 27 year old female who work full time and has no children. The household owns 1 car, 1 motorcycle, 1 bicycle.",1
47120849,"The trip distance is 0.5 km. There are three travel modes for the traveler to choose from: 1. Public transport: travel time is 2 minutes, and the travel cost is 0.0 CHF. 2. Driving: travel time is 1 minutes, and the travel cost is 0.16 CHF. 3. Soft modes are free of charge. Traveler is 43 year old female who work part time and has no children. The household owns 1 car, 0 motorcycle, 2 bicycles.",2
47120849,"The trip distance is 28.0 km. There are three travel modes for the traveler to choose from: 1. Public transport: travel time is 80 minutes, and the travel cost is 7.6 CHF. 2. Driving: travel time is 25 minutes, and the travel cost is 3.88 CHF. 3. Soft modes are free of charge. Traveler is 43 year old female who work part time and has no children. The household owns 1 car, 0 motorcycle, 2 bicycles.",1
47120849,"The trip distance is 3.0 km. There are three travel modes for the traveler to choose from: 1. Public transport: travel time is 27 minutes, and the travel cost is 2.8 CHF. 2. Driving: travel time is 5 minutes, and the travel cost is 0.56 CHF. 3. Soft modes are free of charge. Traveler is 43 year old female who work part time and has no children. The household owns 1 car, 0 motorcycle, 2 bicycles.",1
47120871,"The trip distance is 42.0 km. There are three travel modes for the traveler to choose from: 1. Public transport: travel time is 185 minutes, and the travel cost is 0.0 CHF. 2. Driving: travel time is 51 minutes, and the travel cost is 5.75 CHF. 3. Soft modes are free of charge. Traveler is 39 year old male who work full time and has 2 children. The household owns 2 cars, 0 motorcycle, 8 bicycles.",0
47120872,"The trip distance is 51.0 km. There are three travel modes for the traveler to choose from: 1. Public transport: travel time is 106 minutes, and the travel cost is 0.0 CHF. 2. Driving: travel time is 51 minutes, and the travel cost is 7.14 CHF. 3. Soft modes are free of charge. Traveler is 39 year old male who work full time and has 2 children. The household owns 2 cars, 0 motorcycle, 8 bicycles.",0
47120923,"The trip distance is 17.0 km. There are three travel modes for the traveler to choose from: 1. Public transport: travel time is 115 minutes, and the travel cost is 2.8 CHF. 2. Driving: travel time is 24 minutes, and the travel cost is 2.48 CHF. 3. Soft modes are free of charge. Traveler is 62 year old female who work full time and has no children. The household owns 1 car, 0 motorcycle, 1 bicycle.",1
47120924,"The trip distance is 17.0 km. There are three travel modes for the traveler to choose from: 1. Public transport: travel time is 115 minutes, and the travel cost is 2.8 CHF. 2. Driving: travel time is 24 minutes, and the travel cost is 2.48 CHF. 3. Soft modes are free of charge. Traveler is 62 year old female who work full time and has no children. The household owns 1 car, 0 motorcycle, 1 bicycle.",2
47120924,"The trip distance is 17.0 km. There are three travel modes for the traveler to choose from: 1. Public transport: travel time is 92 minutes, and the travel cost is 2.8 CHF. 2. Driving: travel time is 24 minutes, and the travel cost is 2.48 CHF. 3. Soft modes are free of charge. Traveler is 62 year old female who work full time and has no children. The household owns 1 car, 0 motorcycle, 1 bicycle.",1
47120924,"The trip distance is 55.0 km. There are three travel modes for the traveler to choose from: 1. Public transport: travel time is 489 minutes, and the travel cost is 9.6 CHF. 2. Driving: travel time is 49 minutes, and the travel cost is 7.48 CHF. 3. Soft modes are free of charge. Traveler is 62 year old female who work full time and has no children. The household owns 1 car, 0 motorcycle, 1 bicycle.",1
47120931,"The trip distance is 34.0 km. There are three travel modes for the traveler to choose from: 1. Public transport: travel time is 144 minutes, and the travel cost is 2.8 CHF. 2. Driving: travel time is 34 minutes, and the travel cost is 4.66 CHF. 3. Soft modes are free of charge. Traveler is 38 year old male who work full time and has 2 children. The household owns 2 cars, 0 motorcycle, 4 bicycles.",1
47120931,"The trip distance is 53.0 km. There are three travel modes for the traveler to choose from: 1. Public transport: travel time is 130 minutes, and the travel cost is 5.1 CHF. 2. Driving: travel time is 53 minutes, and the travel cost is 7.42 CHF. 3. Soft modes are free of charge. Traveler is 38 year old male who work full time and has 2 children. The household owns 2 cars, 0 motorcycle, 4 bicycles.",1
47120932,"The trip distance is 34.0 km. There are three travel modes for the traveler to choose from: 1. Public transport: travel time is 160 minutes, and the travel cost is 2.8 CHF. 2. Driving: travel time is 34 minutes, and the travel cost is 4.66 CHF. 3. Soft modes are free of charge. Traveler is 38 year old male who work full time and has 2 children. The household owns 2 cars, 0 motorcycle, 4 bicycles.",1
47120939,"The trip distance is 7.0 km. There are three travel modes for the traveler to choose from: 1. Public transport: travel time is 59 minutes, and the travel cost is 2.8 CHF. 2. Driving: travel time is 10 minutes, and the travel cost is 1.0 CHF. 3. Soft modes are free of charge. Traveler is 36 year old male who work full time and has no children. The household owns 1 car, 0 motorcycle, 4 bicycles.",1
47130034,"The trip distance is 114.7 km. There are three travel modes for the traveler to choose from: 1. Public transport: travel time is 222 minutes, and the travel cost is 0.0 CHF. 2. Driving: travel time is 105 minutes, and the travel cost is 15.59 CHF. 3. Soft modes are free of charge. Traveler is 20 year old male who work part time and has no children. The household owns 1 car, 0 motorcycle, 7 bicycles.",0
47130066,"The trip distance is 18.5 km. There are three travel modes for the traveler to choose from: 1. Public transport: travel time is 54 minutes, and the travel cost is 2.2 CHF. 2. Driving: travel time is 22 minutes, and the travel cost is 2.44 CHF. 3. Soft modes are free of charge. Traveler is 40 year old male who work full time and has 2 children. The household owns 1 car, 0 motorcycle, 6 bicycles.",1
47130066,"The trip distance is 26.4 km. There are three travel modes for the traveler to choose from: 1. Public transport: travel time is 82 minutes, and the travel cost is 3.8 CHF. 2. Driving: travel time is 28 minutes, and the travel cost is 3.51 CHF. 3. Soft modes are free of charge. Traveler is 40 year old male who work full time and has 2 children. The household owns 1 car, 0 motorcycle, 6 bicycles.",1
47130281,"The trip distance is 5.5 km. There are three travel modes for the traveler to choose from: 1. Public transport: travel time is 30 minutes, and the travel cost is 2.2 CHF. 2. Driving: travel time is 8 minutes, and the travel cost is 0.89 CHF. 3. Soft modes are free of charge. Traveler is 55 year old female who work part time and has no children. The household owns 3 cars, 0 motorcycle, 2 bicycles.",1
47130281,"The trip distance is 25.0 km. There are three travel modes for the traveler to choose from: 1. Public transport: travel time is 70 minutes, and the travel cost is 5.1 CHF. 2. Driving: travel time is 27 minutes, and the travel cost is 3.31 CHF. 3. Soft modes are free of charge. Traveler is 55 year old female who work part time and has no children. The household owns 3 cars, 0 motorcycle, 2 bicycles.",1
47130286,"The trip distance is 0.4 km. There are three travel modes for the traveler to choose from: 1. Public transport: travel time is 15 minutes, and the travel cost is 2.2 CHF. 2. Driving: travel time is 1 minutes, and the travel cost is 0.16 CHF. 3. Soft modes are free of charge. Traveler is 60 year old male who work full time and has no children. The household owns 1 car, 0 motorcycle, 1 bicycle.",1
47130332,"The trip distance is 119.0 km. There are three travel modes for the traveler to choose from: 1. Public transport: travel time is 208 minutes, and the travel cost is 0.0 CHF. 2. Driving: travel time is 92 minutes, and the travel cost is 15.75 CHF. 3. Soft modes are free of charge. Traveler is 72 year old male who work part time and has no children. The household owns 3 cars, 0 motorcycle, 4 bicycles.",0
47130345,"The trip distance is 40.0 km. There are three travel modes for the traveler to choose from: 1. Public transport: travel time is 89 minutes, and the travel cost is 5.1 CHF. 2. Driving: travel time is 42 minutes, and the travel cost is 5.43 CHF. 3. Soft modes are free of charge. Traveler is 19 year old female who work full time and has no children. The household owns 2 cars, 0 motorcycle, 2 bicycles.",1
47130345,"The trip distance is 14.0 km. There are three travel modes for the traveler to choose from: 1. Public transport: travel time is 85 minutes, and the travel cost is 2.8 CHF. 2. Driving: travel time is 20 minutes, and the travel cost is 2.12 CHF. 3. Soft modes are free of charge. Traveler is 19 year old female who work full time and has no children. The household owns 2 cars, 0 motorcycle, 2 bicycles.",1
47130387,"The trip distance is 320.0 km. There are three travel modes for the traveler to choose from: 1. Public transport: travel time is 381 minutes, and the travel cost is 105.2 CHF. 2. Driving: travel time is 202 minutes, and the travel cost is 41.5 CHF. 3. Soft modes are free of charge. Traveler is 68 year old male who work part time and has no children. The household owns 1 car, 0 motorcycle, 0 bicycle.",0
47130387,"The trip distance is 32.0 km. There are three travel modes for the traveler to choose from: 1. Public transport: travel time is 65 minutes, and the travel cost is 7.6 CHF. 2. Driving: travel time is 29 minutes, and the travel cost is 4.28 CHF. 3. Soft modes are free of charge. Traveler is 68 year old male who work part time and has no children. The household owns 1 car, 0 motorcycle, 0 bicycle.",0
47130442,"The trip distance is 1.2 km. There are three travel modes for the traveler to choose from: 1. Public transport: travel time is 18 minutes, and the travel cost is 2.2 CHF. 2. Driving: travel time is 2 minutes, and the travel cost is 0.36 CHF. 3. Soft modes are free of charge. Traveler is 37 year old female who work full time and has no children. The household owns 1 car, 0 motorcycle, 1 bicycle.",2
47130533,"The trip distance is 36.0 km. There are three travel modes for the traveler to choose from: 1. Public transport: travel time is 204 minutes, and the travel cost is 15.0 CHF. 2. Driving: travel time is 54 minutes, and the travel cost is 5.39 CHF. 3. Soft modes are free of charge. Traveler is 32 year old male who work full time and has no children. The household owns 3 cars, 1 motorcycle, 5 bicycles.",1
47130611,"The trip distance is 0.5 km. There are three travel modes for the traveler to choose from: 1. Public transport: travel time is 5 minutes, and the travel cost is 2.2 CHF. 2. Driving: travel time is 2 minutes, and the travel cost is 0.6 CHF. 3. Soft modes are free of charge. Traveler is 44 year old male who work full time and has 2 children. The household owns 2 cars, 0 motorcycle, 7 bicycles.",1
47130611,"The trip distance is 13.0 km. There are three travel modes for the traveler to choose from: 1. Public transport: travel time is 54 minutes, and the travel cost is 2.8 CHF. 2. Driving: travel time is 18 minutes, and the travel cost is 2.12 CHF. 3. Soft modes are free of charge. Traveler is 44 year old male who work full time and has 2 children. The household owns 2 cars, 0 motorcycle, 7 bicycles.",1
47130685,"The trip distance is 118.0 km. There are three travel modes for the traveler to choose from: 1. Public transport: travel time is 233 minutes, and the travel cost is 53.4 CHF. 2. Driving: travel time is 89 minutes, and the travel cost is 15.59 CHF. 3. Soft modes are free of charge. Traveler is 72 year old male who work part time and has no children. The household owns 1 car, 0 motorcycle, 2 bicycles.",1
47130823,"The trip distance is 307.0 km. There are three travel modes for the traveler to choose from: 1. Public transport: travel time is 433 minutes, and the travel cost is 53.3 CHF. 2. Driving: travel time is 220 minutes, and the travel cost is 40.04 CHF. 3. Soft modes are free of charge. Traveler is 73 year old female who work part time and has no children. The household owns 1 car, 0 motorcycle, 1 bicycle.",1
50260039,"The trip distance is 10.0 km. There are three travel modes for the traveler to choose from: 1. Public transport: travel time is 29 minutes, and the travel cost is 3.1 CHF. 2. Driving: travel time is 16 minutes, and the travel cost is 1.65 CHF. 3. Soft modes are free of charge. Traveler is 47 year old female who work part time and has no children. The household owns 1 car, 0 motorcycle, 0 bicycle.",0
50260077,"The trip distance is 29.0 km. There are three travel modes for the traveler to choose from: 1. Public transport: travel time is 85 minutes, and the travel cost is 5.3 CHF. 2. Driving: travel time is 25 minutes, and the travel cost is 3.97 CHF. 3. Soft modes are free of charge. Traveler is 72 year old male who work part time and has no children. The household owns 1 car, 0 motorcycle, 3 bicycles.",1
50260087,"The trip distance is 21.0 km. There are three travel modes for the traveler to choose from: 1. Public transport: travel time is 73 minutes, and the travel cost is 6.2 CHF. 2. Driving: travel time is 32 minutes, and the travel cost is 3.42 CHF. 3. Soft modes are free of charge. Traveler is 54 year old female who work part time and has no children. The household owns 1 car, 1 motorcycle, 2 bicycles.",0
50260166,"The trip distance is 106.0 km. There are three travel modes for the traveler to choose from: 1. Public transport: travel time is 192 minutes, and the travel cost is 49.8 CHF. 2. Driving: travel time is 87 minutes, and the travel cost is 14.34 CHF. 3. Soft modes are free of charge. Traveler is 53 year old male who work full time and has no children. The household owns 2 cars, 1 motorcycle, 3 bicycles.",1
50260181,"The trip distance is 75.5 km. There are three travel modes for the traveler to choose from: 1. Public transport: travel time is 177 minutes, and the travel cost is 0.0 CHF. 2. Driving: travel time is 64 minutes, and the travel cost is 10.49 CHF. 3. Soft modes are free of charge. Traveler is 53 year old male who work full time and has no children. The household owns 1 car, 0 motorcycle, 3 bicycles.",0
50270016,"The trip distance is 119.0 km. There are three travel modes for the traveler to choose from: 1. Public transport: travel time is 172 minutes, and the travel cost is 20.5 CHF. 2. Driving: travel time is 93 minutes, and the travel cost is 16.82 CHF. 3. Soft modes are free of charge. Traveler is 76 year old male who work part time and has no children. The household owns 1 car, 0 motorcycle, 0 bicycle.",1
50270151,"The trip distance is 11.5 km. There are three travel modes for the traveler to choose from: 1. Public transport: travel time is 51 minutes, and the travel cost is 4.0 CHF. 2. Driving: travel time is 15 minutes, and the travel cost is 1.73 CHF. 3. Soft modes are free of charge. Traveler is 54 year old male who work full time and has no children. The household owns 1 car, 0 motorcycle, 3 bicycles.",0
50270194,"The trip distance is 125.0 km. There are three travel modes for the traveler to choose from: 1. Public transport: travel time is 186 minutes, and the travel cost is 13.0 CHF. 2. Driving: travel time is 99 minutes, and the travel cost is 16.18 CHF. 3. Soft modes are free of charge. Traveler is 40 year old male who work full time and has no children. The household owns 1 car, 0 motorcycle, 4 bicycles.",0
50270271,"The trip distance is 19.0 km. There are three travel modes for the traveler to choose from: 1. Public transport: travel time is 104 minutes, and the travel cost is 16.9 CHF. 2. Driving: travel time is 28 minutes, and the travel cost is 3.01 CHF. 3. Soft modes are free of charge. Traveler is 54 year old male who work part time and has no children. The household owns 1 car, 0 motorcycle, 1 bicycle.",1
50270317,"The trip distance is 6.0 km. There are three travel modes for the traveler to choose from: 1. Public transport: travel time is 19 minutes, and the travel cost is 2.2 CHF. 2. Driving: travel time is 8 minutes, and the travel cost is 0.89 CHF. 3. Soft modes are free of charge. Traveler is 46 year old male who work full time and has no children. The household owns 2 cars, 0 motorcycle, 2 bicycles.",1
50270408,"The trip distance is 13.0 km. There are three travel modes for the traveler to choose from: 1. Public transport: travel time is 66 minutes, and the travel cost is 11.4 CHF. 2. Driving: travel time is 17 minutes, and the travel cost is 1.72 CHF. 3. Soft modes are free of charge. Traveler is 70 year old male who work part time and has no children. The household owns 2 cars, 1 motorcycle, 1 bicycle.",0
50270426,"The trip distance is 19.5 km. There are three travel modes for the traveler to choose from: 1. Public transport: travel time is 96 minutes, and the travel cost is 9.6 CHF. 2. Driving: travel time is 16 minutes, and the travel cost is 2.52 CHF. 3. Soft modes are free of charge. Traveler is 38 year old male who work full time and has no children. The household owns 2 cars, 1 motorcycle, 2 bicycles.",1
50270426,"The trip distance is 14.0 km. There are three travel modes for the traveler to choose from: 1. Public transport: travel time is 124 minutes, and the travel cost is 14.8 CHF. 2. Driving: travel time is 24 minutes, and the travel cost is 2.62 CHF. 3. Soft modes are free of charge. Traveler is 38 year old male who work full time and has no children. The household owns 2 cars, 1 motorcycle, 2 bicycles.",1
50270436,"The trip distance is 11.5 km. There are three travel modes for the traveler to choose from: 1. Public transport: travel time is 52 minutes, and the travel cost is 0.0 CHF. 2. Driving: travel time is 15 minutes, and the travel cost is 1.71 CHF. 3. Soft modes are free of charge. Traveler is 42 year old male who work full time and has 2 children. The household owns 2 cars, 0 motorcycle, 5 bicycles.",1
50270436,"The trip distance is 10.0 km. There are three travel modes for the traveler to choose from: 1. Public transport: travel time is 48 minutes, and the travel cost is 0.0 CHF. 2. Driving: travel time is 12 minutes, and the travel cost is 1.63 CHF. 3. Soft modes are free of charge. Traveler is 42 year old male who work full time and has 2 children. The household owns 2 cars, 0 motorcycle, 5 bicycles.",1
50270436,"The trip distance is 10.0 km. There are three travel modes for the traveler to choose from: 1. Public transport: travel time is 50 minutes, and the travel cost is 0.0 CHF. 2. Driving: travel time is 11 minutes, and the travel cost is 1.62 CHF. 3. Soft modes are free of charge. Traveler is 42 year old male who work full time and has 2 children. The household owns 2 cars, 0 motorcycle, 5 bicycles.",1
50270439,"The trip distance is 64.5 km. There are three travel modes for the traveler to choose from: 1. Public transport: travel time is 183 minutes, and the travel cost is 25.4 CHF. 2. Driving: travel time is 47 minutes, and the travel cost is 8.48 CHF. 3. Soft modes are free of charge. Traveler is 33 year old female who work part time and has no children. The household owns 2 cars, 0 motorcycle, 5 bicycles.",1
50270475,"The trip distance is 58.0 km. There are three travel modes for the traveler to choose from: 1. Public transport: travel time is 174 minutes, and the travel cost is 17.6 CHF. 2. Driving: travel time is 48 minutes, and the travel cost is 7.85 CHF. 3. Soft modes are free of charge. Traveler is 59 year old male who work full time and has no children. The household owns 1 car, 0 motorcycle, 2 bicycles.",1
50270477,"The trip distance is 231.0 km. There are three travel modes for the traveler to choose from: 1. Public transport: travel time is 264 minutes, and the travel cost is 0.0 CHF. 2. Driving: travel time is 151 minutes, and the travel cost is 30.39 CHF. 3. Soft modes are free of charge. Traveler is 35 year old female who work part time and has no children. The household owns 0 car, 0 motorcycle, 10 bicycles.",0
50270478,"The trip distance is 231.0 km. There are three travel modes for the traveler to choose from: 1. Public transport: travel time is 268 minutes, and the travel cost is 0.0 CHF. 2. Driving: travel time is 151 minutes, and the travel cost is 30.39 CHF. 3. Soft modes are free of charge. Traveler is 39 year old male who work part time and has no children. The household owns 0 car, 0 motorcycle, 10 bicycles.",0
50270502,"The trip distance is 103.0 km. There are three travel modes for the traveler to choose from: 1. Public transport: travel time is 127 minutes, and the travel cost is 0.0 CHF. 2. Driving: travel time is 84 minutes, and the travel cost is 13.87 CHF. 3. Soft modes are free of charge. Traveler is 63 year old female who work full time and has no children. The household owns 3 cars, 1 motorcycle, 2 bicycles.",0
50270516,"The trip distance is 228.0 km. There are three travel modes for the traveler to choose from: 1. Public transport: travel time is 204 minutes, and the travel cost is 0.0 CHF. 2. Driving: travel time is 136 minutes, and the travel cost is 29.12 CHF. 3. Soft modes are free of charge. Traveler is 41 year old male who work full time and has no children. The household owns 1 car, 0 motorcycle, 1 bicycle.",1
50270601,"The trip distance is 101.5 km. There are three travel modes for the traveler to choose from: 1. Public transport: travel time is 277 minutes, and the travel cost is 47.7 CHF. 2. Driving: travel time is 98 minutes, and the travel cost is 14.33 CHF. 3. Soft modes are free of charge. Traveler is 32 year old female who work full time and has no children. The household owns 1 car, 0 motorcycle, 1 bicycle.",1
50270601,"The trip distance is 0.2 km. There are three travel modes for the traveler to choose from: 1. Public transport: travel time is 132 minutes, and the travel cost is 14.8 CHF. 2. Driving: travel time is 0 minutes, and the travel cost is 0.09 CHF. 3. Soft modes are free of charge. Traveler is 32 year old female who work full time and has no children. The household owns 1 car, 0 motorcycle, 1 bicycle.",1
50270611,"The trip distance is 90.0 km. There are three travel modes for the traveler to choose from: 1. Public transport: travel time is 265 minutes, and the travel cost is 44.8 CHF. 2. Driving: travel time is 74 minutes, and the travel cost is 11.98 CHF. 3. Soft modes are free of charge. Traveler is 38 year old female who work part time and has no children. The household owns 2 cars, 2 motorcycles, 2 bicycles.",1
50270631,"The trip distance is 14.5 km. There are three travel modes for the traveler to choose from: 1. Public transport: travel time is 81 minutes, and the travel cost is 4.0 CHF. 2. Driving: travel time is 19 minutes, and the travel cost is 2.01 CHF. 3. Soft modes are free of charge. Traveler is 65 year old male who work part time and has no children. The household owns 1 car, 0 motorcycle, 1 bicycle.",1
50270638,"The trip distance is 15.5 km. There are three travel modes for the traveler to choose from: 1. Public transport: travel time is 67 minutes, and the travel cost is 9.3 CHF. 2. Driving: travel time is 16 minutes, and the travel cost is 2.14 CHF. 3. Soft modes are free of charge. Traveler is 61 year old male who work full time and has no children. The household owns 1 car, 0 motorcycle, 2 bicycles.",1
50270639,"The trip distance is 31.0 km. There are three travel modes for the traveler to choose from: 1. Public transport: travel time is 94 minutes, and the travel cost is 0.0 CHF. 2. Driving: travel time is 46 minutes, and the travel cost is 4.7 CHF. 3. Soft modes are free of charge. Traveler is 50 year old male who work full time and has no children. The household owns 1 car, 0 motorcycle, 3 bicycles.",0
50270844,"The trip distance is 64.5 km. There are three travel modes for the traveler to choose from: 1. Public transport: travel time is 229 minutes, and the travel cost is 27.5 CHF. 2. Driving: travel time is 63 minutes, and the travel cost is 9.23 CHF. 3. Soft modes are free of charge. Traveler is 84 year old male who work part time and has no children. The household owns 2 cars, 0 motorcycle, 0 bicycle.",1
50760043,"The trip distance is 30.0 km. There are three travel modes for the traveler to choose from: 1. Public transport: travel time is 127 minutes, and the travel cost is 0.0 CHF. 2. Driving: travel time is 41 minutes, and the travel cost is 4.46 CHF. 3. Soft modes are free of charge. Traveler is 61 year old male who work full time and has no children. The household owns 1 car, 1 motorcycle, 2 bicycles.",0
50760054,"The trip distance is 2.5 km. There are three travel modes for the traveler to choose from: 1. Public transport: travel time is 18 minutes, and the travel cost is 2.2 CHF. 2. Driving: travel time is 3 minutes, and the travel cost is 0.59 CHF. 3. Soft modes are free of charge. Traveler is 70 year old male who work part time and has no children. The household owns 1 car, 0 motorcycle, 3 bicycles.",2
50760086,"The trip distance is 20.0 km. There are three travel modes for the traveler to choose from: 1. Public transport: travel time is 54 minutes, and the travel cost is 10.4 CHF. 2. Driving: travel time is 19 minutes, and the travel cost is 2.74 CHF. 3. Soft modes are free of charge. Traveler is 51 year old male who work full time and has no children. The household owns 2 cars, 0 motorcycle, 3 bicycles.",1
50760116,"The trip distance is 69.0 km. There are three travel modes for the traveler to choose from: 1. Public transport: travel time is 174 minutes, and the travel cost is 40.6 CHF. 2. Driving: travel time is 50 minutes, and the travel cost is 8.91 CHF. 3. Soft modes are free of charge. Traveler is 39 year old female who work full time and has no children. The household owns 2 cars, 0 motorcycle, 0 bicycle.",1
50760131,"The trip distance is 12.0 km. There are three travel modes for the traveler to choose from: 1. Public transport: travel time is 45 minutes, and the travel cost is 10.6 CHF. 2. Driving: travel time is 16 minutes, and the travel cost is 1.73 CHF. 3. Soft modes are free of charge. Traveler is 50 year old male who work full time and has no children. The household owns 2 cars, 1 motorcycle, 0 bicycle.",1
50760131,"The trip distance is 64.0 km. There are three travel modes for the traveler to choose from: 1. Public transport: travel time is 146 minutes, and the travel cost is 29.2 CHF. 2. Driving: travel time is 49 minutes, and the travel cost is 8.67 CHF. 3. Soft modes are free of charge. Traveler is 50 year old male who work full time and has no children. The household owns 2 cars, 1 motorcycle, 0 bicycle.",1
50760137,"The trip distance is 86.0 km. There are three travel modes for the traveler to choose from: 1. Public transport: travel time is 334 minutes, and the travel cost is 47.6 CHF. 2. Driving: travel time is 75 minutes, and the travel cost is 11.85 CHF. 3. Soft modes are free of charge. Traveler is 38 year old female who work full time and has 3 children. The household owns 2 cars, 0 motorcycle, 5 bicycles.",1
50760209,"The trip distance is 35.0 km. There are three travel modes for the traveler to choose from: 1. Public transport: travel time is 143 minutes, and the travel cost is 8.8 CHF. 2. Driving: travel time is 37 minutes, and the travel cost is 4.77 CHF. 3. Soft modes are free of charge. Traveler is 32 year old female who work full time and has no children. The household owns 1 car, 0 motorcycle, 2 bicycles.",1
50760209,"The trip distance is 32.0 km. There are three travel modes for the traveler to choose from: 1. Public transport: travel time is 129 minutes, and the travel cost is 9.6 CHF. 2. Driving: travel time is 38 minutes, and the travel cost is 4.06 CHF. 3. Soft modes are free of charge. Traveler is 32 year old female who work full time and has no children. The household owns 1 car, 0 motorcycle, 2 bicycles.",1
50760210,"The trip distance is 35.0 km. There are three travel modes for the traveler to choose from: 1. Public transport: travel time is 119 minutes, and the travel cost is 8.8 CHF. 2. Driving: travel time is 36 minutes, and the travel cost is 4.6 CHF. 3. Soft modes are free of charge. Traveler is 32 year old female who work full time and has no children. The household owns 1 car, 0 motorcycle, 2 bicycles.",1
50760210,"The trip distance is 395.0 km. There are three travel modes for the traveler to choose from: 1. Public transport: travel time is 605 minutes, and the travel cost is 88.2 CHF. 2. Driving: travel time is 301 minutes, and the travel cost is 53.78 CHF. 3. Soft modes are free of charge. Traveler is 32 year old female who work full time and has no children. The household owns 1 car, 0 motorcycle, 2 bicycles.",1
50760299,"The trip distance is 179.0 km. There are three travel modes for the traveler to choose from: 1. Public transport: travel time is 320 minutes, and the travel cost is 74.4 CHF. 2. Driving: travel time is 129 minutes, and the travel cost is 22.97 CHF. 3. Soft modes are free of charge. Traveler is 32 year old male who work full time and has no children. The household owns 1 car, 0 motorcycle, 1 bicycle.",0
50760337,"The trip distance is 107.0 km. There are three travel modes for the traveler to choose from: 1. Public transport: travel time is 240 minutes, and the travel cost is 44.2 CHF. 2. Driving: travel time is 72 minutes, and the travel cost is 14.04 CHF. 3. Soft modes are free of charge. Traveler is 34 year old female who work full time and has no children. The household owns 1 car, 0 motorcycle, 1 bicycle.",1
50760337,"The trip distance is 15.0 km. There are three travel modes for the traveler to choose from: 1. Public transport: travel time is 141 minutes, and the travel cost is 18.8 CHF. 2. Driving: travel time is 24 minutes, and the travel cost is 2.38 CHF. 3. Soft modes are free of charge. Traveler is 34 year old female who work full time and has no children. The household owns 1 car, 0 motorcycle, 1 bicycle.",1
50760394,"The trip distance is 227.0 km. There are three travel modes for the traveler to choose from: 1. Public transport: travel time is 213 minutes, and the travel cost is 0.0 CHF. 2. Driving: travel time is 203 minutes, and the travel cost is 30.72 CHF. 3. Soft modes are free of charge. Traveler is 48 year old male who work full time and has no children. The household owns 1 car, 2 motorcycles, 3 bicycles.",0
50760421,"The trip distance is 10.0 km. There are three travel modes for the traveler to choose from: 1. Public transport: travel time is 28 minutes, and the travel cost is 3.5 CHF. 2. Driving: travel time is 13 minutes, and the travel cost is 1.42 CHF. 3. Soft modes are free of charge. Traveler is 53 year old female who work full time and has no children. The household owns 0 car, 0 motorcycle, 1 bicycle.",0
50760429,"The trip distance is 65.0 km. There are three travel modes for the traveler to choose from: 1. Public transport: travel time is 107 minutes, and the travel cost is 11.0 CHF. 2. Driving: travel time is 45 minutes, and the travel cost is 8.4 CHF. 3. Soft modes are free of charge. Traveler is 49 year old male who work full time and has no children. The household owns 1 car, 0 motorcycle, 5 bicycles.",1
50760447,"The trip distance is 87.0 km. There are three travel modes for the traveler to choose from: 1. Public transport: travel time is 184 minutes, and the travel cost is 0.0 CHF. 2. Driving: travel time is 67 minutes, and the travel cost is 11.91 CHF. 3. Soft modes are free of charge. Traveler is 56 year old male who work full time and has no children. The household owns 0 car, 0 motorcycle, 1 bicycle.",0
50760453,"The trip distance is 54.2 km. There are three travel modes for the traveler to choose from: 1. Public transport: travel time is 200 minutes, and the travel cost is 19.0 CHF. 2. Driving: travel time is 70 minutes, and the travel cost is 8.24 CHF. 3. Soft modes are free of charge. Traveler is 39 year old female who work part time and has no children. The household owns 2 cars, 0 motorcycle, 3 bicycles.",1
50780013,"The trip distance is 93.0 km. There are three travel modes for the traveler to choose from: 1. Public transport: travel time is 142 minutes, and the travel cost is 0.0 CHF. 2. Driving: travel time is 72 minutes, and the travel cost is 12.48 CHF. 3. Soft modes are free of charge. Traveler is 53 year old male who work full time and has no children. The household owns 2 cars, 1 motorcycle, 1 bicycle.",0
50780056,"The trip distance is 17.0 km. There are three travel modes for the traveler to choose from: 1. Public transport: travel time is 45 minutes, and the travel cost is 5.0 CHF. 2. Driving: travel time is 14 minutes, and the travel cost is 2.18 CHF. 3. Soft modes are free of charge. Traveler is 64 year old female who work part time and has no children. The household owns 2 cars, 1 motorcycle, 3 bicycles.",1
50780056,"The trip distance is 9.0 km. There are three travel modes for the traveler to choose from: 1. Public transport: travel time is 32 minutes, and the travel cost is 3.8 CHF. 2. Driving: travel time is 12 minutes, and the travel cost is 1.35 CHF. 3. Soft modes are free of charge. Traveler is 64 year old female who work part time and has no children. The household owns 2 cars, 1 motorcycle, 3 bicycles.",1
50780087,"The trip distance is 76.0 km. There are three travel modes for the traveler to choose from: 1. Public transport: travel time is 154 minutes, and the travel cost is 0.0 CHF. 2. Driving: travel time is 57 minutes, and the travel cost is 10.32 CHF. 3. Soft modes are free of charge. Traveler is 60 year old female who work part time and has no children. The household owns 1 car, 0 motorcycle, 3 bicycles.",0
50780088,"The trip distance is 80.0 km. There are three travel modes for the traveler to choose from: 1. Public transport: travel time is 146 minutes, and the travel cost is 19.4 CHF. 2. Driving: travel time is 82 minutes, and the travel cost is 10.95 CHF. 3. Soft modes are free of charge. Traveler is 58 year old male who work full time and has no children. The household owns 1 car, 0 motorcycle, 3 bicycles.",0
50780314,"The trip distance is 15.0 km. There are three travel modes for the traveler to choose from: 1. Public transport: travel time is 60 minutes, and the travel cost is 3.5 CHF. 2. Driving: travel time is 17 minutes, and the travel cost is 2.09 CHF. 3. Soft modes are free of charge. Traveler is 61 year old male who work full time and has no children. The household owns 3 cars, 1 motorcycle, 3 bicycles.",1
50780403,"The trip distance is 242.0 km. There are three travel modes for the traveler to choose from: 1. Public transport: travel time is 228 minutes, and the travel cost is 32.0 CHF. 2. Driving: travel time is 149 minutes, and the travel cost is 31.1 CHF. 3. Soft modes are free of charge. Traveler is 48 year old female who work full time and has no children. The household owns 2 cars, 0 motorcycle, 2 bicycles.",1
50780405,"The trip distance is 211.0 km. There are three travel modes for the traveler to choose from: 1. Public transport: travel time is 202 minutes, and the travel cost is 0.0 CHF. 2. Driving: travel time is 130 minutes, and the travel cost is 27.14 CHF. 3. Soft modes are free of charge. Traveler is 60 year old male who work full time and has no children. The household owns 1 car, 1 motorcycle, 3 bicycles.",0
52720041,"The trip distance is 9.5 km. There are three travel modes for the traveler to choose from: 1. Public transport: travel time is 64 minutes, and the travel cost is 9.6 CHF. 2. Driving: travel time is 13 minutes, and the travel cost is 1.29 CHF. 3. Soft modes are free of charge. Traveler is 35 year old male who work full time and has 2 children. The household owns 2 cars, 1 motorcycle, 4 bicycles.",1
52720109,"The trip distance is 9.5 km. There are three travel modes for the traveler to choose from: 1. Public transport: travel time is 69 minutes, and the travel cost is 4.5 CHF. 2. Driving: travel time is 13 minutes, and the travel cost is 1.29 CHF. 3. Soft modes are free of charge. Traveler is 67 year old male who work part time and has no children. The household owns 2 cars, 0 motorcycle, 3 bicycles.",1
52720109,"The trip distance is 9.5 km. There are three travel modes for the traveler to choose from: 1. Public transport: travel time is 42 minutes, and the travel cost is 2.5 CHF. 2. Driving: travel time is 11 minutes, and the travel cost is 1.16 CHF. 3. Soft modes are free of charge. Traveler is 67 year old male who work part time and has no children. The household owns 2 cars, 0 motorcycle, 3 bicycles.",1
52720141,"The trip distance is 52.0 km. There are three travel modes for the traveler to choose from: 1. Public transport: travel time is 62 minutes, and the travel cost is 7.3 CHF. 2. Driving: travel time is 59 minutes, and the travel cost is 7.14 CHF. 3. Soft modes are free of charge. Traveler is 50 year old female who work part time and has no children. The household owns 1 car, 0 motorcycle, 3 bicycles.",1
52720183,"The trip distance is 3.5 km. There are three travel modes for the traveler to choose from: 1. Public transport: travel time is 16 minutes, and the travel cost is 2.2 CHF. 2. Driving: travel time is 5 minutes, and the travel cost is 0.49 CHF. 3. Soft modes are free of charge. Traveler is 31 year old female who work part time and has 2 children. The household owns 2 cars, 1 motorcycle, 4 bicycles.",1
52720287,"The trip distance is 38.0 km. There are three travel modes for the traveler to choose from: 1. Public transport: travel time is 97 minutes, and the travel cost is 4.4 CHF. 2. Driving: travel time is 42 minutes, and the travel cost is 4.5 CHF. 3. Soft modes are free of charge. Traveler is 59 year old male who work full time and has no children. The household owns 1 car, 0 motorcycle, 2 bicycles.",0
52720371,"The trip distance is 91.0 km. There are three travel modes for the traveler to choose from: 1. Public transport: travel time is 345 minutes, and the travel cost is 43.6 CHF. 2. Driving: travel time is 99 minutes, and the travel cost is 12.07 CHF. 3. Soft modes are free of charge. Traveler is 44 year old male who work full time and has no children. The household owns 1 car, 0 motorcycle, 2 bicycles.",1
52720431,"The trip distance is 87.0 km. There are three travel modes for the traveler to choose from: 1. Public transport: travel time is 217 minutes, and the travel cost is 12.4 CHF. 2. Driving: travel time is 79 minutes, and the travel cost is 11.34 CHF. 3. Soft modes are free of charge. Traveler is 53 year old male who work full time and has no children. The household owns 2 cars, 0 motorcycle, 3 bicycles.",1
52720432,"The trip distance is 40.0 km. There are three travel modes for the traveler to choose from: 1. Public transport: travel time is 127 minutes, and the travel cost is 13.1 CHF. 2. Driving: travel time is 57 minutes, and the travel cost is 5.76 CHF. 3. Soft modes are free of charge. Traveler is 49 year old female who work part time and has no children. The household owns 2 cars, 0 motorcycle, 3 bicycles.",1
52720511,"The trip distance is 87.0 km. There are three travel modes for the traveler to choose from: 1. Public transport: travel time is 168 minutes, and the travel cost is 26.4 CHF. 2. Driving: travel time is 76 minutes, and the travel cost is 11.22 CHF. 3. Soft modes are free of charge. Traveler is 37 year old male who work full time and has no children. The household owns 2 cars, 1 motorcycle, 3 bicycles.",1
52720549,"The trip distance is 61.0 km. There are three travel modes for the traveler to choose from: 1. Public transport: travel time is 140 minutes, and the travel cost is 27.6 CHF. 2. Driving: travel time is 69 minutes, and the travel cost is 8.21 CHF. 3. Soft modes are free of charge. Traveler is 62 year old male who work full time and has no children. The household owns 2 cars, 1 motorcycle, 1 bicycle.",1
52720563,"The trip distance is 106.0 km. There are three travel modes for the traveler to choose from: 1. Public transport: travel time is 404 minutes, and the travel cost is 29.0 CHF. 2. Driving: travel time is 121 minutes, and the travel cost is 14.57 CHF. 3. Soft modes are free of charge. Traveler is 44 year old male who work full time and has no children. The household owns 2 cars, 1 motorcycle, 7 bicycles.",1
52720639,"The trip distance is 19.0 km. There are three travel modes for the traveler to choose from: 1. Public transport: travel time is 67 minutes, and the travel cost is 0.0 CHF. 2. Driving: travel time is 22 minutes, and the travel cost is 2.35 CHF. 3. Soft modes are free of charge. Traveler is 21 year old male who work full time and has no children. The household owns 1 car, 2 motorcycles, 4 bicycles.",0
52730004,"The trip distance is 73.3 km. There are three travel modes for the traveler to choose from: 1. Public transport: travel time is 250 minutes, and the travel cost is 19.6 CHF. 2. Driving: travel time is 88 minutes, and the travel cost is 11.18 CHF. 3. Soft modes are free of charge. Traveler is 55 year old male who work full time and has no children. The household owns 4 cars, 0 motorcycle, 4 bicycles.",1
52730183,"The trip distance is 23.5 km. There are three travel modes for the traveler to choose from: 1. Public transport: travel time is 99 minutes, and the travel cost is 13.8 CHF. 2. Driving: travel time is 29 minutes, and the travel cost is 3.11 CHF. 3. Soft modes are free of charge. Traveler is 49 year old male who work full time and has no children. The household owns 3 cars, 2 motorcycles, 5 bicycles.",1
53060150,"The trip distance is 72.0 km. There are three travel modes for the traveler to choose from: 1. Public transport: travel time is 60 minutes, and the travel cost is 3.8 CHF. 2. Driving: travel time is 67 minutes, and the travel cost is 9.1 CHF. 3. Soft modes are free of charge. Traveler is 56 year old male who work full time and has no children. The household owns 2 cars, 0 motorcycle, 5 bicycles.",1
53060150,"The trip distance is 130.0 km. There are three travel modes for the traveler to choose from: 1. Public transport: travel time is 72 minutes, and the travel cost is 3.8 CHF. 2. Driving: travel time is 116 minutes, and the travel cost is 16.28 CHF. 3. Soft modes are free of charge. Traveler is 56 year old male who work full time and has no children. The household owns 2 cars, 0 motorcycle, 5 bicycles.",1
53060177,"The trip distance is 31.0 km. There are three travel modes for the traveler to choose from: 1. Public transport: travel time is 104 minutes, and the travel cost is 5.6 CHF. 2. Driving: travel time is 44 minutes, and the travel cost is 4.43 CHF. 3. Soft modes are free of charge. Traveler is 40 year old female who work full time and has no children. The household owns 2 cars, 1 motorcycle, 2 bicycles.",1
53060213,"The trip distance is 14.5 km. There are three travel modes for the traveler to choose from: 1. Public transport: travel time is 55 minutes, and the travel cost is 7.6 CHF. 2. Driving: travel time is 20 minutes, and the travel cost is 2.09 CHF. 3. Soft modes are free of charge. Traveler is 55 year old female who work part time and has no children. The household owns 2 cars, 1 motorcycle, 2 bicycles.",1
53060305,"The trip distance is 4.0 km. There are three travel modes for the traveler to choose from: 1. Public transport: travel time is 15 minutes, and the travel cost is 2.2 CHF. 2. Driving: travel time is 6 minutes, and the travel cost is 0.63 CHF. 3. Soft modes are free of charge. Traveler is 57 year old female who work part time and has no children. The household owns 0 car, 0 motorcycle, 1 bicycle.",0
53060380,"The trip distance is 34.0 km. There are three travel modes for the traveler to choose from: 1. Public transport: travel time is 121 minutes, and the travel cost is 5.6 CHF. 2. Driving: travel time is 52 minutes, and the travel cost is 5.19 CHF. 3. Soft modes are free of charge. Traveler is 60 year old female who work part time and has no children. The household owns 1 car, 0 motorcycle, 2 bicycles.",0
53060380,"The trip distance is 28.0 km. There are three travel modes for the traveler to choose from: 1. Public transport: travel time is 80 minutes, and the travel cost is 5.6 CHF. 2. Driving: travel time is 40 minutes, and the travel cost is 3.98 CHF. 3. Soft modes are free of charge. Traveler is 60 year old female who work part time and has no children. The household owns 1 car, 0 motorcycle, 2 bicycles.",0
53060385,"The trip distance is 11.0 km. There are three travel modes for the traveler to choose from: 1. Public transport: travel time is 38 minutes, and the travel cost is 7.6 CHF. 2. Driving: travel time is 14 minutes, and the travel cost is 1.75 CHF. 3. Soft modes are free of charge. Traveler is 35 year old female who work full time and has no children. The household owns 1 car, 1 motorcycle, 1 bicycle.",1
53060385,"The trip distance is 239.4 km. There are three travel modes for the traveler to choose from: 1. Public transport: travel time is 447 minutes, and the travel cost is 111.3 CHF. 2. Driving: travel time is 217 minutes, and the travel cost is 32.03 CHF. 3. Soft modes are free of charge. Traveler is 35 year old female who work full time and has no children. The household owns 1 car, 1 motorcycle, 1 bicycle.",1
53060419,"The trip distance is 5.5 km. There are three travel modes for the traveler to choose from: 1. Public transport: travel time is 49 minutes, and the travel cost is 2.2 CHF. 2. Driving: travel time is 7 minutes, and the travel cost is 0.87 CHF. 3. Soft modes are free of charge. Traveler is 57 year old male who work full time and has no children. The household owns 2 cars, 0 motorcycle, 5 bicycles.",1
53060420,"The trip distance is 128.0 km. There are three travel modes for the traveler to choose from: 1. Public transport: travel time is 200 minutes, and the travel cost is 0.0 CHF. 2. Driving: travel time is 116 minutes, and the travel cost is 17.05 CHF. 3. Soft modes are free of charge. Traveler is 18 year old female who work part time and has no children. The household owns 2 cars, 0 motorcycle, 5 bicycles.",0
53060657,"The trip distance is 49.0 km. There are three travel modes for the traveler to choose from: 1. Public transport: travel time is 128 minutes, and the travel cost is 5.6 CHF. 2. Driving: travel time is 59 minutes, and the travel cost is 6.69 CHF. 3. Soft modes are free of charge. Traveler is 46 year old female who work part time and has 2 children. The household owns 1 car, 0 motorcycle, 4 bicycles.",0
53060715,"The trip distance is 15.0 km. There are three travel modes for the traveler to choose from: 1. Public transport: travel time is 39 minutes, and the travel cost is 2.8 CHF. 2. Driving: travel time is 19 minutes, and the travel cost is 2.06 CHF. 3. Soft modes are free of charge. Traveler is 37 year old male who work full time and has no children. The household owns 1 car, 1 motorcycle, 3 bicycles.",0
53060716,"The trip distance is 41.0 km. There are three travel modes for the traveler to choose from: 1. Public transport: travel time is 73 minutes, and the travel cost is 0.0 CHF. 2. Driving: travel time is 49 minutes, and the travel cost is 5.9 CHF. 3. Soft modes are free of charge. Traveler is 35 year old female who work part time and has no children. The household owns 1 car, 1 motorcycle, 3 bicycles.",0
53060716,"The trip distance is 120.0 km. There are three travel modes for the traveler to choose from: 1. Public transport: travel time is 588 minutes, and the travel cost is 0.0 CHF. 2. Driving: travel time is 107 minutes, and the travel cost is 16.47 CHF. 3. Soft modes are free of charge. Traveler is 35 year old female who work part time and has no children. The household owns 1 car, 1 motorcycle, 3 bicycles.",0
53060722,"The trip distance is 37.0 km. There are three travel modes for the traveler to choose from: 1. Public transport: travel time is 74 minutes, and the travel cost is 9.6 CHF. 2. Driving: travel time is 43 minutes, and the travel cost is 5.27 CHF. 3. Soft modes are free of charge. Traveler is 39 year old female who work part time and has 2 children. The household owns 2 cars, 0 motorcycle, 3 bicycles.",0
54200016,"The trip distance is 20.1 km. There are three travel modes for the traveler to choose from: 1. Public transport: travel time is 68 minutes, and the travel cost is 4.9 CHF. 2. Driving: travel time is 23 minutes, and the travel cost is 2.68 CHF. 3. Soft modes are free of charge. Traveler is 34 year old female who work full time and has no children. The household owns 1 car, 0 motorcycle, 4 bicycles.",1
54200016,"The trip distance is 74.0 km. There are three travel modes for the traveler to choose from: 1. Public transport: travel time is 168 minutes, and the travel cost is 12.9 CHF. 2. Driving: travel time is 74 minutes, and the travel cost is 11.18 CHF. 3. Soft modes are free of charge. Traveler is 34 year old female who work full time and has no children. The household owns 1 car, 0 motorcycle, 4 bicycles.",1
54200057,"The trip distance is 13.5 km. There are three travel modes for the traveler to choose from: 1. Public transport: travel time is 62 minutes, and the travel cost is 0.0 CHF. 2. Driving: travel time is 22 minutes, and the travel cost is 2.18 CHF. 3. Soft modes are free of charge. Traveler is 43 year old male who work full time and has 3 children. The household owns 1 car, 1 motorcycle, 5 bicycles.",0
54200058,"The trip distance is 66.0 km. There are three travel modes for the traveler to choose from: 1. Public transport: travel time is 169 minutes, and the travel cost is 34.8 CHF. 2. Driving: travel time is 62 minutes, and the travel cost is 9.3 CHF. 3. Soft modes are free of charge. Traveler is 48 year old female who work part time and has 3 children. The household owns 1 car, 1 motorcycle, 5 bicycles.",1
54200069,"The trip distance is 35.0 km. There are three travel modes for the traveler to choose from: 1. Public transport: travel time is 128 minutes, and the travel cost is 77.8 CHF. 2. Driving: travel time is 48 minutes, and the travel cost is 5.59 CHF. 3. Soft modes are free of charge. Traveler is 41 year old female who work part time and has 2 children. The household owns 2 cars, 0 motorcycle, 5 bicycles.",1
54200070,"The trip distance is 206.0 km. There are three travel modes for the traveler to choose from: 1. Public transport: travel time is 322 minutes, and the travel cost is 42.2 CHF. 2. Driving: travel time is 142 minutes, and the travel cost is 25.31 CHF. 3. Soft modes are free of charge. Traveler is 41 year old male who work full time and has 2 children. The household owns 2 cars, 0 motorcycle, 4 bicycles.",1
54200085,"The trip distance is 6.0 km. There are three travel modes for the traveler to choose from: 1. Public transport: travel time is 31 minutes, and the travel cost is 2.2 CHF. 2. Driving: travel time is 11 minutes, and the travel cost is 1.06 CHF. 3. Soft modes are free of charge. Traveler is 37 year old male who work full time and has no children. The household owns 2 cars, 0 motorcycle, 4 bicycles.",1
54200162,"The trip distance is 10.0 km. There are three travel modes for the traveler to choose from: 1. Public transport: travel time is 53 minutes, and the travel cost is 3.8 CHF. 2. Driving: travel time is 18 minutes, and the travel cost is 1.91 CHF. 3. Soft modes are free of charge. Traveler is 53 year old male who work part time and has no children. The household owns 1 car, 0 motorcycle, 3 bicycles.",2
54200167,"The trip distance is 12.5 km. There are three travel modes for the traveler to choose from: 1. Public transport: travel time is 71 minutes, and the travel cost is 0.0 CHF. 2. Driving: travel time is 23 minutes, and the travel cost is 2.22 CHF. 3. Soft modes are free of charge. Traveler is 50 year old male who work full time and has no children. The household owns 0 car, 0 motorcycle, 3 bicycles.",0
54200168,"The trip distance is 65.0 km. There are three travel modes for the traveler to choose from: 1. Public transport: travel time is 172 minutes, and the travel cost is 0.0 CHF. 2. Driving: travel time is 88 minutes, and the travel cost is 10.66 CHF. 3. Soft modes are free of charge. Traveler is 43 year old female who work part time and has no children. The household owns 0 car, 0 motorcycle, 3 bicycles.",0
54200227,"The trip distance is 42.0 km. There are three travel modes for the traveler to choose from: 1. Public transport: travel time is 48 minutes, and the travel cost is 0.0 CHF. 2. Driving: travel time is 39 minutes, and the travel cost is 5.72 CHF. 3. Soft modes are free of charge. Traveler is 57 year old female who work part time and has no children. The household owns 1 car, 0 motorcycle, 3 bicycles.",0
54200227,"The trip distance is 11.5 km. There are three travel modes for the traveler to choose from: 1. Public transport: travel time is 33 minutes, and the travel cost is 0.0 CHF. 2. Driving: travel time is 21 minutes, and the travel cost is 2.03 CHF. 3. Soft modes are free of charge. Traveler is 57 year old female who work part time and has no children. The household owns 1 car, 0 motorcycle, 3 bicycles.",0
54200327,"The trip distance is 5.5 km. There are three travel modes for the traveler to choose from: 1. Public transport: travel time is 22 minutes, and the travel cost is 3.8 CHF. 2. Driving: travel time is 11 minutes, and the travel cost is 1.02 CHF. 3. Soft modes are free of charge. Traveler is 52 year old female who work part time and has no children. The household owns 1 car, 1 motorcycle, 1 bicycle.",1
54200327,"The trip distance is 1.0 km. There are three travel modes for the traveler to choose from: 1. Public transport: travel time is 12 minutes, and the travel cost is 2.2 CHF. 2. Driving: travel time is 2 minutes, and the travel cost is 0.26 CHF. 3. Soft modes are free of charge. Traveler is 52 year old female who work part time and has no children. The household owns 1 car, 1 motorcycle, 1 bicycle.",1
54200335,"The trip distance is 77.0 km. There are three travel modes for the traveler to choose from: 1. Public transport: travel time is 170 minutes, and the travel cost is 0.0 CHF. 2. Driving: travel time is 79 minutes, and the travel cost is 11.61 CHF. 3. Soft modes are free of charge. Traveler is 40 year old female who work full time and has no children. The household owns 1 car, 0 motorcycle, 8 bicycles.",0
54200336,"The trip distance is 11.8 km. There are three travel modes for the traveler to choose from: 1. Public transport: travel time is 54 minutes, and the travel cost is 0.0 CHF. 2. Driving: travel time is 23 minutes, and the travel cost is 2.21 CHF. 3. Soft modes are free of charge. Traveler is 40 year old female who work full time and has no children. The household owns 1 car, 0 motorcycle, 8 bicycles.",0
54200407,"The trip distance is 16.0 km. There are three travel modes for the traveler to choose from: 1. Public transport: travel time is 89 minutes, and the travel cost is 3.8 CHF. 2. Driving: travel time is 34 minutes, and the travel cost is 3.21 CHF. 3. Soft modes are free of charge. Traveler is 58 year old female who work part time and has no children. The household owns 2 cars, 0 motorcycle, 2 bicycles.",1
54200408,"The trip distance is 0.7 km. There are three travel modes for the traveler to choose from: 1. Public transport: travel time is 10 minutes, and the travel cost is 2.2 CHF. 2. Driving: travel time is 0 minutes, and the travel cost is 0.32 CHF. 3. Soft modes are free of charge. Traveler is 57 year old male who work full time and has no children. The household owns 2 cars, 0 motorcycle, 2 bicycles.",2
54200478,"The trip distance is 5.5 km. There are three travel modes for the traveler to choose from: 1. Public transport: travel time is 29 minutes, and the travel cost is 2.2 CHF. 2. Driving: travel time is 10 minutes, and the travel cost is 1.02 CHF. 3. Soft modes are free of charge. Traveler is 39 year old male who work full time and has 2 children. The household owns 1 car, 1 motorcycle, 4 bicycles.",1
54200489,"The trip distance is 3.3 km. There are three travel modes for the traveler to choose from: 1. Public transport: travel time is 44 minutes, and the travel cost is 7.8 CHF. 2. Driving: travel time is 4 minutes, and the travel cost is 0.79 CHF. 3. Soft modes are free of charge. Traveler is 41 year old female who work part time and has 2 children. The household owns 1 car, 1 motorcycle, 4 bicycles.",1
54200489,"The trip distance is 21.0 km. There are three travel modes for the traveler to choose from: 1. Public transport: travel time is 111 minutes, and the travel cost is 11.2 CHF. 2. Driving: travel time is 28 minutes, and the travel cost is 2.98 CHF. 3. Soft modes are free of charge. Traveler is 41 year old female who work part time and has 2 children. The household owns 1 car, 1 motorcycle, 4 bicycles.",1
54200622,"The trip distance is 12.3 km. There are three travel modes for the traveler to choose from: 1. Public transport: travel time is 46 minutes, and the travel cost is 3.8 CHF. 2. Driving: travel time is 24 minutes, and the travel cost is 2.38 CHF. 3. Soft modes are free of charge. Traveler is 63 year old female who work part time and has no children. The household owns 1 car, 0 motorcycle, 4 bicycles.",0
54200661,"The trip distance is 52.0 km. There are three travel modes for the traveler to choose from: 1. Public transport: travel time is 155 minutes, and the travel cost is 14.0 CHF. 2. Driving: travel time is 53 minutes, and the travel cost is 6.59 CHF. 3. Soft modes are free of charge. Traveler is 34 year old female who work part time and has no children. The household owns 2 cars, 1 motorcycle, 2 bicycles.",1
54200661,"The trip distance is 6.0 km. There are three travel modes for the traveler to choose from: 1. Public transport: travel time is 53 minutes, and the travel cost is 2.8 CHF. 2. Driving: travel time is 8 minutes, and the travel cost is 0.92 CHF. 3. Soft modes are free of charge. Traveler is 34 year old female who work part time and has no children. The household owns 2 cars, 1 motorcycle, 2 bicycles.",1
54200662,"The trip distance is 67.0 km. There are three travel modes for the traveler to choose from: 1. Public transport: travel time is 137 minutes, and the travel cost is 0.0 CHF. 2. Driving: travel time is 76 minutes, and the travel cost is 9.29 CHF. 3. Soft modes are free of charge. Traveler is 38 year old male who work full time and has no children. The household owns 2 cars, 1 motorcycle, 2 bicycles.",1
54200675,"The trip distance is 54.0 km. There are three travel modes for the traveler to choose from: 1. Public transport: travel time is 127 minutes, and the travel cost is 13.7 CHF. 2. Driving: travel time is 62 minutes, and the travel cost is 8.05 CHF. 3. Soft modes are free of charge. Traveler is 41 year old male who work full time and has no children. The household owns 1 car, 0 motorcycle, 4 bicycles.",0
54200749,"The trip distance is 144.5 km. There are three travel modes for the traveler to choose from: 1. Public transport: travel time is 206 minutes, and the travel cost is 30.5 CHF. 2. Driving: travel time is 111 minutes, and the travel cost is 19.69 CHF. 3. Soft modes are free of charge. Traveler is 43 year old female who work full time and has no children. The household owns 1 car, 0 motorcycle, 1 bicycle.",1
54200781,"The trip distance is 54.5 km. There are three travel modes for the traveler to choose from: 1. Public transport: travel time is 133 minutes, and the travel cost is 13.3 CHF. 2. Driving: travel time is 68 minutes, and the travel cost is 8.24 CHF. 3. Soft modes are free of charge. Traveler is 21 year old female who work full time and has no children. The household owns 1 car, 0 motorcycle, 2 bicycles.",0
54200781,"The trip distance is 5.0 km. There are three travel modes for the traveler to choose from: 1. Public transport: travel time is 54 minutes, and the travel cost is 2.8 CHF. 2. Driving: travel time is 6 minutes, and the travel cost is 0.95 CHF. 3. Soft modes are free of charge. Traveler is 21 year old female who work full time and has no children. The household owns 1 car, 0 motorcycle, 2 bicycles.",1
54200875,"The trip distance is 5.5 km. There are three travel modes for the traveler to choose from: 1. Public transport: travel time is 23 minutes, and the travel cost is 3.8 CHF. 2. Driving: travel time is 10 minutes, and the travel cost is 1.02 CHF. 3. Soft modes are free of charge. Traveler is 68 year old male who work part time and has no children. The household owns 2 cars, 0 motorcycle, 2 bicycles.",1
54200875,"The trip distance is 8.5 km. There are three travel modes for the traveler to choose from: 1. Public transport: travel time is 47 minutes, and the travel cost is 3.8 CHF. 2. Driving: travel time is 16 minutes, and the travel cost is 1.58 CHF. 3. Soft modes are free of charge. Traveler is 68 year old male who work part time and has no children. The household owns 2 cars, 0 motorcycle, 2 bicycles.",1
54200875,"The trip distance is 7.0 km. There are three travel modes for the traveler to choose from: 1. Public transport: travel time is 25 minutes, and the travel cost is 3.8 CHF. 2. Driving: travel time is 12 minutes, and the travel cost is 1.25 CHF. 3. Soft modes are free of charge. Traveler is 68 year old male who work part time and has no children. The household owns 2 cars, 0 motorcycle, 2 bicycles.",1
54200875,"The trip distance is 11.5 km. There are three travel modes for the traveler to choose from: 1. Public transport: travel time is 56 minutes, and the travel cost is 7.6 CHF. 2. Driving: travel time is 19 minutes, and the travel cost is 1.93 CHF. 3. Soft modes are free of charge. Traveler is 68 year old male who work part time and has no children. The household owns 2 cars, 0 motorcycle, 2 bicycles.",1
54200981,"The trip distance is 197.0 km. There are three travel modes for the traveler to choose from: 1. Public transport: travel time is 222 minutes, and the travel cost is 0.0 CHF. 2. Driving: travel time is 151 minutes, and the travel cost is 26.75 CHF. 3. Soft modes are free of charge. Traveler is 26 year old female who work part time and has no children. The household owns 2 cars, 0 motorcycle, 4 bicycles.",0
54201032,"The trip distance is 14.0 km. There are three travel modes for the traveler to choose from: 1. Public transport: travel time is 92 minutes, and the travel cost is 3.8 CHF. 2. Driving: travel time is 26 minutes, and the travel cost is 2.57 CHF. 3. Soft modes are free of charge. Traveler is 43 year old female who work part time and has 2 children. The household owns 1 car, 0 motorcycle, 6 bicycles.",0
54201032,"The trip distance is 13.5 km. There are three travel modes for the traveler to choose from: 1. Public transport: travel time is 79 minutes, and the travel cost is 3.8 CHF. 2. Driving: travel time is 28 minutes, and the travel cost is 2.65 CHF. 3. Soft modes are free of charge. Traveler is 43 year old female who work part time and has 2 children. The household owns 1 car, 0 motorcycle, 6 bicycles.",0
54201091,"The trip distance is 71.0 km. There are three travel modes for the traveler to choose from: 1. Public transport: travel time is 158 minutes, and the travel cost is 25.8 CHF. 2. Driving: travel time is 79 minutes, and the travel cost is 10.2 CHF. 3. Soft modes are free of charge. Traveler is 39 year old male who work full time and has 2 children. The household owns 2 cars, 0 motorcycle, 4 bicycles.",1
54201194,"The trip distance is 9.2 km. There are three travel modes for the traveler to choose from: 1. Public transport: travel time is 57 minutes, and the travel cost is 6.1 CHF. 2. Driving: travel time is 27 minutes, and the travel cost is 1.75 CHF. 3. Soft modes are free of charge. Traveler is 46 year old male who work full time and has no children. The household owns 0 car, 0 motorcycle, 0 bicycle.",0
54201220,"The trip distance is 5.5 km. There are three travel modes for the traveler to choose from: 1. Public transport: travel time is 28 minutes, and the travel cost is 2.2 CHF. 2. Driving: travel time is 11 minutes, and the travel cost is 1.03 CHF. 3. Soft modes are free of charge. Traveler is 59 year old female who work part time and has no children. The household owns 1 car, 1 motorcycle, 2 bicycles.",0
54201221,"The trip distance is 179.0 km. There are three travel modes for the traveler to choose from: 1. Public transport: travel time is 346 minutes, and the travel cost is 30.3 CHF. 2. Driving: travel time is 179 minutes, and the travel cost is 25.79 CHF. 3. Soft modes are free of charge. Traveler is 61 year old male who work full time and has no children. The household owns 1 car, 1 motorcycle, 2 bicycles.",1
54260043,"The trip distance is 2.3 km. There are three travel modes for the traveler to choose from: 1. Public transport: travel time is 128 minutes, and the travel cost is 2.8 CHF. 2. Driving: travel time is 4 minutes, and the travel cost is 0.6 CHF. 3. Soft modes are free of charge. Traveler is 70 year old female who work part time and has no children. The household owns 1 car, 0 motorcycle, 2 bicycles.",2
54260044,"The trip distance is 22.0 km. There are three travel modes for the traveler to choose from: 1. Public transport: travel time is 100 minutes, and the travel cost is 11.2 CHF. 2. Driving: travel time is 31 minutes, and the travel cost is 3.35 CHF. 3. Soft modes are free of charge. Traveler is 73 year old male who work part time and has no children. The household owns 1 car, 0 motorcycle, 2 bicycles.",1
54260060,"The trip distance is 46.0 km. There are three travel modes for the traveler to choose from: 1. Public transport: travel time is 142 minutes, and the travel cost is 10.6 CHF. 2. Driving: travel time is 72 minutes, and the travel cost is 6.22 CHF. 3. Soft modes are free of charge. Traveler is 65 year old male who work full time and has no children. The household owns 1 car, 0 motorcycle, 0 bicycle.",0
54260075,"The trip distance is 17.0 km. There are three travel modes for the traveler to choose from: 1. Public transport: travel time is 151 minutes, and the travel cost is 40.8 CHF. 2. Driving: travel time is 29 minutes, and the travel cost is 2.68 CHF. 3. Soft modes are free of charge. Traveler is 47 year old female who work part time and has 2 children. The household owns 2 cars, 0 motorcycle, 4 bicycles.",0
54260076,"The trip distance is 72.0 km. There are three travel modes for the traveler to choose from: 1. Public transport: travel time is 156 minutes, and the travel cost is 14.6 CHF. 2. Driving: travel time is 70 minutes, and the travel cost is 10.13 CHF. 3. Soft modes are free of charge. Traveler is 19 year old female who work part time and has 2 children. The household owns 2 cars, 0 motorcycle, 4 bicycles.",0
54260117,"The trip distance is 9.0 km. There are three travel modes for the traveler to choose from: 1. Public transport: travel time is 71 minutes, and the travel cost is 5.6 CHF. 2. Driving: travel time is 20 minutes, and the travel cost is 2.11 CHF. 3. Soft modes are free of charge. Traveler is 73 year old male who work part time and has no children. The household owns 1 car, 0 motorcycle, 2 bicycles.",1
54260118,"The trip distance is 92.0 km. There are three travel modes for the traveler to choose from: 1. Public transport: travel time is 300 minutes, and the travel cost is 14.6 CHF. 2. Driving: travel time is 118 minutes, and the travel cost is 13.34 CHF. 3. Soft modes are free of charge. Traveler is 73 year old male who work part time and has no children. The household owns 1 car, 0 motorcycle, 2 bicycles.",1
54260136,"The trip distance is 18.0 km. There are three travel modes for the traveler to choose from: 1. Public transport: travel time is 91 minutes, and the travel cost is 3.8 CHF. 2. Driving: travel time is 34 minutes, and the travel cost is 3.48 CHF. 3. Soft modes are free of charge. Traveler is 68 year old male who work part time and has no children. The household owns 2 cars, 0 motorcycle, 1 bicycle.",1
54260137,"The trip distance is 11.8 km. There are three travel modes for the traveler to choose from: 1. Public transport: travel time is 185 minutes, and the travel cost is 38.4 CHF. 2. Driving: travel time is 19 minutes, and the travel cost is 1.95 CHF. 3. Soft modes are free of charge. Traveler is 74 year old male who work part time and has no children. The household owns 1 car, 4 motorcycles, 2 bicycles.",1
54260155,"The trip distance is 150.3 km. There are three travel modes for the traveler to choose from: 1. Public transport: travel time is 296 minutes, and the travel cost is 31.8 CHF. 2. Driving: travel time is 118 minutes, and the travel cost is 20.41 CHF. 3. Soft modes are free of charge. Traveler is 64 year old male who work part time and has no children. The household owns 4 cars, 0 motorcycle, 0 bicycle.",1
54260211,"The trip distance is 0.2 km. There are three travel modes for the traveler to choose from: 1. Public transport: travel time is 44 minutes, and the travel cost is 2.2 CHF. 2. Driving: travel time is 0 minutes, and the travel cost is 0.07 CHF. 3. Soft modes are free of charge. Traveler is 44 year old male who work full time and has 2 children. The household owns 3 cars, 0 motorcycle, 5 bicycles.",1
54260211,"The trip distance is 17.0 km. There are three travel modes for the traveler to choose from: 1. Public transport: travel time is 97 minutes, and the travel cost is 21.4 CHF. 2. Driving: travel time is 22 minutes, and the travel cost is 2.21 CHF. 3. Soft modes are free of charge. Traveler is 44 year old male who work full time and has 2 children. The household owns 3 cars, 0 motorcycle, 5 bicycles.",1
54260218,"The trip distance is 31.0 km. There are three travel modes for the traveler to choose from: 1. Public transport: travel time is 115 minutes, and the travel cost is 7.4 CHF. 2. Driving: travel time is 45 minutes, and the travel cost is 4.46 CHF. 3. Soft modes are free of charge. Traveler is 33 year old female who work full time and has no children. The household owns 2 cars, 0 motorcycle, 4 bicycles.",1
54260229,"The trip distance is 26.0 km. There are three travel modes for the traveler to choose from: 1. Public transport: travel time is 125 minutes, and the travel cost is 0.0 CHF. 2. Driving: travel time is 48 minutes, and the travel cost is 4.57 CHF. 3. Soft modes are free of charge. Traveler is 30 year old female who work part time and has 3 children. The household owns 1 car, 1 motorcycle, 4 bicycles.",1
54260241,"The trip distance is 17.1 km. There are three travel modes for the traveler to choose from: 1. Public transport: travel time is 58 minutes, and the travel cost is 3.8 CHF. 2. Driving: travel time is 30 minutes, and the travel cost is 3.34 CHF. 3. Soft modes are free of charge. Traveler is 83 year old male who work part time and has no children. The household owns 1 car, 0 motorcycle, 2 bicycles.",0
54260314,"The trip distance is 0.2 km. There are three travel modes for the traveler to choose from: 1. Public transport: travel time is 4 minutes, and the travel cost is 0.0 CHF. 2. Driving: travel time is 0 minutes, and the travel cost is 0.03 CHF. 3. Soft modes are free of charge. Traveler is 77 year old male who work part time and has no children. The household owns 1 car, 0 motorcycle, 0 bicycle.",1
54260327,"The trip distance is 64.0 km. There are three travel modes for the traveler to choose from: 1. Public transport: travel time is 127 minutes, and the travel cost is 15.8 CHF. 2. Driving: travel time is 77 minutes, and the travel cost is 9.56 CHF. 3. Soft modes are free of charge. Traveler is 58 year old male who work part time and has no children. The household owns 1 car, 2 motorcycles, 3 bicycles.",0
54260349,"The trip distance is 18.5 km. There are three travel modes for the traveler to choose from: 1. Public transport: travel time is 70 minutes, and the travel cost is 0.0 CHF. 2. Driving: travel time is 29 minutes, and the travel cost is 2.95 CHF. 3. Soft modes are free of charge. Traveler is 40 year old female who work part time and has no children. The household owns 1 car, 2 motorcycles, 4 bicycles.",0
54260349,"The trip distance is 1.6 km. There are three travel modes for the traveler to choose from: 1. Public transport: travel time is 39 minutes, and the travel cost is 0.0 CHF. 2. Driving: travel time is 2 minutes, and the travel cost is 0.4 CHF. 3. Soft modes are free of charge. Traveler is 40 year old female who work part time and has no children. The household owns 1 car, 2 motorcycles, 4 bicycles.",2
54260349,"The trip distance is 10.0 km. There are three travel modes for the traveler to choose from: 1. Public transport: travel time is 50 minutes, and the travel cost is 0.0 CHF. 2. Driving: travel time is 10 minutes, and the travel cost is 1.22 CHF. 3. Soft modes are free of charge. Traveler is 40 year old female who work part time and has no children. The household owns 1 car, 2 motorcycles, 4 bicycles.",1
54260350,"The trip distance is 1.6 km. There are three travel modes for the traveler to choose from: 1. Public transport: travel time is 39 minutes, and the travel cost is 0.0 CHF. 2. Driving: travel time is 2 minutes, and the travel cost is 0.4 CHF. 3. Soft modes are free of charge. Traveler is 40 year old female who work part time and has no children. The household owns 1 car, 2 motorcycles, 4 bicycles.",2
54260373,"The trip distance is 25.0 km. There are three travel modes for the traveler to choose from: 1. Public transport: travel time is 149 minutes, and the travel cost is 14.4 CHF. 2. Driving: travel time is 33 minutes, and the travel cost is 3.55 CHF. 3. Soft modes are free of charge. Traveler is 29 year old female who work full time and has no children. The household owns 1 car, 0 motorcycle, 1 bicycle.",1
54260389,"The trip distance is 44.5 km. There are three travel modes for the traveler to choose from: 1. Public transport: travel time is 243 minutes, and the travel cost is 52.4 CHF. 2. Driving: travel time is 60 minutes, and the travel cost is 6.42 CHF. 3. Soft modes are free of charge. Traveler is 43 year old female who work part time and has no children. The household owns 1 car, 0 motorcycle, 3 bicycles.",1
54260409,"The trip distance is 36.0 km. There are three travel modes for the traveler to choose from: 1. Public transport: travel time is 115 minutes, and the travel cost is 20.8 CHF. 2. Driving: travel time is 44 minutes, and the travel cost is 4.63 CHF. 3. Soft modes are free of charge. Traveler is 44 year old male who work full time and has 2 children. The household owns 1 car, 0 motorcycle, 2 bicycles.",1
54260410,"The trip distance is 1.2 km. There are three travel modes for the traveler to choose from: 1. Public transport: travel time is 52 minutes, and the travel cost is 5.6 CHF. 2. Driving: travel time is 2 minutes, and the travel cost is 0.29 CHF. 3. Soft modes are free of charge. Traveler is 41 year old female who work part time and has 2 children. The household owns 1 car, 0 motorcycle, 2 bicycles.",2
54260483,"The trip distance is 15.0 km. There are three travel modes for the traveler to choose from: 1. Public transport: travel time is 98 minutes, and the travel cost is 3.8 CHF. 2. Driving: travel time is 21 minutes, and the travel cost is 2.12 CHF. 3. Soft modes are free of charge. Traveler is 37 year old female who work part time and has 2 children. The household owns 1 car, 0 motorcycle, 4 bicycles.",1
54260556,"The trip distance is 66.0 km. There are three travel modes for the traveler to choose from: 1. Public transport: travel time is 137 minutes, and the travel cost is 14.4 CHF. 2. Driving: travel time is 81 minutes, and the travel cost is 9.56 CHF. 3. Soft modes are free of charge. Traveler is 41 year old female who work part time and has 2 children. The household owns 1 car, 0 motorcycle, 2 bicycles.",0
54260567,"The trip distance is 104.0 km. There are three travel modes for the traveler to choose from: 1. Public transport: travel time is 271 minutes, and the travel cost is 37.4 CHF. 2. Driving: travel time is 108 minutes, and the travel cost is 14.85 CHF. 3. Soft modes are free of charge. Traveler is 47 year old male who work full time and has no children. The household owns 3 cars, 0 motorcycle, 3 bicycles.",1
54260695,"The trip distance is 279.5 km. There are three travel modes for the traveler to choose from: 1. Public transport: travel time is 378 minutes, and the travel cost is 50.8 CHF. 2. Driving: travel time is 196 minutes, and the travel cost is 37.5 CHF. 3. Soft modes are free of charge. Traveler is 49 year old male who work full time and has no children. The household owns 1 car, 0 motorcycle, 3 bicycles.",1
54260731,"The trip distance is 32.0 km. There are three travel modes for the traveler to choose from: 1. Public transport: travel time is 66 minutes, and the travel cost is 0.0 CHF. 2. Driving: travel time is 34 minutes, and the travel cost is 4.06 CHF. 3. Soft modes are free of charge. Traveler is 53 year old male who work full time and has no children. The household owns 0 car, 0 motorcycle, 3 bicycles.",0
54260732,"The trip distance is 41.0 km. There are three travel modes for the traveler to choose from: 1. Public transport: travel time is 120 minutes, and the travel cost is 0.0 CHF. 2. Driving: travel time is 55 minutes, and the travel cost is 6.08 CHF. 3. Soft modes are free of charge. Traveler is 53 year old male who work full time and has no children. The household owns 0 car, 0 motorcycle, 3 bicycles.",0
54260750,"The trip distance is 289.0 km. There are three travel modes for the traveler to choose from: 1. Public transport: travel time is 546 minutes, and the travel cost is 104.8 CHF. 2. Driving: travel time is 234 minutes, and the travel cost is 38.26 CHF. 3. Soft modes are free of charge. Traveler is 43 year old male who work full time and has no children. The household owns 2 cars, 1 motorcycle, 0 bicycle.",1
54260925,"The trip distance is 38.0 km. There are three travel modes for the traveler to choose from: 1. Public transport: travel time is 133 minutes, and the travel cost is 16.8 CHF. 2. Driving: travel time is 48 minutes, and the travel cost is 4.96 CHF. 3. Soft modes are free of charge. Traveler is 38 year old female who work part time and has 2 children. The household owns 2 cars, 0 motorcycle, 3 bicycles.",1
54260956,"The trip distance is 9.0 km. There are three travel modes for the traveler to choose from: 1. Public transport: travel time is 34 minutes, and the travel cost is 2.2 CHF. 2. Driving: travel time is 16 minutes, and the travel cost is 1.6 CHF. 3. Soft modes are free of charge. Traveler is 45 year old female who work part time and has no children. The household owns 1 car, 1 motorcycle, 4 bicycles.",0
54261011,"The trip distance is 52.0 km. There are three travel modes for the traveler to choose from: 1. Public transport: travel time is 121 minutes, and the travel cost is 20.0 CHF. 2. Driving: travel time is 58 minutes, and the travel cost is 6.62 CHF. 3. Soft modes are free of charge. Traveler is 38 year old male who work full time and has no children. The household owns 2 cars, 0 motorcycle, 3 bicycles.",1
54261040,"The trip distance is 14.0 km. There are three travel modes for the traveler to choose from: 1. Public transport: travel time is 51 minutes, and the travel cost is 3.8 CHF. 2. Driving: travel time is 16 minutes, and the travel cost is 1.81 CHF. 3. Soft modes are free of charge. Traveler is 54 year old male who work full time and has no children. The household owns 2 cars, 0 motorcycle, 2 bicycles.",1
54261110,"The trip distance is 8.5 km. There are three travel modes for the traveler to choose from: 1. Public transport: travel time is 36 minutes, and the travel cost is 2.2 CHF. 2. Driving: travel time is 13 minutes, and the travel cost is 1.35 CHF. 3. Soft modes are free of charge. Traveler is 71 year old female who work part time and has no children. The household owns 1 car, 0 motorcycle, 0 bicycle.",0
54261111,"The trip distance is 31.0 km. There are three travel modes for the traveler to choose from: 1. Public transport: travel time is 78 minutes, and the travel cost is 14.8 CHF. 2. Driving: travel time is 34 minutes, and the travel cost is 4.07 CHF. 3. Soft modes are free of charge. Traveler is 64 year old male who work full time and has no children. The household owns 1 car, 0 motorcycle, 0 bicycle.",1
54261326,"The trip distance is 146.0 km. There are three travel modes for the traveler to choose from: 1. Public transport: travel time is 205 minutes, and the travel cost is 28.1 CHF. 2. Driving: travel time is 104 minutes, and the travel cost is 19.39 CHF. 3. Soft modes are free of charge. Traveler is 43 year old female who work part time and has 2 children. The household owns 1 car, 0 motorcycle, 5 bicycles.",0
54261327,"The trip distance is 20.0 km. There are three travel modes for the traveler to choose from: 1. Public transport: travel time is 59 minutes, and the travel cost is 3.8 CHF. 2. Driving: travel time is 26 minutes, and the travel cost is 2.75 CHF. 3. Soft modes are free of charge. Traveler is 43 year old female who work part time and has 2 children. The household owns 1 car, 0 motorcycle, 5 bicycles.",0
54261364,"The trip distance is 8.0 km. There are three travel modes for the traveler to choose from: 1. Public transport: travel time is 19 minutes, and the travel cost is 2.2 CHF. 2. Driving: travel time is 12 minutes, and the travel cost is 1.26 CHF. 3. Soft modes are free of charge. Traveler is 54 year old male who work full time and has no children. The household owns 2 cars, 2 motorcycles, 6 bicycles.",0
54261364,"The trip distance is 9.0 km. There are three travel modes for the traveler to choose from: 1. Public transport: travel time is 63 minutes, and the travel cost is 2.8 CHF. 2. Driving: travel time is 13 minutes, and the travel cost is 1.29 CHF. 3. Soft modes are free of charge. Traveler is 54 year old male who work full time and has no children. The household owns 2 cars, 2 motorcycles, 6 bicycles.",1
54261408,"The trip distance is 60.0 km. There are three travel modes for the traveler to choose from: 1. Public transport: travel time is 170 minutes, and the travel cost is 13.1 CHF. 2. Driving: travel time is 69 minutes, and the travel cost is 8.91 CHF. 3. Soft modes are free of charge. Traveler is 52 year old male who work full time and has no children. The household owns 1 car, 0 motorcycle, 3 bicycles.",1
54261409,"The trip distance is 16.4 km. There are three travel modes for the traveler to choose from: 1. Public transport: travel time is 99 minutes, and the travel cost is 3.8 CHF. 2. Driving: travel time is 28 minutes, and the travel cost is 2.62 CHF. 3. Soft modes are free of charge. Traveler is 20 year old female who work part time and has no children. The household owns 1 car, 0 motorcycle, 3 bicycles.",0
54261430,"The trip distance is 56.0 km. There are three travel modes for the traveler to choose from: 1. Public transport: travel time is 90 minutes, and the travel cost is 14.6 CHF. 2. Driving: travel time is 48 minutes, and the travel cost is 7.54 CHF. 3. Soft modes are free of charge. Traveler is 38 year old male who work full time and has no children. The household owns 2 cars, 0 motorcycle, 3 bicycles.",1
54261438,"The trip distance is 33.0 km. There are three travel modes for the traveler to choose from: 1. Public transport: travel time is 62 minutes, and the travel cost is 7.9 CHF. 2. Driving: travel time is 41 minutes, and the travel cost is 4.89 CHF. 3. Soft modes are free of charge. Traveler is 61 year old female who work part time and has no children. The household owns 1 car, 0 motorcycle, 2 bicycles.",0
54261458,"The trip distance is 7.5 km. There are three travel modes for the traveler to choose from: 1. Public transport: travel time is 57 minutes, and the travel cost is 3.8 CHF. 2. Driving: travel time is 11 minutes, and the travel cost is 1.07 CHF. 3. Soft modes are free of charge. Traveler is 73 year old male who work part time and has no children. The household owns 1 car, 0 motorcycle, 1 bicycle.",1
54261491,"The trip distance is 1.1 km. There are three travel modes for the traveler to choose from: 1. Public transport: travel time is 14 minutes, and the travel cost is 2.2 CHF. 2. Driving: travel time is 4 minutes, and the travel cost is 0.19 CHF. 3. Soft modes are free of charge. Traveler is 59 year old male who work part time and has no children. The household owns 1 car, 1 motorcycle, 2 bicycles.",1
54261491,"The trip distance is 1.6 km. There are three travel modes for the traveler to choose from: 1. Public transport: travel time is 16 minutes, and the travel cost is 2.2 CHF. 2. Driving: travel time is 3 minutes, and the travel cost is 0.37 CHF. 3. Soft modes are free of charge. Traveler is 59 year old male who work part time and has no children. The household owns 1 car, 1 motorcycle, 2 bicycles.",1
54261491,"The trip distance is 8.0 km. There are three travel modes for the traveler to choose from: 1. Public transport: travel time is 40 minutes, and the travel cost is 5.6 CHF. 2. Driving: travel time is 11 minutes, and the travel cost is 1.22 CHF. 3. Soft modes are free of charge. Traveler is 59 year old male who work part time and has no children. The household owns 1 car, 1 motorcycle, 2 bicycles.",1
54261512,"The trip distance is 7.5 km. There are three travel modes for the traveler to choose from: 1. Public transport: travel time is 32 minutes, and the travel cost is 3.8 CHF. 2. Driving: travel time is 13 minutes, and the travel cost is 1.28 CHF. 3. Soft modes are free of charge. Traveler is 62 year old female who work full time and has no children. The household owns 2 cars, 1 motorcycle, 4 bicycles.",1
54261518,"The trip distance is 34.0 km. There are three travel modes for the traveler to choose from: 1. Public transport: travel time is 74 minutes, and the travel cost is 7.9 CHF. 2. Driving: travel time is 40 minutes, and the travel cost is 4.59 CHF. 3. Soft modes are free of charge. Traveler is 70 year old male who work part time and has no children. The household owns 2 cars, 0 motorcycle, 2 bicycles.",1
54261519,"The trip distance is 34.0 km. There are three travel modes for the traveler to choose from: 1. Public transport: travel time is 74 minutes, and the travel cost is 7.9 CHF. 2. Driving: travel time is 40 minutes, and the travel cost is 4.59 CHF. 3. Soft modes are free of charge. Traveler is 70 year old female who work part time and has no children. The household owns 2 cars, 0 motorcycle, 2 bicycles.",1
54261566,"The trip distance is 2.4 km. There are three travel modes for the traveler to choose from: 1. Public transport: travel time is 34 minutes, and the travel cost is 2.8 CHF. 2. Driving: travel time is 14 minutes, and the travel cost is 0.26 CHF. 3. Soft modes are free of charge. Traveler is 51 year old female who work part time and has no children. The household owns 1 car, 1 motorcycle, 1 bicycle.",1
54261566,"The trip distance is 1.6 km. There are three travel modes for the traveler to choose from: 1. Public transport: travel time is 31 minutes, and the travel cost is 2.8 CHF. 2. Driving: travel time is 2 minutes, and the travel cost is 0.26 CHF. 3. Soft modes are free of charge. Traveler is 51 year old female who work part time and has no children. The household owns 1 car, 1 motorcycle, 1 bicycle.",1
54261626,"The trip distance is 135.5 km. There are three travel modes for the traveler to choose from: 1. Public transport: travel time is 254 minutes, and the travel cost is 27.0 CHF. 2. Driving: travel time is 129 minutes, and the travel cost is 19.22 CHF. 3. Soft modes are free of charge. Traveler is 57 year old female who work part time and has no children. The household owns 1 car, 0 motorcycle, 2 bicycles.",0
54420085,"The trip distance is 5.5 km. There are three travel modes for the traveler to choose from: 1. Public transport: travel time is 11 minutes, and the travel cost is 2.2 CHF. 2. Driving: travel time is 12 minutes, and the travel cost is 1.18 CHF. 3. Soft modes are free of charge. Traveler is 33 year old female who work part time and has no children. The household owns 1 car, 0 motorcycle, 2 bicycles.",1
54420120,"The trip distance is 13.5 km. There are three travel modes for the traveler to choose from: 1. Public transport: travel time is 28 minutes, and the travel cost is 0.0 CHF. 2. Driving: travel time is 21 minutes, and the travel cost is 2.14 CHF. 3. Soft modes are free of charge. Traveler is 68 year old male who work part time and has no children. The household owns 1 car, 0 motorcycle, 2 bicycles.",1
54420120,"The trip distance is 12.0 km. There are three travel modes for the traveler to choose from: 1. Public transport: travel time is 54 minutes, and the travel cost is 0.0 CHF. 2. Driving: travel time is 24 minutes, and the travel cost is 2.64 CHF. 3. Soft modes are free of charge. Traveler is 68 year old male who work part time and has no children. The household owns 1 car, 0 motorcycle, 2 bicycles.",0
54420163,"The trip distance is 5.5 km. There are three travel modes for the traveler to choose from: 1. Public transport: travel time is 36 minutes, and the travel cost is 2.2 CHF. 2. Driving: travel time is 11 minutes, and the travel cost is 1.12 CHF. 3. Soft modes are free of charge. Traveler is 71 year old male who work part time and has no children. The household owns 3 cars, 0 motorcycle, 3 bicycles.",0
54420441,"The trip distance is 16.5 km. There are three travel modes for the traveler to choose from: 1. Public transport: travel time is 87 minutes, and the travel cost is 5.1 CHF. 2. Driving: travel time is 20 minutes, and the travel cost is 2.45 CHF. 3. Soft modes are free of charge. Traveler is 59 year old male who work full time and has no children. The household owns 1 car, 0 motorcycle, 3 bicycles.",1
54420563,"The trip distance is 27.0 km. There are three travel modes for the traveler to choose from: 1. Public transport: travel time is 51 minutes, and the travel cost is 6.8 CHF. 2. Driving: travel time is 29 minutes, and the travel cost is 4.07 CHF. 3. Soft modes are free of charge. Traveler is 59 year old female who work part time and has no children. The household owns 1 car, 0 motorcycle, 0 bicycle.",0
54420577,"The trip distance is 6.0 km. There are three travel modes for the traveler to choose from: 1. Public transport: travel time is 28 minutes, and the travel cost is 2.2 CHF. 2. Driving: travel time is 12 minutes, and the travel cost is 1.16 CHF. 3. Soft modes are free of charge. Traveler is 52 year old female who work full time and has no children. The household owns 1 car, 0 motorcycle, 2 bicycles.",1
54420606,"The trip distance is 208.0 km. There are three travel modes for the traveler to choose from: 1. Public transport: travel time is 185 minutes, and the travel cost is 80.8 CHF. 2. Driving: travel time is 135 minutes, and the travel cost is 27.38 CHF. 3. Soft modes are free of charge. Traveler is 38 year old male who work full time and has no children. The household owns 1 car, 0 motorcycle, 3 bicycles.",0
54420643,"The trip distance is 147.0 km. There are three travel modes for the traveler to choose from: 1. Public transport: travel time is 217 minutes, and the travel cost is 33.0 CHF. 2. Driving: travel time is 130 minutes, and the travel cost is 20.58 CHF. 3. Soft modes are free of charge. Traveler is 40 year old female who work part time and has no children. The household owns 1 car, 0 motorcycle, 8 bicycles.",1
54420688,"The trip distance is 11.0 km. There are three travel modes for the traveler to choose from: 1. Public transport: travel time is 29 minutes, and the travel cost is 3.8 CHF. 2. Driving: travel time is 22 minutes, and the travel cost is 2.34 CHF. 3. Soft modes are free of charge. Traveler is 60 year old female who work part time and has no children. The household owns 1 car, 0 motorcycle, 1 bicycle.",0
54420839,"The trip distance is 11.0 km. There are three travel modes for the traveler to choose from: 1. Public transport: travel time is 48 minutes, and the travel cost is 3.4 CHF. 2. Driving: travel time is 22 minutes, and the travel cost is 2.15 CHF. 3. Soft modes are free of charge. Traveler is 44 year old female who work full time and has no children. The household owns 0 car, 0 motorcycle, 1 bicycle.",0
54420907,"The trip distance is 62.0 km. There are three travel modes for the traveler to choose from: 1. Public transport: travel time is 165 minutes, and the travel cost is 7.4 CHF. 2. Driving: travel time is 66 minutes, and the travel cost is 8.31 CHF. 3. Soft modes are free of charge. Traveler is 61 year old female who work part time and has no children. The household owns 1 car, 0 motorcycle, 0 bicycle.",1
54420907,"The trip distance is 0.2 km. There are three travel modes for the traveler to choose from: 1. Public transport: travel time is 38 minutes, and the travel cost is 2.2 CHF. 2. Driving: travel time is 0 minutes, and the travel cost is 0.09 CHF. 3. Soft modes are free of charge. Traveler is 61 year old female who work part time and has no children. The household owns 1 car, 0 motorcycle, 0 bicycle.",2
54420910,"The trip distance is 5.0 km. There are three travel modes for the traveler to choose from: 1. Public transport: travel time is 27 minutes, and the travel cost is 7.6 CHF. 2. Driving: travel time is 6 minutes, and the travel cost is 0.86 CHF. 3. Soft modes are free of charge. Traveler is 69 year old female who work part time and has no children. The household owns 0 car, 0 motorcycle, 1 bicycle.",0
54420910,"The trip distance is 118.0 km. There are three travel modes for the traveler to choose from: 1. Public transport: travel time is 161 minutes, and the travel cost is 19.1 CHF. 2. Driving: travel time is 120 minutes, and the travel cost is 16.18 CHF. 3. Soft modes are free of charge. Traveler is 69 year old female who work part time and has no children. The household owns 0 car, 0 motorcycle, 1 bicycle.",0
54420971,"The trip distance is 10.5 km. There are three travel modes for the traveler to choose from: 1. Public transport: travel time is 34 minutes, and the travel cost is 3.8 CHF. 2. Driving: travel time is 19 minutes, and the travel cost is 2.26 CHF. 3. Soft modes are free of charge. Traveler is 62 year old female who work part time and has no children. The household owns 1 car, 0 motorcycle, 2 bicycles.",0
54420972,"The trip distance is 10.5 km. There are three travel modes for the traveler to choose from: 1. Public transport: travel time is 44 minutes, and the travel cost is 3.8 CHF. 2. Driving: travel time is 19 minutes, and the travel cost is 2.26 CHF. 3. Soft modes are free of charge. Traveler is 67 year old male who work part time and has no children. The household owns 1 car, 0 motorcycle, 2 bicycles.",0
54421128,"The trip distance is 5.0 km. There are three travel modes for the traveler to choose from: 1. Public transport: travel time is 21 minutes, and the travel cost is 2.2 CHF. 2. Driving: travel time is 11 minutes, and the travel cost is 1.15 CHF. 3. Soft modes are free of charge. Traveler is 78 year old female who work part time and has no children. The household owns 1 car, 0 motorcycle, 0 bicycle.",0
54421128,"The trip distance is 28.0 km. There are three travel modes for the traveler to choose from: 1. Public transport: travel time is 54 minutes, and the travel cost is 6.8 CHF. 2. Driving: travel time is 30 minutes, and the travel cost is 4.08 CHF. 3. Soft modes are free of charge. Traveler is 78 year old female who work part time and has no children. The household owns 1 car, 0 motorcycle, 0 bicycle.",0
54421192,"The trip distance is 62.0 km. There are three travel modes for the traveler to choose from: 1. Public transport: travel time is 115 minutes, and the travel cost is 0.0 CHF. 2. Driving: travel time is 63 minutes, and the travel cost is 8.87 CHF. 3. Soft modes are free of charge. Traveler is 61 year old male who work full time and has no children. The household owns 1 car, 0 motorcycle, 3 bicycles.",0
54421257,"The trip distance is 5.0 km. There are three travel modes for the traveler to choose from: 1. Public transport: travel time is 21 minutes, and the travel cost is 0.0 CHF. 2. Driving: travel time is 11 minutes, and the travel cost is 1.1 CHF. 3. Soft modes are free of charge. Traveler is 66 year old male who work part time and has no children. The household owns 1 car, 0 motorcycle, 2 bicycles.",0
54421279,"The trip distance is 57.0 km. There are three travel modes for the traveler to choose from: 1. Public transport: travel time is 67 minutes, and the travel cost is 0.0 CHF. 2. Driving: travel time is 61 minutes, and the travel cost is 8.37 CHF. 3. Soft modes are free of charge. Traveler is 33 year old male who work part time and has no children. The household owns 0 car, 0 motorcycle, 2 bicycles.",0
54421279,"The trip distance is 50.0 km. There are three travel modes for the traveler to choose from: 1. Public transport: travel time is 81 minutes, and the travel cost is 0.0 CHF. 2. Driving: travel time is 52 minutes, and the travel cost is 7.42 CHF. 3. Soft modes are free of charge. Traveler is 33 year old male who work part time and has no children. The household owns 0 car, 0 motorcycle, 2 bicycles.",0
54421282,"The trip distance is 57.0 km. There are three travel modes for the traveler to choose from: 1. Public transport: travel time is 107 minutes, and the travel cost is 0.0 CHF. 2. Driving: travel time is 61 minutes, and the travel cost is 8.44 CHF. 3. Soft modes are free of charge. Traveler is 32 year old female who work part time and has no children. The household owns 0 car, 0 motorcycle, 2 bicycles.",0
54421439,"The trip distance is 53.0 km. There are three travel modes for the traveler to choose from: 1. Public transport: travel time is 110 minutes, and the travel cost is 0.0 CHF. 2. Driving: travel time is 52 minutes, and the travel cost is 7.65 CHF. 3. Soft modes are free of charge. Traveler is 42 year old male who work full time and has no children. The household owns 2 cars, 1 motorcycle, 3 bicycles.",0
54421440,"The trip distance is 58.0 km. There are three travel modes for the traveler to choose from: 1. Public transport: travel time is 100 minutes, and the travel cost is 27.2 CHF. 2. Driving: travel time is 64 minutes, and the travel cost is 8.86 CHF. 3. Soft modes are free of charge. Traveler is 43 year old female who work part time and has no children. The household owns 2 cars, 1 motorcycle, 3 bicycles.",0
54421440,"The trip distance is 26.0 km. There are three travel modes for the traveler to choose from: 1. Public transport: travel time is 106 minutes, and the travel cost is 18.4 CHF. 2. Driving: travel time is 33 minutes, and the travel cost is 4.33 CHF. 3. Soft modes are free of charge. Traveler is 43 year old female who work part time and has no children. The household owns 2 cars, 1 motorcycle, 3 bicycles.",1
54440058,"The trip distance is 9.0 km. There are three travel modes for the traveler to choose from: 1. Public transport: travel time is 83 minutes, and the travel cost is 2.8 CHF. 2. Driving: travel time is 12 minutes, and the travel cost is 1.23 CHF. 3. Soft modes are free of charge. Traveler is 53 year old female who work part time and has no children. The household owns 1 car, 1 motorcycle, 5 bicycles.",2
54440058,"The trip distance is 73.0 km. There are three travel modes for the traveler to choose from: 1. Public transport: travel time is 134 minutes, and the travel cost is 16.8 CHF. 2. Driving: travel time is 55 minutes, and the travel cost is 9.76 CHF. 3. Soft modes are free of charge. Traveler is 53 year old female who work part time and has no children. The household owns 1 car, 1 motorcycle, 5 bicycles.",1
54440108,"The trip distance is 22.0 km. There are three travel modes for the traveler to choose from: 1. Public transport: travel time is 75 minutes, and the travel cost is 5.6 CHF. 2. Driving: travel time is 38 minutes, and the travel cost is 3.75 CHF. 3. Soft modes are free of charge. Traveler is 63 year old female who work part time and has no children. The household owns 1 car, 0 motorcycle, 1 bicycle.",0
54440122,"The trip distance is 26.4 km. There are three travel modes for the traveler to choose from: 1. Public transport: travel time is 147 minutes, and the travel cost is 5.6 CHF. 2. Driving: travel time is 36 minutes, and the travel cost is 3.7 CHF. 3. Soft modes are free of charge. Traveler is 63 year old male who work full time and has no children. The household owns 2 cars, 0 motorcycle, 1 bicycle.",1
54440123,"The trip distance is 9.0 km. There are three travel modes for the traveler to choose from: 1. Public transport: travel time is 40 minutes, and the travel cost is 7.6 CHF. 2. Driving: travel time is 14 minutes, and the travel cost is 1.49 CHF. 3. Soft modes are free of charge. Traveler is 64 year old female who work part time and has no children. The household owns 2 cars, 0 motorcycle, 1 bicycle.",1
54440142,"The trip distance is 14.0 km. There are three travel modes for the traveler to choose from: 1. Public transport: travel time is 91 minutes, and the travel cost is 3.8 CHF. 2. Driving: travel time is 20 minutes, and the travel cost is 2.12 CHF. 3. Soft modes are free of charge. Traveler is 73 year old male who work part time and has no children. The household owns 1 car, 0 motorcycle, 2 bicycles.",1
54440148,"The trip distance is 20.5 km. There are three travel modes for the traveler to choose from: 1. Public transport: travel time is 81 minutes, and the travel cost is 11.4 CHF. 2. Driving: travel time is 28 minutes, and the travel cost is 3.01 CHF. 3. Soft modes are free of charge. Traveler is 76 year old male who work part time and has no children. The household owns 1 car, 0 motorcycle, 1 bicycle.",1
54440188,"The trip distance is 37.0 km. There are three travel modes for the traveler to choose from: 1. Public transport: travel time is 131 minutes, and the travel cost is 7.4 CHF. 2. Driving: travel time is 46 minutes, and the travel cost is 5.09 CHF. 3. Soft modes are free of charge. Traveler is 46 year old female who work full time and has no children. The household owns 4 cars, 1 motorcycle, 2 bicycles.",1
54440238,"The trip distance is 9.0 km. There are three travel modes for the traveler to choose from: 1. Public transport: travel time is 40 minutes, and the travel cost is 7.6 CHF. 2. Driving: travel time is 14 minutes, and the travel cost is 1.43 CHF. 3. Soft modes are free of charge. Traveler is 80 year old male who work part time and has no children. The household owns 1 car, 0 motorcycle, 0 bicycle.",1
54440239,"The trip distance is 9.0 km. There are three travel modes for the traveler to choose from: 1. Public transport: travel time is 40 minutes, and the travel cost is 7.6 CHF. 2. Driving: travel time is 14 minutes, and the travel cost is 1.43 CHF. 3. Soft modes are free of charge. Traveler is 81 year old female who work part time and has no children. The household owns 1 car, 0 motorcycle, 0 bicycle.",1
54440295,"The trip distance is 39.5 km. There are three travel modes for the traveler to choose from: 1. Public transport: travel time is 184 minutes, and the travel cost is 12.8 CHF. 2. Driving: travel time is 58 minutes, and the travel cost is 5.95 CHF. 3. Soft modes are free of charge. Traveler is 67 year old female who work part time and has no children. The household owns 1 car, 0 motorcycle, 1 bicycle.",1
54440341,"The trip distance is 21.5 km. There are three travel modes for the traveler to choose from: 1. Public transport: travel time is 90 minutes, and the travel cost is 9.5 CHF. 2. Driving: travel time is 34 minutes, and the travel cost is 11.89 CHF. 3. Soft modes are free of charge. Traveler is 62 year old female who work part time and has no children. The household owns 2 cars, 0 motorcycle, 4 bicycles.",1
54440366,"The trip distance is 9.0 km. There are three travel modes for the traveler to choose from: 1. Public transport: travel time is 42 minutes, and the travel cost is 3.8 CHF. 2. Driving: travel time is 14 minutes, and the travel cost is 1.49 CHF. 3. Soft modes are free of charge. Traveler is 45 year old female who work part time and has 2 children. The household owns 2 cars, 1 motorcycle, 4 bicycles.",1
54440366,"The trip distance is 0.4 km. There are three travel modes for the traveler to choose from: 1. Public transport: travel time is 28 minutes, and the travel cost is 2.8 CHF. 2. Driving: travel time is 1 minutes, and the travel cost is 0.2 CHF. 3. Soft modes are free of charge. Traveler is 45 year old female who work part time and has 2 children. The household owns 2 cars, 1 motorcycle, 4 bicycles.",2
54440426,"The trip distance is 24.0 km. There are three travel modes for the traveler to choose from: 1. Public transport: travel time is 90 minutes, and the travel cost is 9.3 CHF. 2. Driving: travel time is 42 minutes, and the travel cost is 4.03 CHF. 3. Soft modes are free of charge. Traveler is 41 year old male who work full time and has no children. The household owns 1 car, 1 motorcycle, 3 bicycles.",0
54440438,"The trip distance is 8.0 km. There are three travel modes for the traveler to choose from: 1. Public transport: travel time is 53 minutes, and the travel cost is 4.0 CHF. 2. Driving: travel time is 14 minutes, and the travel cost is 1.55 CHF. 3. Soft modes are free of charge. Traveler is 28 year old female who work part time and has no children. The household owns 0 car, 0 motorcycle, 0 bicycle.",0
54440439,"The trip distance is 93.0 km. There are three travel modes for the traveler to choose from: 1. Public transport: travel time is 184 minutes, and the travel cost is 19.6 CHF. 2. Driving: travel time is 88 minutes, and the travel cost is 14.39 CHF. 3. Soft modes are free of charge. Traveler is 28 year old female who work part time and has no children. The household owns 0 car, 0 motorcycle, 0 bicycle.",0
54440474,"The trip distance is 24.0 km. There are three travel modes for the traveler to choose from: 1. Public transport: travel time is 138 minutes, and the travel cost is 5.6 CHF. 2. Driving: travel time is 36 minutes, and the travel cost is 3.58 CHF. 3. Soft modes are free of charge. Traveler is 39 year old male who work full time and has 2 children. The household owns 2 cars, 2 motorcycles, 5 bicycles.",1
54440474,"The trip distance is 29.5 km. There are three travel modes for the traveler to choose from: 1. Public transport: travel time is 142 minutes, and the travel cost is 9.4 CHF. 2. Driving: travel time is 42 minutes, and the travel cost is 4.3 CHF. 3. Soft modes are free of charge. Traveler is 39 year old male who work full time and has 2 children. The household owns 2 cars, 2 motorcycles, 5 bicycles.",1
54440475,"The trip distance is 30.0 km. There are three travel modes for the traveler to choose from: 1. Public transport: travel time is 199 minutes, and the travel cost is 9.4 CHF. 2. Driving: travel time is 42 minutes, and the travel cost is 4.27 CHF. 3. Soft modes are free of charge. Traveler is 39 year old male who work full time and has 2 children. The household owns 2 cars, 2 motorcycles, 5 bicycles.",1
54440509,"The trip distance is 22.0 km. There are three travel modes for the traveler to choose from: 1. Public transport: travel time is 141 minutes, and the travel cost is 11.2 CHF. 2. Driving: travel time is 30 minutes, and the travel cost is 3.15 CHF. 3. Soft modes are free of charge. Traveler is 48 year old male who work full time and has no children. The household owns 2 cars, 1 motorcycle, 4 bicycles.",1
54440541,"The trip distance is 32.0 km. There are three travel modes for the traveler to choose from: 1. Public transport: travel time is 80 minutes, and the travel cost is 0.0 CHF. 2. Driving: travel time is 29 minutes, and the travel cost is 5.83 CHF. 3. Soft modes are free of charge. Traveler is 56 year old female who work part time and has no children. The household owns 2 cars, 0 motorcycle, 3 bicycles.",0
54440582,"The trip distance is 4.5 km. There are three travel modes for the traveler to choose from: 1. Public transport: travel time is 23 minutes, and the travel cost is 2.2 CHF. 2. Driving: travel time is 7 minutes, and the travel cost is 0.75 CHF. 3. Soft modes are free of charge. Traveler is 72 year old male who work part time and has no children. The household owns 2 cars, 0 motorcycle, 2 bicycles.",1
54440592,"The trip distance is 54.0 km. There are three travel modes for the traveler to choose from: 1. Public transport: travel time is 218 minutes, and the travel cost is 18.0 CHF. 2. Driving: travel time is 69 minutes, and the travel cost is 8.15 CHF. 3. Soft modes are free of charge. Traveler is 56 year old male who work full time and has no children. The household owns 2 cars, 0 motorcycle, 4 bicycles.",1
54440704,"The trip distance is 23.0 km. There are three travel modes for the traveler to choose from: 1. Public transport: travel time is 71 minutes, and the travel cost is 14.4 CHF. 2. Driving: travel time is 29 minutes, and the travel cost is 3.32 CHF. 3. Soft modes are free of charge. Traveler is 39 year old female who work full time and has no children. The household owns 1 car, 0 motorcycle, 1 bicycle.",1
54440796,"The trip distance is 41.0 km. There are three travel modes for the traveler to choose from: 1. Public transport: travel time is 144 minutes, and the travel cost is 23.6 CHF. 2. Driving: travel time is 54 minutes, and the travel cost is 6.28 CHF. 3. Soft modes are free of charge. Traveler is 37 year old male who work full time and has 2 children. The household owns 2 cars, 1 motorcycle, 4 bicycles.",1
54440872,"The trip distance is 26.0 km. There are three travel modes for the traveler to choose from: 1. Public transport: travel time is 114 minutes, and the travel cost is 20.0 CHF. 2. Driving: travel time is 39 minutes, and the travel cost is 3.96 CHF. 3. Soft modes are free of charge. Traveler is 48 year old male who work full time and has no children. The household owns 1 car, 0 motorcycle, 2 bicycles.",1
54440891,"The trip distance is 28.0 km. There are three travel modes for the traveler to choose from: 1. Public transport: travel time is 96 minutes, and the travel cost is 22.8 CHF. 2. Driving: travel time is 31 minutes, and the travel cost is 3.97 CHF. 3. Soft modes are free of charge. Traveler is 60 year old male who work full time and has no children. The household owns 2 cars, 0 motorcycle, 1 bicycle.",1
54440949,"The trip distance is 15.0 km. There are three travel modes for the traveler to choose from: 1. Public transport: travel time is 61 minutes, and the travel cost is 12.2 CHF. 2. Driving: travel time is 21 minutes, and the travel cost is 2.29 CHF. 3. Soft modes are free of charge. Traveler is 44 year old male who work part time and has 2 children. The household owns 1 car, 0 motorcycle, 4 bicycles.",1
54440982,"The trip distance is 9.0 km. There are three travel modes for the traveler to choose from: 1. Public transport: travel time is 40 minutes, and the travel cost is 2.2 CHF. 2. Driving: travel time is 14 minutes, and the travel cost is 1.35 CHF. 3. Soft modes are free of charge. Traveler is 37 year old female who work full time and has no children. The household owns 2 cars, 2 motorcycles, 0 bicycle.",1
54440983,"The trip distance is 9.0 km. There are three travel modes for the traveler to choose from: 1. Public transport: travel time is 40 minutes, and the travel cost is 2.2 CHF. 2. Driving: travel time is 14 minutes, and the travel cost is 1.35 CHF. 3. Soft modes are free of charge. Traveler is 37 year old female who work full time and has no children. The household owns 2 cars, 2 motorcycles, 0 bicycle.",1
54440987,"The trip distance is 57.5 km. There are three travel modes for the traveler to choose from: 1. Public transport: travel time is 171 minutes, and the travel cost is 40.0 CHF. 2. Driving: travel time is 81 minutes, and the travel cost is 10.5 CHF. 3. Soft modes are free of charge. Traveler is 50 year old male who work full time and has 2 children. The household owns 1 car, 0 motorcycle, 4 bicycles.",0
54441060,"The trip distance is 24.0 km. There are three travel modes for the traveler to choose from: 1. Public transport: travel time is 94 minutes, and the travel cost is 29.0 CHF. 2. Driving: travel time is 40 minutes, and the travel cost is 3.93 CHF. 3. Soft modes are free of charge. Traveler is 56 year old female who work part time and has no children. The household owns 1 car, 0 motorcycle, 0 bicycle.",1
54441126,"The trip distance is 11.0 km. There are three travel modes for the traveler to choose from: 1. Public transport: travel time is 91 minutes, and the travel cost is 3.8 CHF. 2. Driving: travel time is 14 minutes, and the travel cost is 1.42 CHF. 3. Soft modes are free of charge. Traveler is 45 year old female who work part time and has no children. The household owns 2 cars, 1 motorcycle, 3 bicycles.",1
54441126,"The trip distance is 10.0 km. There are three travel modes for the traveler to choose from: 1. Public transport: travel time is 38 minutes, and the travel cost is 3.8 CHF. 2. Driving: travel time is 14 minutes, and the travel cost is 1.46 CHF. 3. Soft modes are free of charge. Traveler is 45 year old female who work part time and has no children. The household owns 2 cars, 1 motorcycle, 3 bicycles.",1
54441132,"The trip distance is 11.0 km. There are three travel modes for the traveler to choose from: 1. Public transport: travel time is 78 minutes, and the travel cost is 7.6 CHF. 2. Driving: travel time is 19 minutes, and the travel cost is 1.92 CHF. 3. Soft modes are free of charge. Traveler is 31 year old male who work full time and has no children. The household owns 1 car, 0 motorcycle, 1 bicycle.",1
54441132,"The trip distance is 11.0 km. There are three travel modes for the traveler to choose from: 1. Public transport: travel time is 115 minutes, and the travel cost is 9.4 CHF. 2. Driving: travel time is 19 minutes, and the travel cost is 1.92 CHF. 3. Soft modes are free of charge. Traveler is 31 year old male who work full time and has no children. The household owns 1 car, 0 motorcycle, 1 bicycle.",1
54540006,"The trip distance is 12.0 km. There are three travel modes for the traveler to choose from: 1. Public transport: travel time is 95 minutes, and the travel cost is 0.0 CHF. 2. Driving: travel time is 24 minutes, and the travel cost is 2.69 CHF. 3. Soft modes are free of charge. Traveler is 25 year old male who work part time and has no children. The household owns 2 cars, 0 motorcycle, 3 bicycles.",0
54540006,"The trip distance is 5.5 km. There are three travel modes for the traveler to choose from: 1. Public transport: travel time is 107 minutes, and the travel cost is 0.0 CHF. 2. Driving: travel time is 8 minutes, and the travel cost is 0.77 CHF. 3. Soft modes are free of charge. Traveler is 25 year old male who work part time and has no children. The household owns 2 cars, 0 motorcycle, 3 bicycles.",1
54540010,"The trip distance is 48.8 km. There are three travel modes for the traveler to choose from: 1. Public transport: travel time is 161 minutes, and the travel cost is 12.2 CHF. 2. Driving: travel time is 57 minutes, and the travel cost is 7.04 CHF. 3. Soft modes are free of charge. Traveler is 64 year old female who work part time and has no children. The household owns 2 cars, 0 motorcycle, 2 bicycles.",1
54540059,"The trip distance is 33.0 km. There are three travel modes for the traveler to choose from: 1. Public transport: travel time is 81 minutes, and the travel cost is 21.4 CHF. 2. Driving: travel time is 31 minutes, and the travel cost is 4.54 CHF. 3. Soft modes are free of charge. Traveler is 53 year old male who work full time and has no children. The household owns 1 car, 0 motorcycle, 0 bicycle.",1
54540098,"The trip distance is 23.0 km. There are three travel modes for the traveler to choose from: 1. Public transport: travel time is 68 minutes, and the travel cost is 11.0 CHF. 2. Driving: travel time is 32 minutes, and the travel cost is 3.57 CHF. 3. Soft modes are free of charge. Traveler is 42 year old female who work full time and has no children. The household owns 1 car, 0 motorcycle, 1 bicycle.",1
54540107,"The trip distance is 12.0 km. There are three travel modes for the traveler to choose from: 1. Public transport: travel time is 65 minutes, and the travel cost is 2.8 CHF. 2. Driving: travel time is 19 minutes, and the travel cost is 1.96 CHF. 3. Soft modes are free of charge. Traveler is 38 year old female who work part time and has 3 children. The household owns 2 cars, 0 motorcycle, 6 bicycles.",1
54540136,"The trip distance is 49.0 km. There are three travel modes for the traveler to choose from: 1. Public transport: travel time is 127 minutes, and the travel cost is 0.0 CHF. 2. Driving: travel time is 64 minutes, and the travel cost is 7.59 CHF. 3. Soft modes are free of charge. Traveler is 48 year old female who work part time and has no children. The household owns 2 cars, 0 motorcycle, 3 bicycles.",1
54540145,"The trip distance is 49.0 km. There are three travel modes for the traveler to choose from: 1. Public transport: travel time is 171 minutes, and the travel cost is 0.0 CHF. 2. Driving: travel time is 70 minutes, and the travel cost is 7.21 CHF. 3. Soft modes are free of charge. Traveler is 73 year old male who work part time and has no children. The household owns 1 car, 0 motorcycle, 0 bicycle.",0
54540164,"The trip distance is 77.0 km. There are three travel modes for the traveler to choose from: 1. Public transport: travel time is 176 minutes, and the travel cost is 16.0 CHF. 2. Driving: travel time is 64 minutes, and the travel cost is 11.26 CHF. 3. Soft modes are free of charge. Traveler is 64 year old female who work part time and has no children. The household owns 1 car, 0 motorcycle, 2 bicycles.",1
54540180,"The trip distance is 29.0 km. There are three travel modes for the traveler to choose from: 1. Public transport: travel time is 104 minutes, and the travel cost is 11.2 CHF. 2. Driving: travel time is 40 minutes, and the travel cost is 4.59 CHF. 3. Soft modes are free of charge. Traveler is 25 year old male who work full time and has no children. The household owns 3 cars, 0 motorcycle, 3 bicycles.",1
54540184,"The trip distance is 40.0 km. There are three travel modes for the traveler to choose from: 1. Public transport: travel time is 104 minutes, and the travel cost is 22.0 CHF. 2. Driving: travel time is 51 minutes, and the travel cost is 6.1 CHF. 3. Soft modes are free of charge. Traveler is 77 year old male who work part time and has no children. The household owns 2 cars, 0 motorcycle, 1 bicycle.",1
54540243,"The trip distance is 23.0 km. There are three travel modes for the traveler to choose from: 1. Public transport: travel time is 66 minutes, and the travel cost is 11.0 CHF. 2. Driving: travel time is 28 minutes, and the travel cost is 3.51 CHF. 3. Soft modes are free of charge. Traveler is 64 year old male who work full time and has no children. The household owns 2 cars, 0 motorcycle, 0 bicycle.",1
54540243,"The trip distance is 167.0 km. There are three travel modes for the traveler to choose from: 1. Public transport: travel time is 216 minutes, and the travel cost is 60.6 CHF. 2. Driving: travel time is 110 minutes, and the travel cost is 21.55 CHF. 3. Soft modes are free of charge. Traveler is 64 year old male who work full time and has no children. The household owns 2 cars, 0 motorcycle, 0 bicycle.",1
54540243,"The trip distance is 14.0 km. There are three travel modes for the traveler to choose from: 1. Public transport: travel time is 46 minutes, and the travel cost is 5.6 CHF. 2. Driving: travel time is 25 minutes, and the travel cost is 2.41 CHF. 3. Soft modes are free of charge. Traveler is 64 year old male who work full time and has no children. The household owns 2 cars, 0 motorcycle, 0 bicycle.",1
54540269,"The trip distance is 17.0 km. There are three travel modes for the traveler to choose from: 1. Public transport: travel time is 111 minutes, and the travel cost is 3.8 CHF. 2. Driving: travel time is 26 minutes, and the travel cost is 2.82 CHF. 3. Soft modes are free of charge. Traveler is 77 year old male who work part time and has no children. The household owns 1 car, 0 motorcycle, 0 bicycle.",1
54540269,"The trip distance is 1.1 km. There are three travel modes for the traveler to choose from: 1. Public transport: travel time is 33 minutes, and the travel cost is 2.2 CHF. 2. Driving: travel time is 1 minutes, and the travel cost is 0.23 CHF. 3. Soft modes are free of charge. Traveler is 77 year old male who work part time and has no children. The household owns 1 car, 0 motorcycle, 0 bicycle.",2
54540399,"The trip distance is 55.5 km. There are three travel modes for the traveler to choose from: 1. Public transport: travel time is 144 minutes, and the travel cost is 16.7 CHF. 2. Driving: travel time is 74 minutes, and the travel cost is 9.14 CHF. 3. Soft modes are free of charge. Traveler is 52 year old female who work part time and has no children. The household owns 2 cars, 1 motorcycle, 0 bicycle.",0
54540426,"The trip distance is 7.0 km. There are three travel modes for the traveler to choose from: 1. Public transport: travel time is 43 minutes, and the travel cost is 7.6 CHF. 2. Driving: travel time is 10 minutes, and the travel cost is 1.23 CHF. 3. Soft modes are free of charge. Traveler is 47 year old female who work part time and has no children. The household owns 2 cars, 0 motorcycle, 4 bicycles.",1
54540426,"The trip distance is 29.5 km. There are three travel modes for the traveler to choose from: 1. Public transport: travel time is 126 minutes, and the travel cost is 17.0 CHF. 2. Driving: travel time is 42 minutes, and the travel cost is 4.26 CHF. 3. Soft modes are free of charge. Traveler is 47 year old female who work part time and has no children. The household owns 2 cars, 0 motorcycle, 4 bicycles.",1
54540452,"The trip distance is 14.0 km. There are three travel modes for the traveler to choose from: 1. Public transport: travel time is 90 minutes, and the travel cost is 14.4 CHF. 2. Driving: travel time is 25 minutes, and the travel cost is 2.55 CHF. 3. Soft modes are free of charge. Traveler is 52 year old female who work part time and has no children. The household owns 4 cars, 0 motorcycle, 2 bicycles.",1
54540581,"The trip distance is 7.5 km. There are three travel modes for the traveler to choose from: 1. Public transport: travel time is 25 minutes, and the travel cost is 2.2 CHF. 2. Driving: travel time is 11 minutes, and the travel cost is 1.16 CHF. 3. Soft modes are free of charge. Traveler is 56 year old female who work part time and has no children. The household owns 2 cars, 0 motorcycle, 2 bicycles.",1
54540632,"The trip distance is 65.0 km. There are three travel modes for the traveler to choose from: 1. Public transport: travel time is 120 minutes, and the travel cost is 22.0 CHF. 2. Driving: travel time is 64 minutes, and the travel cost is 9.0 CHF. 3. Soft modes are free of charge. Traveler is 31 year old male who work full time and has 2 children. The household owns 1 car, 0 motorcycle, 2 bicycles.",1
54540662,"The trip distance is 7.0 km. There are three travel modes for the traveler to choose from: 1. Public transport: travel time is 33 minutes, and the travel cost is 3.8 CHF. 2. Driving: travel time is 10 minutes, and the travel cost is 1.13 CHF. 3. Soft modes are free of charge. Traveler is 55 year old female who work full time and has no children. The household owns 1 car, 0 motorcycle, 1 bicycle.",1
54540663,"The trip distance is 24.0 km. There are three travel modes for the traveler to choose from: 1. Public transport: travel time is 72 minutes, and the travel cost is 5.6 CHF. 2. Driving: travel time is 40 minutes, and the travel cost is 3.87 CHF. 3. Soft modes are free of charge. Traveler is 26 year old male who work full time and has no children. The household owns 1 car, 1 motorcycle, 1 bicycle.",0
54540713,"The trip distance is 9.5 km. There are three travel modes for the traveler to choose from: 1. Public transport: travel time is 59 minutes, and the travel cost is 3.8 CHF. 2. Driving: travel time is 16 minutes, and the travel cost is 1.66 CHF. 3. Soft modes are free of charge. Traveler is 44 year old female who work part time and has 2 children. The household owns 1 car, 0 motorcycle, 7 bicycles.",1
54540713,"The trip distance is 8.9 km. There are three travel modes for the traveler to choose from: 1. Public transport: travel time is 68 minutes, and the travel cost is 3.8 CHF. 2. Driving: travel time is 15 minutes, and the travel cost is 1.75 CHF. 3. Soft modes are free of charge. Traveler is 44 year old female who work part time and has 2 children. The household owns 1 car, 0 motorcycle, 7 bicycles.",1
54540714,"The trip distance is 0.3 km. There are three travel modes for the traveler to choose from: 1. Public transport: travel time is 114 minutes, and the travel cost is 2.2 CHF. 2. Driving: travel time is 0 minutes, and the travel cost is 0.13 CHF. 3. Soft modes are free of charge. Traveler is 47 year old male who work full time and has 2 children. The household owns 1 car, 0 motorcycle, 7 bicycles.",2
54540811,"The trip distance is 13.0 km. There are three travel modes for the traveler to choose from: 1. Public transport: travel time is 90 minutes, and the travel cost is 4.7 CHF. 2. Driving: travel time is 24 minutes, and the travel cost is 2.35 CHF. 3. Soft modes are free of charge. Traveler is 36 year old female who work full time and has no children. The household owns 2 cars, 1 motorcycle, 4 bicycles.",1
54540811,"The trip distance is 13.0 km. There are three travel modes for the traveler to choose from: 1. Public transport: travel time is 97 minutes, and the travel cost is 5.6 CHF. 2. Driving: travel time is 24 minutes, and the travel cost is 2.35 CHF. 3. Soft modes are free of charge. Traveler is 36 year old female who work full time and has no children. The household owns 2 cars, 1 motorcycle, 4 bicycles.",1
54540811,"The trip distance is 2.0 km. There are three travel modes for the traveler to choose from: 1. Public transport: travel time is 47 minutes, and the travel cost is 2.2 CHF. 2. Driving: travel time is 4 minutes, and the travel cost is 0.49 CHF. 3. Soft modes are free of charge. Traveler is 36 year old female who work full time and has no children. The household owns 2 cars, 1 motorcycle, 4 bicycles.",2
54540853,"The trip distance is 58.0 km. There are three travel modes for the traveler to choose from: 1. Public transport: travel time is 164 minutes, and the travel cost is 26.0 CHF. 2. Driving: travel time is 60 minutes, and the travel cost is 8.2 CHF. 3. Soft modes are free of charge. Traveler is 55 year old male who work full time and has no children. The household owns 2 cars, 1 motorcycle, 3 bicycles.",1
54540858,"The trip distance is 23.0 km. There are three travel modes for the traveler to choose from: 1. Public transport: travel time is 105 minutes, and the travel cost is 5.6 CHF. 2. Driving: travel time is 38 minutes, and the travel cost is 3.75 CHF. 3. Soft modes are free of charge. Traveler is 66 year old male who work part time and has no children. The household owns 2 cars, 0 motorcycle, 2 bicycles.",1
54540888,"The trip distance is 14.0 km. There are three travel modes for the traveler to choose from: 1. Public transport: travel time is 77 minutes, and the travel cost is 13.8 CHF. 2. Driving: travel time is 21 minutes, and the travel cost is 2.18 CHF. 3. Soft modes are free of charge. Traveler is 65 year old male who work part time and has no children. The household owns 2 cars, 0 motorcycle, 1 bicycle.",1
54540918,"The trip distance is 3.2 km. There are three travel modes for the traveler to choose from: 1. Public transport: travel time is 37 minutes, and the travel cost is 2.2 CHF. 2. Driving: travel time is 6 minutes, and the travel cost is 0.56 CHF. 3. Soft modes are free of charge. Traveler is 50 year old male who work part time and has 2 children. The household owns 1 car, 0 motorcycle, 5 bicycles.",2
54540918,"The trip distance is 9.0 km. There are three travel modes for the traveler to choose from: 1. Public transport: travel time is 47 minutes, and the travel cost is 3.8 CHF. 2. Driving: travel time is 16 minutes, and the travel cost is 1.39 CHF. 3. Soft modes are free of charge. Traveler is 50 year old male who work part time and has 2 children. The household owns 1 car, 0 motorcycle, 5 bicycles.",2
54540965,"The trip distance is 218.0 km. There are three travel modes for the traveler to choose from: 1. Public transport: travel time is 235 minutes, and the travel cost is 42.4 CHF. 2. Driving: travel time is 153 minutes, and the travel cost is 28.83 CHF. 3. Soft modes are free of charge. Traveler is 54 year old male who work full time and has no children. The household owns 3 cars, 0 motorcycle, 3 bicycles.",0
54540966,"The trip distance is 244.0 km. There are three travel modes for the traveler to choose from: 1. Public transport: travel time is 56 minutes, and the travel cost is 3.8 CHF. 2. Driving: travel time is 179 minutes, and the travel cost is 31.94 CHF. 3. Soft modes are free of charge. Traveler is 54 year old male who work full time and has no children. The household owns 3 cars, 0 motorcycle, 3 bicycles.",1
54540989,"The trip distance is 27.0 km. There are three travel modes for the traveler to choose from: 1. Public transport: travel time is 61 minutes, and the travel cost is 5.8 CHF. 2. Driving: travel time is 31 minutes, and the travel cost is 4.37 CHF. 3. Soft modes are free of charge. Traveler is 19 year old male who work part time and has no children. The household owns 2 cars, 1 motorcycle, 2 bicycles.",0
54541020,"The trip distance is 0.5 km. There are three travel modes for the traveler to choose from: 1. Public transport: travel time is 5 minutes, and the travel cost is 2.2 CHF. 2. Driving: travel time is 1 minutes, and the travel cost is 0.09 CHF. 3. Soft modes are free of charge. Traveler is 50 year old female who work part time and has no children. The household owns 2 cars, 0 motorcycle, 3 bicycles.",2
54541020,"The trip distance is 0.8 km. There are three travel modes for the traveler to choose from: 1. Public transport: travel time is 17 minutes, and the travel cost is 2.2 CHF. 2. Driving: travel time is 1 minutes, and the travel cost is 0.14 CHF. 3. Soft modes are free of charge. Traveler is 50 year old female who work part time and has no children. The household owns 2 cars, 0 motorcycle, 3 bicycles.",2
54541039,"The trip distance is 38.0 km. There are three travel modes for the traveler to choose from: 1. Public transport: travel time is 152 minutes, and the travel cost is 15.6 CHF. 2. Driving: travel time is 51 minutes, and the travel cost is 6.56 CHF. 3. Soft modes are free of charge. Traveler is 40 year old male who work full time and has 3 children. The household owns 2 cars, 0 motorcycle, 5 bicycles.",1
54541041,"The trip distance is 13.6 km. There are three travel modes for the traveler to choose from: 1. Public transport: travel time is 81 minutes, and the travel cost is 5.6 CHF. 2. Driving: travel time is 21 minutes, and the travel cost is 2.11 CHF. 3. Soft modes are free of charge. Traveler is 36 year old male who work full time and has no children. The household owns 1 car, 1 motorcycle, 0 bicycle.",1
54541041,"The trip distance is 28.0 km. There are three travel modes for the traveler to choose from: 1. Public transport: travel time is 66 minutes, and the travel cost is 5.8 CHF. 2. Driving: travel time is 31 minutes, and the travel cost is 4.27 CHF. 3. Soft modes are free of charge. Traveler is 36 year old male who work full time and has no children. The household owns 1 car, 1 motorcycle, 0 bicycle.",1
54544037,"The trip distance is 84.0 km. There are three travel modes for the traveler to choose from: 1. Public transport: travel time is 160 minutes, and the travel cost is 24.3 CHF. 2. Driving: travel time is 112 minutes, and the travel cost is 14.93 CHF. 3. Soft modes are free of charge. Traveler is 61 year old male who work part time and has no children. The household owns 2 cars, 0 motorcycle, 1 bicycle.",1
56080029,"The trip distance is 26.2 km. There are three travel modes for the traveler to choose from: 1. Public transport: travel time is 134 minutes, and the travel cost is 16.4 CHF. 2. Driving: travel time is 40 minutes, and the travel cost is 4.2 CHF. 3. Soft modes are free of charge. Traveler is 49 year old female who work full time and has no children. The household owns 4 cars, 1 motorcycle, 4 bicycles.",1
56080065,"The trip distance is 46.5 km. There are three travel modes for the traveler to choose from: 1. Public transport: travel time is 166 minutes, and the travel cost is 12.1 CHF. 2. Driving: travel time is 69 minutes, and the travel cost is 6.99 CHF. 3. Soft modes are free of charge. Traveler is 49 year old female who work part time and has no children. The household owns 2 cars, 0 motorcycle, 2 bicycles.",1
56080075,"The trip distance is 70.5 km. There are three travel modes for the traveler to choose from: 1. Public transport: travel time is 147 minutes, and the travel cost is 0.0 CHF. 2. Driving: travel time is 81 minutes, and the travel cost is 10.65 CHF. 3. Soft modes are free of charge. Traveler is 58 year old male who work full time and has no children. The household owns 2 cars, 2 motorcycles, 3 bicycles.",0
56080176,"The trip distance is 4.0 km. There are three travel modes for the traveler to choose from: 1. Public transport: travel time is 26 minutes, and the travel cost is 2.8 CHF. 2. Driving: travel time is 5 minutes, and the travel cost is 0.57 CHF. 3. Soft modes are free of charge. Traveler is 31 year old male who work full time and has no children. The household owns 2 cars, 0 motorcycle, 2 bicycles.",1
56080315,"The trip distance is 7.5 km. There are three travel modes for the traveler to choose from: 1. Public transport: travel time is 61 minutes, and the travel cost is 6.8 CHF. 2. Driving: travel time is 9 minutes, and the travel cost is 1.02 CHF. 3. Soft modes are free of charge. Traveler is 45 year old female who work part time and has no children. The household owns 2 cars, 0 motorcycle, 4 bicycles.",1
56080315,"The trip distance is 7.0 km. There are three travel modes for the traveler to choose from: 1. Public transport: travel time is 52 minutes, and the travel cost is 11.4 CHF. 2. Driving: travel time is 8 minutes, and the travel cost is 0.92 CHF. 3. Soft modes are free of charge. Traveler is 45 year old female who work part time and has no children. The household owns 2 cars, 0 motorcycle, 4 bicycles.",1
56080325,"The trip distance is 5.0 km. There are three travel modes for the traveler to choose from: 1. Public transport: travel time is 32 minutes, and the travel cost is 3.8 CHF. 2. Driving: travel time is 7 minutes, and the travel cost is 0.76 CHF. 3. Soft modes are free of charge. Traveler is 61 year old female who work full time and has no children. The household owns 2 cars, 0 motorcycle, 0 bicycle.",1
56080325,"The trip distance is 14.0 km. There are three travel modes for the traveler to choose from: 1. Public transport: travel time is 60 minutes, and the travel cost is 9.4 CHF. 2. Driving: travel time is 23 minutes, and the travel cost is 2.34 CHF. 3. Soft modes are free of charge. Traveler is 61 year old female who work full time and has no children. The household owns 2 cars, 0 motorcycle, 0 bicycle.",1
56080562,"The trip distance is 23.0 km. There are three travel modes for the traveler to choose from: 1. Public transport: travel time is 128 minutes, and the travel cost is 7.4 CHF. 2. Driving: travel time is 22 minutes, and the travel cost is 2.98 CHF. 3. Soft modes are free of charge. Traveler is 35 year old male who work full time and has 2 children. The household owns 2 cars, 1 motorcycle, 4 bicycles.",1
56080623,"The trip distance is 17.0 km. There are three travel modes for the traveler to choose from: 1. Public transport: travel time is 59 minutes, and the travel cost is 5.6 CHF. 2. Driving: travel time is 22 minutes, and the travel cost is 2.22 CHF. 3. Soft modes are free of charge. Traveler is 47 year old female who work full time and has no children. The household owns 5 cars, 0 motorcycle, 5 bicycles.",1
56080781,"The trip distance is 71.0 km. There are three travel modes for the traveler to choose from: 1. Public transport: travel time is 149 minutes, and the travel cost is 31.6 CHF. 2. Driving: travel time is 69 minutes, and the travel cost is 10.16 CHF. 3. Soft modes are free of charge. Traveler is 47 year old female who work full time and has no children. The household owns 1 car, 0 motorcycle, 0 bicycle.",1
56080782,"The trip distance is 77.0 km. There are three travel modes for the traveler to choose from: 1. Public transport: travel time is 196 minutes, and the travel cost is 35.6 CHF. 2. Driving: travel time is 73 minutes, and the travel cost is 10.68 CHF. 3. Soft modes are free of charge. Traveler is 47 year old female who work full time and has no children. The household owns 1 car, 0 motorcycle, 0 bicycle.",1
56080828,"The trip distance is 22.0 km. There are three travel modes for the traveler to choose from: 1. Public transport: travel time is 176 minutes, and the travel cost is 20.3 CHF. 2. Driving: travel time is 42 minutes, and the travel cost is 4.04 CHF. 3. Soft modes are free of charge. Traveler is 62 year old male who work full time and has no children. The household owns 2 cars, 0 motorcycle, 2 bicycles.",1
56080897,"The trip distance is 7.0 km. There are three travel modes for the traveler to choose from: 1. Public transport: travel time is 71 minutes, and the travel cost is 3.4 CHF. 2. Driving: travel time is 12 minutes, and the travel cost is 1.32 CHF. 3. Soft modes are free of charge. Traveler is 48 year old male who work full time and has 2 children. The household owns 1 car, 0 motorcycle, 4 bicycles.",1
56080897,"The trip distance is 10.0 km. There are three travel modes for the traveler to choose from: 1. Public transport: travel time is 37 minutes, and the travel cost is 3.8 CHF. 2. Driving: travel time is 16 minutes, and the travel cost is 1.59 CHF. 3. Soft modes are free of charge. Traveler is 48 year old male who work full time and has 2 children. The household owns 1 car, 0 motorcycle, 4 bicycles.",1
70130106,"The trip distance is 68.0 km. There are three travel modes for the traveler to choose from: 1. Public transport: travel time is 118 minutes, and the travel cost is 17.8 CHF. 2. Driving: travel time is 48 minutes, and the travel cost is 8.91 CHF. 3. Soft modes are free of charge. Traveler is 36 year old female who work part time and has 2 children. The household owns 1 car, 0 motorcycle, 6 bicycles.",0
70130149,"The trip distance is 14.5 km. There are three travel modes for the traveler to choose from: 1. Public transport: travel time is 59 minutes, and the travel cost is 8.7 CHF. 2. Driving: travel time is 22 minutes, and the travel cost is 2.32 CHF. 3. Soft modes are free of charge. Traveler is 53 year old female who work part time and has no children. The household owns 2 cars, 1 motorcycle, 6 bicycles.",0
70130275,"The trip distance is 98.0 km. There are three travel modes for the traveler to choose from: 1. Public transport: travel time is 129 minutes, and the travel cost is 17.6 CHF. 2. Driving: travel time is 57 minutes, and the travel cost is 12.37 CHF. 3. Soft modes are free of charge. Traveler is 41 year old male who work full time and has no children. The household owns 0 car, 0 motorcycle, 1 bicycle.",0
70130294,"The trip distance is 15.3 km. There are three travel modes for the traveler to choose from: 1. Public transport: travel time is 283 minutes, and the travel cost is 80.2 CHF. 2. Driving: travel time is 22 minutes, and the travel cost is 2.25 CHF. 3. Soft modes are free of charge. Traveler is 42 year old male who work full time and has no children. The household owns 1 car, 0 motorcycle, 3 bicycles.",1
70130349,"The trip distance is 2.6 km. There are three travel modes for the traveler to choose from: 1. Public transport: travel time is 32 minutes, and the travel cost is 3.0 CHF. 2. Driving: travel time is 6 minutes, and the travel cost is 0.69 CHF. 3. Soft modes are free of charge. Traveler is 44 year old female who work part time and has 2 children. The household owns 1 car, 0 motorcycle, 7 bicycles.",2
70130349,"The trip distance is 20.0 km. There are three travel modes for the traveler to choose from: 1. Public transport: travel time is 60 minutes, and the travel cost is 4.8 CHF. 2. Driving: travel time is 24 minutes, and the travel cost is 2.94 CHF. 3. Soft modes are free of charge. Traveler is 44 year old female who work part time and has 2 children. The household owns 1 car, 0 motorcycle, 7 bicycles.",0
70130349,"The trip distance is 4.0 km. There are three travel modes for the traveler to choose from: 1. Public transport: travel time is 32 minutes, and the travel cost is 3.0 CHF. 2. Driving: travel time is 6 minutes, and the travel cost is 0.8 CHF. 3. Soft modes are free of charge. Traveler is 44 year old female who work part time and has 2 children. The household owns 1 car, 0 motorcycle, 7 bicycles.",2
70130388,"The trip distance is 13.5 km. There are three travel modes for the traveler to choose from: 1. Public transport: travel time is 52 minutes, and the travel cost is 3.5 CHF. 2. Driving: travel time is 17 minutes, and the travel cost is 2.11 CHF. 3. Soft modes are free of charge. Traveler is 52 year old male who work full time and has no children. The household owns 1 car, 0 motorcycle, 1 bicycle.",0
70130419,"The trip distance is 70.0 km. There are three travel modes for the traveler to choose from: 1. Public transport: travel time is 143 minutes, and the travel cost is 15.5 CHF. 2. Driving: travel time is 70 minutes, and the travel cost is 9.33 CHF. 3. Soft modes are free of charge. Traveler is 72 year old female who work part time and has no children. The household owns 1 car, 0 motorcycle, 2 bicycles.",0
70130507,"The trip distance is 24.0 km. There are three travel modes for the traveler to choose from: 1. Public transport: travel time is 78 minutes, and the travel cost is 6.5 CHF. 2. Driving: travel time is 22 minutes, and the travel cost is 3.3 CHF. 3. Soft modes are free of charge. Traveler is 74 year old male who work part time and has no children. The household owns 1 car, 1 motorcycle, 3 bicycles.",1
70130508,"The trip distance is 0.7 km. There are three travel modes for the traveler to choose from: 1. Public transport: travel time is 7 minutes, and the travel cost is 2.2 CHF. 2. Driving: travel time is 1 minutes, and the travel cost is 0.16 CHF. 3. Soft modes are free of charge. Traveler is 72 year old female who work part time and has no children. The household owns 1 car, 1 motorcycle, 3 bicycles.",2
70130508,"The trip distance is 1.2 km. There are three travel modes for the traveler to choose from: 1. Public transport: travel time is 36 minutes, and the travel cost is 2.2 CHF. 2. Driving: travel time is 2 minutes, and the travel cost is 0.29 CHF. 3. Soft modes are free of charge. Traveler is 72 year old female who work part time and has no children. The household owns 1 car, 1 motorcycle, 3 bicycles.",2
70130633,"The trip distance is 229.2 km. There are three travel modes for the traveler to choose from: 1. Public transport: travel time is 193 minutes, and the travel cost is 0.0 CHF. 2. Driving: travel time is 175 minutes, and the travel cost is 31.31 CHF. 3. Soft modes are free of charge. Traveler is 72 year old male who work part time and has no children. The household owns 1 car, 0 motorcycle, 1 bicycle.",0
70130662,"The trip distance is 55.0 km. There are three travel modes for the traveler to choose from: 1. Public transport: travel time is 139 minutes, and the travel cost is 16.6 CHF. 2. Driving: travel time is 38 minutes, and the travel cost is 7.08 CHF. 3. Soft modes are free of charge. Traveler is 41 year old female who work full time and has no children. The household owns 2 cars, 1 motorcycle, 1 bicycle.",1
70130662,"The trip distance is 55.0 km. There are three travel modes for the traveler to choose from: 1. Public transport: travel time is 155 minutes, and the travel cost is 25.6 CHF. 2. Driving: travel time is 38 minutes, and the travel cost is 7.08 CHF. 3. Soft modes are free of charge. Traveler is 41 year old female who work full time and has no children. The household owns 2 cars, 1 motorcycle, 1 bicycle.",1
70130666,"The trip distance is 1.0 km. There are three travel modes for the traveler to choose from: 1. Public transport: travel time is 11 minutes, and the travel cost is 3.0 CHF. 2. Driving: travel time is 1 minutes, and the travel cost is 0.17 CHF. 3. Soft modes are free of charge. Traveler is 18 year old female who work part time and has no children. The household owns 2 cars, 0 motorcycle, 4 bicycles.",0
70130666,"The trip distance is 6.5 km. There are three travel modes for the traveler to choose from: 1. Public transport: travel time is 28 minutes, and the travel cost is 4.8 CHF. 2. Driving: travel time is 9 minutes, and the travel cost is 0.97 CHF. 3. Soft modes are free of charge. Traveler is 18 year old female who work part time and has no children. The household owns 2 cars, 0 motorcycle, 4 bicycles.",0
70130723,"The trip distance is 9.9 km. There are three travel modes for the traveler to choose from: 1. Public transport: travel time is 59 minutes, and the travel cost is 3.9 CHF. 2. Driving: travel time is 14 minutes, and the travel cost is 1.81 CHF. 3. Soft modes are free of charge. Traveler is 55 year old male who work full time and has no children. The household owns 1 car, 0 motorcycle, 2 bicycles.",1
70130766,"The trip distance is 244.0 km. There are three travel modes for the traveler to choose from: 1. Public transport: travel time is 284 minutes, and the travel cost is 0.0 CHF. 2. Driving: travel time is 180 minutes, and the travel cost is 33.0 CHF. 3. Soft modes are free of charge. Traveler is 31 year old female who work full time and has no children. The household owns 0 car, 0 motorcycle, 1 bicycle.",0
70130777,"The trip distance is 1.6 km. There are three travel modes for the traveler to choose from: 1. Public transport: travel time is 25 minutes, and the travel cost is 2.2 CHF. 2. Driving: travel time is 2 minutes, and the travel cost is 0.32 CHF. 3. Soft modes are free of charge. Traveler is 39 year old female who work part time and has no children. The household owns 1 car, 0 motorcycle, 6 bicycles.",2
70130777,"The trip distance is 24.0 km. There are three travel modes for the traveler to choose from: 1. Public transport: travel time is 85 minutes, and the travel cost is 4.8 CHF. 2. Driving: travel time is 24 minutes, and the travel cost is 3.53 CHF. 3. Soft modes are free of charge. Traveler is 39 year old female who work part time and has no children. The household owns 1 car, 0 motorcycle, 6 bicycles.",1
70130778,"The trip distance is 2.6 km. There are three travel modes for the traveler to choose from: 1. Public transport: travel time is 20 minutes, and the travel cost is 2.2 CHF. 2. Driving: travel time is 6 minutes, and the travel cost is 0.69 CHF. 3. Soft modes are free of charge. Traveler is 45 year old male who work full time and has 2 children. The household owns 1 car, 0 motorcycle, 6 bicycles.",1
70130778,"The trip distance is 2.6 km. There are three travel modes for the traveler to choose from: 1. Public transport: travel time is 20 minutes, and the travel cost is 2.2 CHF. 2. Driving: travel time is 6 minutes, and the travel cost is 0.69 CHF. 3. Soft modes are free of charge. Traveler is 45 year old male who work full time and has 2 children. The household owns 1 car, 0 motorcycle, 6 bicycles.",2
70130778,"The trip distance is 19.0 km. There are three travel modes for the traveler to choose from: 1. Public transport: travel time is 53 minutes, and the travel cost is 4.8 CHF. 2. Driving: travel time is 14 minutes, and the travel cost is 2.49 CHF. 3. Soft modes are free of charge. Traveler is 45 year old male who work full time and has 2 children. The household owns 1 car, 0 motorcycle, 6 bicycles.",1
70130787,"The trip distance is 0.9 km. There are three travel modes for the traveler to choose from: 1. Public transport: travel time is 12 minutes, and the travel cost is 2.2 CHF. 2. Driving: travel time is 1 minutes, and the travel cost is 0.17 CHF. 3. Soft modes are free of charge. Traveler is 61 year old male who work full time and has no children. The household owns 1 car, 0 motorcycle, 3 bicycles.",1
70130792,"The trip distance is 1.6 km. There are three travel modes for the traveler to choose from: 1. Public transport: travel time is 30 minutes, and the travel cost is 3.0 CHF. 2. Driving: travel time is 2 minutes, and the travel cost is 0.34 CHF. 3. Soft modes are free of charge. Traveler is 66 year old male who work part time and has no children. The household owns 1 car, 0 motorcycle, 2 bicycles.",2
70130805,"The trip distance is 8.0 km. There are three travel modes for the traveler to choose from: 1. Public transport: travel time is 32 minutes, and the travel cost is 2.4 CHF. 2. Driving: travel time is 13 minutes, and the travel cost is 1.32 CHF. 3. Soft modes are free of charge. Traveler is 58 year old female who work part time and has no children. The household owns 1 car, 1 motorcycle, 6 bicycles.",0
70130807,"The trip distance is 1.6 km. There are three travel modes for the traveler to choose from: 1. Public transport: travel time is 16 minutes, and the travel cost is 2.2 CHF. 2. Driving: travel time is 3 minutes, and the travel cost is 0.42 CHF. 3. Soft modes are free of charge. Traveler is 40 year old male who work full time and has no children. The household owns 2 cars, 2 motorcycles, 6 bicycles.",2
70130807,"The trip distance is 1.2 km. There are three travel modes for the traveler to choose from: 1. Public transport: travel time is 12 minutes, and the travel cost is 2.2 CHF. 2. Driving: travel time is 2 minutes, and the travel cost is 0.49 CHF. 3. Soft modes are free of charge. Traveler is 40 year old male who work full time and has no children. The household owns 2 cars, 2 motorcycles, 6 bicycles.",1
70130807,"The trip distance is 1.2 km. There are three travel modes for the traveler to choose from: 1. Public transport: travel time is 20 minutes, and the travel cost is 2.2 CHF. 2. Driving: travel time is 2 minutes, and the travel cost is 0.49 CHF. 3. Soft modes are free of charge. Traveler is 40 year old male who work full time and has no children. The household owns 2 cars, 2 motorcycles, 6 bicycles.",2
70130808,"The trip distance is 100.7 km. There are three travel modes for the traveler to choose from: 1. Public transport: travel time is 186 minutes, and the travel cost is 35.6 CHF. 2. Driving: travel time is 78 minutes, and the travel cost is 13.51 CHF. 3. Soft modes are free of charge. Traveler is 34 year old female who work part time and has no children. The household owns 2 cars, 1 motorcycle, 6 bicycles.",1
70130835,"The trip distance is 17.7 km. There are three travel modes for the traveler to choose from: 1. Public transport: travel time is 71 minutes, and the travel cost is 4.8 CHF. 2. Driving: travel time is 19 minutes, and the travel cost is 2.55 CHF. 3. Soft modes are free of charge. Traveler is 33 year old male who work full time and has no children. The household owns 2 cars, 0 motorcycle, 2 bicycles.",1
70130867,"The trip distance is 1.6 km. There are three travel modes for the traveler to choose from: 1. Public transport: travel time is 25 minutes, and the travel cost is 0.0 CHF. 2. Driving: travel time is 2 minutes, and the travel cost is 0.36 CHF. 3. Soft modes are free of charge. Traveler is 20 year old male who work part time and has no children. The household owns 2 cars, 0 motorcycle, 4 bicycles.",0
70130867,"The trip distance is 92.0 km. There are three travel modes for the traveler to choose from: 1. Public transport: travel time is 124 minutes, and the travel cost is 0.0 CHF. 2. Driving: travel time is 62 minutes, and the travel cost is 12.44 CHF. 3. Soft modes are free of charge. Traveler is 20 year old male who work part time and has no children. The household owns 2 cars, 0 motorcycle, 4 bicycles.",0
70130868,"The trip distance is 27.0 km. There are three travel modes for the traveler to choose from: 1. Public transport: travel time is 68 minutes, and the travel cost is 18.0 CHF. 2. Driving: travel time is 35 minutes, and the travel cost is 3.85 CHF. 3. Soft modes are free of charge. Traveler is 18 year old female who work part time and has no children. The household owns 2 cars, 0 motorcycle, 4 bicycles.",0
70130905,"The trip distance is 23.0 km. There are three travel modes for the traveler to choose from: 1. Public transport: travel time is 96 minutes, and the travel cost is 11.8 CHF. 2. Driving: travel time is 22 minutes, and the travel cost is 3.7 CHF. 3. Soft modes are free of charge. Traveler is 44 year old male who work full time and has 2 children. The household owns 1 car, 0 motorcycle, 1 bicycle.",1
70130905,"The trip distance is 23.0 km. There are three travel modes for the traveler to choose from: 1. Public transport: travel time is 90 minutes, and the travel cost is 11.8 CHF. 2. Driving: travel time is 22 minutes, and the travel cost is 3.7 CHF. 3. Soft modes are free of charge. Traveler is 44 year old male who work full time and has 2 children. The household owns 1 car, 0 motorcycle, 1 bicycle.",1
70130951,"The trip distance is 10.0 km. There are three travel modes for the traveler to choose from: 1. Public transport: travel time is 39 minutes, and the travel cost is 7.0 CHF. 2. Driving: travel time is 14 minutes, and the travel cost is 1.58 CHF. 3. Soft modes are free of charge. Traveler is 68 year old male who work part time and has no children. The household owns 1 car, 1 motorcycle, 4 bicycles.",1
70130952,"The trip distance is 29.0 km. There are three travel modes for the traveler to choose from: 1. Public transport: travel time is 83 minutes, and the travel cost is 25.8 CHF. 2. Driving: travel time is 38 minutes, and the travel cost is 4.16 CHF. 3. Soft modes are free of charge. Traveler is 68 year old male who work part time and has no children. The household owns 1 car, 1 motorcycle, 4 bicycles.",1
70131013,"The trip distance is 92.0 km. There are three travel modes for the traveler to choose from: 1. Public transport: travel time is 451 minutes, and the travel cost is 16.9 CHF. 2. Driving: travel time is 57 minutes, and the travel cost is 12.09 CHF. 3. Soft modes are free of charge. Traveler is 35 year old male who work full time and has no children. The household owns 2 cars, 0 motorcycle, 5 bicycles.",1
70131063,"The trip distance is 7.5 km. There are three travel modes for the traveler to choose from: 1. Public transport: travel time is 27 minutes, and the travel cost is 0.0 CHF. 2. Driving: travel time is 11 minutes, and the travel cost is 1.13 CHF. 3. Soft modes are free of charge. Traveler is 59 year old male who work full time and has no children. The household owns 1 car, 0 motorcycle, 3 bicycles.",0
70131064,"The trip distance is 14.0 km. There are three travel modes for the traveler to choose from: 1. Public transport: travel time is 48 minutes, and the travel cost is 0.0 CHF. 2. Driving: travel time is 22 minutes, and the travel cost is 2.24 CHF. 3. Soft modes are free of charge. Traveler is 59 year old male who work full time and has no children. The household owns 1 car, 0 motorcycle, 3 bicycles.",0
70140005,"The trip distance is 114.0 km. There are three travel modes for the traveler to choose from: 1. Public transport: travel time is 156 minutes, and the travel cost is 0.0 CHF. 2. Driving: travel time is 72 minutes, and the travel cost is 14.99 CHF. 3. Soft modes are free of charge. Traveler is 35 year old male who work part time and has no children. The household owns 0 car, 0 motorcycle, 4 bicycles.",0
70140006,"The trip distance is 14.0 km. There are three travel modes for the traveler to choose from: 1. Public transport: travel time is 36 minutes, and the travel cost is 9.0 CHF. 2. Driving: travel time is 14 minutes, and the travel cost is 1.96 CHF. 3. Soft modes are free of charge. Traveler is 67 year old female who work part time and has no children. The household owns 2 cars, 0 motorcycle, 0 bicycle.",1
70140010,"The trip distance is 14.0 km. There are three travel modes for the traveler to choose from: 1. Public transport: travel time is 43 minutes, and the travel cost is 0.0 CHF. 2. Driving: travel time is 16 minutes, and the travel cost is 1.96 CHF. 3. Soft modes are free of charge. Traveler is 61 year old female who work part time and has no children. The household owns 1 car, 0 motorcycle, 1 bicycle.",0
70140027,"The trip distance is 31.0 km. There are three travel modes for the traveler to choose from: 1. Public transport: travel time is 76 minutes, and the travel cost is 8.8 CHF. 2. Driving: travel time is 23 minutes, and the travel cost is 3.97 CHF. 3. Soft modes are free of charge. Traveler is 41 year old female who work part time and has 2 children. The household owns 1 car, 0 motorcycle, 5 bicycles.",1
70140027,"The trip distance is 17.0 km. There are three travel modes for the traveler to choose from: 1. Public transport: travel time is 67 minutes, and the travel cost is 9.4 CHF. 2. Driving: travel time is 22 minutes, and the travel cost is 2.38 CHF. 3. Soft modes are free of charge. Traveler is 41 year old female who work part time and has 2 children. The household owns 1 car, 0 motorcycle, 5 bicycles.",1
70140059,"The trip distance is 30.0 km. There are three travel modes for the traveler to choose from: 1. Public transport: travel time is 96 minutes, and the travel cost is 9.6 CHF. 2. Driving: travel time is 32 minutes, and the travel cost is 4.34 CHF. 3. Soft modes are free of charge. Traveler is 59 year old male who work full time and has no children. The household owns 2 cars, 0 motorcycle, 2 bicycles.",1
70140060,"The trip distance is 13.0 km. There are three travel modes for the traveler to choose from: 1. Public transport: travel time is 50 minutes, and the travel cost is 4.8 CHF. 2. Driving: travel time is 18 minutes, and the travel cost is 1.89 CHF. 3. Soft modes are free of charge. Traveler is 59 year old male who work full time and has no children. The household owns 2 cars, 0 motorcycle, 2 bicycles.",1
70140078,"The trip distance is 22.0 km. There are three travel modes for the traveler to choose from: 1. Public transport: travel time is 65 minutes, and the travel cost is 0.0 CHF. 2. Driving: travel time is 30 minutes, and the travel cost is 3.21 CHF. 3. Soft modes are free of charge. Traveler is 47 year old female who work part time and has no children. The household owns 2 cars, 0 motorcycle, 7 bicycles.",0
70140136,"The trip distance is 28.0 km. There are three travel modes for the traveler to choose from: 1. Public transport: travel time is 64 minutes, and the travel cost is 10.8 CHF. 2. Driving: travel time is 28 minutes, and the travel cost is 3.91 CHF. 3. Soft modes are free of charge. Traveler is 19 year old female who work part time and has no children. The household owns 2 cars, 0 motorcycle, 5 bicycles.",0
70140190,"The trip distance is 7.5 km. There are three travel modes for the traveler to choose from: 1. Public transport: travel time is 36 minutes, and the travel cost is 6.4 CHF. 2. Driving: travel time is 10 minutes, and the travel cost is 1.07 CHF. 3. Soft modes are free of charge. Traveler is 47 year old male who work full time and has 2 children. The household owns 1 car, 0 motorcycle, 4 bicycles.",0
70140248,"The trip distance is 15.0 km. There are three travel modes for the traveler to choose from: 1. Public transport: travel time is 44 minutes, and the travel cost is 10.8 CHF. 2. Driving: travel time is 18 minutes, and the travel cost is 2.34 CHF. 3. Soft modes are free of charge. Traveler is 66 year old male who work part time and has no children. The household owns 2 cars, 0 motorcycle, 0 bicycle.",0
70140357,"The trip distance is 396.0 km. There are three travel modes for the traveler to choose from: 1. Public transport: travel time is 364 minutes, and the travel cost is 66.9 CHF. 2. Driving: travel time is 255 minutes, and the travel cost is 52.1 CHF. 3. Soft modes are free of charge. Traveler is 54 year old female who work part time and has no children. The household owns 1 car, 0 motorcycle, 0 bicycle.",0
70640218,"The trip distance is 12.0 km. There are three travel modes for the traveler to choose from: 1. Public transport: travel time is 62 minutes, and the travel cost is 2.4 CHF. 2. Driving: travel time is 24 minutes, and the travel cost is 2.52 CHF. 3. Soft modes are free of charge. Traveler is 61 year old female who work part time and has no children. The household owns 1 car, 0 motorcycle, 0 bicycle.",0
70740007,"The trip distance is 108.0 km. There are three travel modes for the traveler to choose from: 1. Public transport: travel time is 107 minutes, and the travel cost is 27.6 CHF. 2. Driving: travel time is 124 minutes, and the travel cost is 14.44 CHF. 3. Soft modes are free of charge. Traveler is 48 year old female who work part time and has no children. The household owns 1 car, 0 motorcycle, 6 bicycles.",0
70740029,"The trip distance is 9.0 km. There are three travel modes for the traveler to choose from: 1. Public transport: travel time is 42 minutes, and the travel cost is 3.4 CHF. 2. Driving: travel time is 13 minutes, and the travel cost is 1.5 CHF. 3. Soft modes are free of charge. Traveler is 76 year old male who work part time and has no children. The household owns 2 cars, 0 motorcycle, 0 bicycle.",1
70740079,"The trip distance is 9.5 km. There are three travel modes for the traveler to choose from: 1. Public transport: travel time is 30 minutes, and the travel cost is 6.2 CHF. 2. Driving: travel time is 16 minutes, and the travel cost is 1.72 CHF. 3. Soft modes are free of charge. Traveler is 31 year old female who work full time and has no children. The household owns 1 car, 0 motorcycle, 2 bicycles.",1
70740127,"The trip distance is 1.4 km. There are three travel modes for the traveler to choose from: 1. Public transport: travel time is 4 minutes, and the travel cost is 2.2 CHF. 2. Driving: travel time is 2 minutes, and the travel cost is 0.37 CHF. 3. Soft modes are free of charge. Traveler is 39 year old female who work part time and has 3 children. The household owns 1 car, 0 motorcycle, 2 bicycles.",1
70740128,"The trip distance is 17.3 km. There are three travel modes for the traveler to choose from: 1. Public transport: travel time is 115 minutes, and the travel cost is 7.0 CHF. 2. Driving: travel time is 30 minutes, and the travel cost is 3.24 CHF. 3. Soft modes are free of charge. Traveler is 39 year old female who work part time and has 3 children. The household owns 1 car, 0 motorcycle, 2 bicycles.",1
70740134,"The trip distance is 14.5 km. There are three travel modes for the traveler to choose from: 1. Public transport: travel time is 75 minutes, and the travel cost is 9.6 CHF. 2. Driving: travel time is 22 minutes, and the travel cost is 2.87 CHF. 3. Soft modes are free of charge. Traveler is 39 year old female who work part time and has 2 children. The household owns 1 car, 0 motorcycle, 3 bicycles.",1
70740135,"The trip distance is 54.5 km. There are three travel modes for the traveler to choose from: 1. Public transport: travel time is 179 minutes, and the travel cost is 22.8 CHF. 2. Driving: travel time is 56 minutes, and the travel cost is 8.05 CHF. 3. Soft modes are free of charge. Traveler is 39 year old female who work part time and has 2 children. The household owns 1 car, 0 motorcycle, 4 bicycles.",1
70740171,"The trip distance is 13.0 km. There are three travel modes for the traveler to choose from: 1. Public transport: travel time is 92 minutes, and the travel cost is 0.0 CHF. 2. Driving: travel time is 24 minutes, and the travel cost is 2.54 CHF. 3. Soft modes are free of charge. Traveler is 52 year old female who work part time and has no children. The household owns 2 cars, 0 motorcycle, 4 bicycles.",1
70740172,"The trip distance is 14.0 km. There are three travel modes for the traveler to choose from: 1. Public transport: travel time is 54 minutes, and the travel cost is 5.2 CHF. 2. Driving: travel time is 29 minutes, and the travel cost is 2.65 CHF. 3. Soft modes are free of charge. Traveler is 54 year old male who work full time and has no children. The household owns 2 cars, 0 motorcycle, 7 bicycles.",0
70740182,"The trip distance is 38.0 km. There are three travel modes for the traveler to choose from: 1. Public transport: travel time is 116 minutes, and the travel cost is 10.4 CHF. 2. Driving: travel time is 40 minutes, and the travel cost is 5.88 CHF. 3. Soft modes are free of charge. Traveler is 46 year old male who work part time and has no children. The household owns 2 cars, 0 motorcycle, 2 bicycles.",1
90300005,"The trip distance is 7.5 km. There are three travel modes for the traveler to choose from: 1. Public transport: travel time is 57 minutes, and the travel cost is 2.2 CHF. 2. Driving: travel time is 11 minutes, and the travel cost is 1.2 CHF. 3. Soft modes are free of charge. Traveler is 55 year old male who work full time and has no children. The household owns 1 car, 0 motorcycle, 1 bicycle.",2
90300068,"The trip distance is 17.5 km. There are three travel modes for the traveler to choose from: 1. Public transport: travel time is 78 minutes, and the travel cost is 3.0 CHF. 2. Driving: travel time is 22 minutes, and the travel cost is 2.74 CHF. 3. Soft modes are free of charge. Traveler is 69 year old female who work part time and has no children. The household owns 1 car, 0 motorcycle, 1 bicycle.",0
90300088,"The trip distance is 22.0 km. There are three travel modes for the traveler to choose from: 1. Public transport: travel time is 96 minutes, and the travel cost is 11.2 CHF. 2. Driving: travel time is 31 minutes, and the travel cost is 3.37 CHF. 3. Soft modes are free of charge. Traveler is 22 year old female who work full time and has no children. The household owns 3 cars, 0 motorcycle, 4 bicycles.",1
90300114,"The trip distance is 35.0 km. There are three travel modes for the traveler to choose from: 1. Public transport: travel time is 111 minutes, and the travel cost is 4.2 CHF. 2. Driving: travel time is 27 minutes, and the travel cost is 4.54 CHF. 3. Soft modes are free of charge. Traveler is 54 year old male who work full time and has no children. The household owns 2 cars, 1 motorcycle, 4 bicycles.",1
90300114,"The trip distance is 12.0 km. There are three travel modes for the traveler to choose from: 1. Public transport: travel time is 85 minutes, and the travel cost is 36.0 CHF. 2. Driving: travel time is 19 minutes, and the travel cost is 1.93 CHF. 3. Soft modes are free of charge. Traveler is 54 year old male who work full time and has no children. The household owns 2 cars, 1 motorcycle, 4 bicycles.",1
90300158,"The trip distance is 17.0 km. There are three travel modes for the traveler to choose from: 1. Public transport: travel time is 101 minutes, and the travel cost is 82.0 CHF. 2. Driving: travel time is 27 minutes, and the travel cost is 2.98 CHF. 3. Soft modes are free of charge. Traveler is 74 year old female who work part time and has no children. The household owns 2 cars, 0 motorcycle, 2 bicycles.",1
90300309,"The trip distance is 18.5 km. There are three travel modes for the traveler to choose from: 1. Public transport: travel time is 91 minutes, and the travel cost is 3.0 CHF. 2. Driving: travel time is 20 minutes, and the travel cost is 3.02 CHF. 3. Soft modes are free of charge. Traveler is 35 year old male who work full time and has no children. The household owns 1 car, 0 motorcycle, 3 bicycles.",0
90300336,"The trip distance is 4.8 km. There are three travel modes for the traveler to choose from: 1. Public transport: travel time is 68 minutes, and the travel cost is 86.0 CHF. 2. Driving: travel time is 8 minutes, and the travel cost is 1.49 CHF. 3. Soft modes are free of charge. Traveler is 40 year old male who work full time and has no children. The household owns 0 car, 0 motorcycle, 1 bicycle.",2
90300336,"The trip distance is 11.5 km. There are three travel modes for the traveler to choose from: 1. Public transport: travel time is 84 minutes, and the travel cost is 23.0 CHF. 2. Driving: travel time is 16 minutes, and the travel cost is 1.72 CHF. 3. Soft modes are free of charge. Traveler is 40 year old male who work full time and has no children. The household owns 0 car, 0 motorcycle, 1 bicycle.",1
90300346,"The trip distance is 17.0 km. There are three travel modes for the traveler to choose from: 1. Public transport: travel time is 69 minutes, and the travel cost is 3.0 CHF. 2. Driving: travel time is 23 minutes, and the travel cost is 2.97 CHF. 3. Soft modes are free of charge. Traveler is 51 year old male who work full time and has no children. The household owns 1 car, 1 motorcycle, 5 bicycles.",1
90300375,"The trip distance is 12.0 km. There are three travel modes for the traveler to choose from: 1. Public transport: travel time is 58 minutes, and the travel cost is 2.2 CHF. 2. Driving: travel time is 19 minutes, and the travel cost is 2.18 CHF. 3. Soft modes are free of charge. Traveler is 48 year old male who work full time and has no children. The household owns 2 cars, 0 motorcycle, 4 bicycles.",0
90300385,"The trip distance is 519.0 km. There are three travel modes for the traveler to choose from: 1. Public transport: travel time is 562 minutes, and the travel cost is 85.5 CHF. 2. Driving: travel time is 338 minutes, and the travel cost is 67.65 CHF. 3. Soft modes are free of charge. Traveler is 23 year old female who work full time and has no children. The household owns 2 cars, 1 motorcycle, 2 bicycles.",1
90300496,"The trip distance is 10.0 km. There are three travel modes for the traveler to choose from: 1. Public transport: travel time is 61 minutes, and the travel cost is 86.0 CHF. 2. Driving: travel time is 24 minutes, and the travel cost is 2.61 CHF. 3. Soft modes are free of charge. Traveler is 39 year old female who work part time and has 2 children. The household owns 1 car, 1 motorcycle, 4 bicycles.",1
90300496,"The trip distance is 17.0 km. There are three travel modes for the traveler to choose from: 1. Public transport: travel time is 97 minutes, and the travel cost is 46.0 CHF. 2. Driving: travel time is 32 minutes, and the travel cost is 3.31 CHF. 3. Soft modes are free of charge. Traveler is 39 year old female who work part time and has 2 children. The household owns 1 car, 1 motorcycle, 4 bicycles.",1
90300555,"The trip distance is 9.0 km. There are three travel modes for the traveler to choose from: 1. Public transport: travel time is 33 minutes, and the travel cost is 3.2 CHF. 2. Driving: travel time is 13 minutes, and the travel cost is 1.5 CHF. 3. Soft modes are free of charge. Traveler is 56 year old male who work full time and has no children. The household owns 1 car, 0 motorcycle, 2 bicycles.",0
90300557,"The trip distance is 15.0 km. There are three travel modes for the traveler to choose from: 1. Public transport: travel time is 58 minutes, and the travel cost is 3.0 CHF. 2. Driving: travel time is 18 minutes, and the travel cost is 2.35 CHF. 3. Soft modes are free of charge. Traveler is 80 year old male who work part time and has no children. The household owns 1 car, 0 motorcycle, 0 bicycle.",0
90300557,"The trip distance is 19.0 km. There are three travel modes for the traveler to choose from: 1. Public transport: travel time is 150 minutes, and the travel cost is 6.3 CHF. 2. Driving: travel time is 28 minutes, and the travel cost is 2.81 CHF. 3. Soft modes are free of charge. Traveler is 80 year old male who work part time and has no children. The household owns 1 car, 0 motorcycle, 0 bicycle.",1
90300837,"The trip distance is 12.0 km. There are three travel modes for the traveler to choose from: 1. Public transport: travel time is 88 minutes, and the travel cost is 2.2 CHF. 2. Driving: travel time is 19 minutes, and the travel cost is 2.08 CHF. 3. Soft modes are free of charge. Traveler is 57 year old female who work full time and has no children. The household owns 2 cars, 0 motorcycle, 2 bicycles.",1
90300838,"The trip distance is 55.6 km. There are three travel modes for the traveler to choose from: 1. Public transport: travel time is 207 minutes, and the travel cost is 8.5 CHF. 2. Driving: travel time is 45 minutes, and the travel cost is 7.87 CHF. 3. Soft modes are free of charge. Traveler is 58 year old male who work full time and has no children. The household owns 2 cars, 0 motorcycle, 2 bicycles.",1
90300909,"The trip distance is 2.0 km. There are three travel modes for the traveler to choose from: 1. Public transport: travel time is 19 minutes, and the travel cost is 4.4 CHF. 2. Driving: travel time is 4 minutes, and the travel cost is 0.46 CHF. 3. Soft modes are free of charge. Traveler is 41 year old female who work full time and has no children. The household owns 2 cars, 0 motorcycle, 2 bicycles.",2
90300909,"The trip distance is 39.0 km. There are three travel modes for the traveler to choose from: 1. Public transport: travel time is 130 minutes, and the travel cost is 10.6 CHF. 2. Driving: travel time is 35 minutes, and the travel cost is 5.26 CHF. 3. Soft modes are free of charge. Traveler is 41 year old female who work full time and has no children. The household owns 2 cars, 0 motorcycle, 2 bicycles.",1
90300953,"The trip distance is 14.9 km. There are three travel modes for the traveler to choose from: 1. Public transport: travel time is 84 minutes, and the travel cost is 4.5 CHF. 2. Driving: travel time is 23 minutes, and the travel cost is 2.74 CHF. 3. Soft modes are free of charge. Traveler is 59 year old female who work part time and has no children. The household owns 1 car, 0 motorcycle, 2 bicycles.",0
90300953,"The trip distance is 1.2 km. There are three travel modes for the traveler to choose from: 1. Public transport: travel time is 32 minutes, and the travel cost is 3.0 CHF. 2. Driving: travel time is 3 minutes, and the travel cost is 0.4 CHF. 3. Soft modes are free of charge. Traveler is 59 year old female who work part time and has no children. The household owns 1 car, 0 motorcycle, 2 bicycles.",2
90301009,"The trip distance is 4.5 km. There are three travel modes for the traveler to choose from: 1. Public transport: travel time is 12 minutes, and the travel cost is 2.2 CHF. 2. Driving: travel time is 6 minutes, and the travel cost is 0.66 CHF. 3. Soft modes are free of charge. Traveler is 60 year old male who work full time and has no children. The household owns 2 cars, 1 motorcycle, 4 bicycles.",1
90301010,"The trip distance is 297.5 km. There are three travel modes for the traveler to choose from: 1. Public transport: travel time is 423 minutes, and the travel cost is 57.5 CHF. 2. Driving: travel time is 196 minutes, and the travel cost is 38.53 CHF. 3. Soft modes are free of charge. Traveler is 60 year old male who work full time and has no children. The household owns 2 cars, 1 motorcycle, 4 bicycles.",1
90301035,"The trip distance is 2.9 km. There are three travel modes for the traveler to choose from: 1. Public transport: travel time is 33 minutes, and the travel cost is 2.2 CHF. 2. Driving: travel time is 5 minutes, and the travel cost is 0.57 CHF. 3. Soft modes are free of charge. Traveler is 66 year old male who work part time and has no children. The household owns 1 car, 0 motorcycle, 1 bicycle.",1
90301035,"The trip distance is 17.5 km. There are three travel modes for the traveler to choose from: 1. Public transport: travel time is 92 minutes, and the travel cost is 2.2 CHF. 2. Driving: travel time is 25 minutes, and the travel cost is 3.02 CHF. 3. Soft modes are free of charge. Traveler is 66 year old male who work part time and has no children. The household owns 1 car, 0 motorcycle, 1 bicycle.",1
90301060,"The trip distance is 10.0 km. There are three travel modes for the traveler to choose from: 1. Public transport: travel time is 25 minutes, and the travel cost is 2.2 CHF. 2. Driving: travel time is 17 minutes, and the travel cost is 1.69 CHF. 3. Soft modes are free of charge. Traveler is 67 year old female who work part time and has no children. The household owns 1 car, 0 motorcycle, 0 bicycle.",1
90301084,"The trip distance is 35.0 km. There are three travel modes for the traveler to choose from: 1. Public transport: travel time is 115 minutes, and the travel cost is 6.4 CHF. 2. Driving: travel time is 48 minutes, and the travel cost is 5.67 CHF. 3. Soft modes are free of charge. Traveler is 67 year old male who work part time and has no children. The household owns 2 cars, 0 motorcycle, 2 bicycles.",0
90302015,"The trip distance is 9.0 km. There are three travel modes for the traveler to choose from: 1. Public transport: travel time is 32 minutes, and the travel cost is 3.0 CHF. 2. Driving: travel time is 12 minutes, and the travel cost is 1.36 CHF. 3. Soft modes are free of charge. Traveler is 20 year old female who work part time and has no children. The household owns 1 car, 0 motorcycle, 2 bicycles.",0
90302017,"The trip distance is 4.0 km. There are three travel modes for the traveler to choose from: 1. Public transport: travel time is 20 minutes, and the travel cost is 3.0 CHF. 2. Driving: travel time is 7 minutes, and the travel cost is 0.7 CHF. 3. Soft modes are free of charge. Traveler is 19 year old male who work part time and has no children. The household owns 1 car, 0 motorcycle, 2 bicycles.",0
90302018,"The trip distance is 2.5 km. There are three travel modes for the traveler to choose from: 1. Public transport: travel time is 17 minutes, and the travel cost is 3.0 CHF. 2. Driving: travel time is 3 minutes, and the travel cost is 0.34 CHF. 3. Soft modes are free of charge. Traveler is 42 year old female who work full time and has no children. The household owns 1 car, 0 motorcycle, 2 bicycles.",0
90320350,"The trip distance is 221.5 km. There are three travel modes for the traveler to choose from: 1. Public transport: travel time is 264 minutes, and the travel cost is 0.0 CHF. 2. Driving: travel time is 161 minutes, and the travel cost is 29.69 CHF. 3. Soft modes are free of charge. Traveler is 67 year old male who work part time and has no children. The household owns 2 cars, 1 motorcycle, 2 bicycles.",0
90320388,"The trip distance is 45.0 km. There are three travel modes for the traveler to choose from: 1. Public transport: travel time is 107 minutes, and the travel cost is 6.4 CHF. 2. Driving: travel time is 45 minutes, and the travel cost is 6.29 CHF. 3. Soft modes are free of charge. Traveler is 34 year old male who work full time and has 3 children. The household owns 2 cars, 0 motorcycle, 2 bicycles.",1
90320388,"The trip distance is 1.2 km. There are three travel modes for the traveler to choose from: 1. Public transport: travel time is 17 minutes, and the travel cost is 2.2 CHF. 2. Driving: travel time is 2 minutes, and the travel cost is 0.23 CHF. 3. Soft modes are free of charge. Traveler is 34 year old male who work full time and has 3 children. The household owns 2 cars, 0 motorcycle, 2 bicycles.",1
90320388,"The trip distance is 1.2 km. There are three travel modes for the traveler to choose from: 1. Public transport: travel time is 15 minutes, and the travel cost is 2.2 CHF. 2. Driving: travel time is 2 minutes, and the travel cost is 0.23 CHF. 3. Soft modes are free of charge. Traveler is 34 year old male who work full time and has 3 children. The household owns 2 cars, 0 motorcycle, 2 bicycles.",1
90320388,"The trip distance is 45.0 km. There are three travel modes for the traveler to choose from: 1. Public transport: travel time is 123 minutes, and the travel cost is 6.4 CHF. 2. Driving: travel time is 45 minutes, and the travel cost is 6.29 CHF. 3. Soft modes are free of charge. Traveler is 34 year old male who work full time and has 3 children. The household owns 2 cars, 0 motorcycle, 2 bicycles.",1
90320623,"The trip distance is 17.0 km. There are three travel modes for the traveler to choose from: 1. Public transport: travel time is 55 minutes, and the travel cost is 2.2 CHF. 2. Driving: travel time is 24 minutes, and the travel cost is 2.71 CHF. 3. Soft modes are free of charge. Traveler is 47 year old female who work part time and has no children. The household owns 1 car, 0 motorcycle, 2 bicycles.",0
90320643,"The trip distance is 12.5 km. There are three travel modes for the traveler to choose from: 1. Public transport: travel time is 54 minutes, and the travel cost is 3.0 CHF. 2. Driving: travel time is 26 minutes, and the travel cost is 2.58 CHF. 3. Soft modes are free of charge. Traveler is 57 year old female who work part time and has no children. The household owns 1 car, 0 motorcycle, 1 bicycle.",0
90320660,"The trip distance is 24.4 km. There are three travel modes for the traveler to choose from: 1. Public transport: travel time is 99 minutes, and the travel cost is 61.8 CHF. 2. Driving: travel time is 32 minutes, and the travel cost is 4.03 CHF. 3. Soft modes are free of charge. Traveler is 65 year old male who work part time and has no children. The household owns 3 cars, 0 motorcycle, 0 bicycle.",1
90320676,"The trip distance is 119.0 km. There are three travel modes for the traveler to choose from: 1. Public transport: travel time is 198 minutes, and the travel cost is 0.0 CHF. 2. Driving: travel time is 90 minutes, and the travel cost is 16.06 CHF. 3. Soft modes are free of charge. Traveler is 22 year old male who work part time and has no children. The household owns 1 car, 0 motorcycle, 4 bicycles.",0
90320677,"The trip distance is 12.0 km. There are three travel modes for the traveler to choose from: 1. Public transport: travel time is 55 minutes, and the travel cost is 0.0 CHF. 2. Driving: travel time is 25 minutes, and the travel cost is 2.49 CHF. 3. Soft modes are free of charge. Traveler is 59 year old male who work full time and has no children. The household owns 1 car, 0 motorcycle, 4 bicycles.",0
90320680,"The trip distance is 12.0 km. There are three travel modes for the traveler to choose from: 1. Public transport: travel time is 52 minutes, and the travel cost is 3.0 CHF. 2. Driving: travel time is 28 minutes, and the travel cost is 2.41 CHF. 3. Soft modes are free of charge. Traveler is 67 year old female who work part time and has no children. The household owns 1 car, 0 motorcycle, 1 bicycle.",0
90320680,"The trip distance is 10.5 km. There are three travel modes for the traveler to choose from: 1. Public transport: travel time is 56 minutes, and the travel cost is 3.0 CHF. 2. Driving: travel time is 18 minutes, and the travel cost is 1.81 CHF. 3. Soft modes are free of charge. Traveler is 67 year old female who work part time and has no children. The household owns 1 car, 0 motorcycle, 1 bicycle.",0
90320689,"The trip distance is 14.0 km. There are three travel modes for the traveler to choose from: 1. Public transport: travel time is 53 minutes, and the travel cost is 3.0 CHF. 2. Driving: travel time is 25 minutes, and the travel cost is 2.51 CHF. 3. Soft modes are free of charge. Traveler is 42 year old female who work part time and has 3 children. The household owns 1 car, 0 motorcycle, 5 bicycles.",0
90320693,"The trip distance is 12.5 km. There are three travel modes for the traveler to choose from: 1. Public transport: travel time is 57 minutes, and the travel cost is 3.0 CHF. 2. Driving: travel time is 25 minutes, and the travel cost is 2.45 CHF. 3. Soft modes are free of charge. Traveler is 55 year old male who work full time and has no children. The household owns 2 cars, 0 motorcycle, 3 bicycles.",0
90320693,"The trip distance is 12.5 km. There are three travel modes for the traveler to choose from: 1. Public transport: travel time is 54 minutes, and the travel cost is 3.0 CHF. 2. Driving: travel time is 25 minutes, and the travel cost is 2.45 CHF. 3. Soft modes are free of charge. Traveler is 55 year old male who work full time and has no children. The household owns 2 cars, 0 motorcycle, 3 bicycles.",0
90320700,"The trip distance is 9.5 km. There are three travel modes for the traveler to choose from: 1. Public transport: travel time is 28 minutes, and the travel cost is 0.0 CHF. 2. Driving: travel time is 16 minutes, and the travel cost is 1.68 CHF. 3. Soft modes are free of charge. Traveler is 42 year old female who work part time and has no children. The household owns 1 car, 0 motorcycle, 1 bicycle.",0
90320713,"The trip distance is 46.0 km. There are three travel modes for the traveler to choose from: 1. Public transport: travel time is 190 minutes, and the travel cost is 12.8 CHF. 2. Driving: travel time is 48 minutes, and the travel cost is 6.26 CHF. 3. Soft modes are free of charge. Traveler is 31 year old female who work full time and has no children. The household owns 1 car, 0 motorcycle, 1 bicycle.",1
90320770,"The trip distance is 12.0 km. There are three travel modes for the traveler to choose from: 1. Public transport: travel time is 55 minutes, and the travel cost is 3.0 CHF. 2. Driving: travel time is 25 minutes, and the travel cost is 2.25 CHF. 3. Soft modes are free of charge. Traveler is 19 year old female who work part time and has no children. The household owns 1 car, 0 motorcycle, 3 bicycles.",0
90320828,"The trip distance is 13.0 km. There are three travel modes for the traveler to choose from: 1. Public transport: travel time is 50 minutes, and the travel cost is 3.0 CHF. 2. Driving: travel time is 27 minutes, and the travel cost is 2.58 CHF. 3. Soft modes are free of charge. Traveler is 73 year old female who work part time and has no children. The household owns 0 car, 0 motorcycle, 0 bicycle.",0
90320844,"The trip distance is 6.5 km. There are three travel modes for the traveler to choose from: 1. Public transport: travel time is 25 minutes, and the travel cost is 2.2 CHF. 2. Driving: travel time is 15 minutes, and the travel cost is 1.26 CHF. 3. Soft modes are free of charge. Traveler is 74 year old female who work part time and has no children. The household owns 2 cars, 0 motorcycle, 6 bicycles.",0
90320850,"The trip distance is 11.5 km. There are three travel modes for the traveler to choose from: 1. Public transport: travel time is 54 minutes, and the travel cost is 0.0 CHF. 2. Driving: travel time is 24 minutes, and the travel cost is 2.38 CHF. 3. Soft modes are free of charge. Traveler is 67 year old male who work part time and has no children. The household owns 1 car, 0 motorcycle, 1 bicycle.",2
90321063,"The trip distance is 12.0 km. There are three travel modes for the traveler to choose from: 1. Public transport: travel time is 50 minutes, and the travel cost is 3.0 CHF. 2. Driving: travel time is 24 minutes, and the travel cost is 2.42 CHF. 3. Soft modes are free of charge. Traveler is 46 year old male who work full time and has no children. The household owns 1 car, 1 motorcycle, 0 bicycle.",0
90321110,"The trip distance is 408.0 km. There are three travel modes for the traveler to choose from: 1. Public transport: travel time is 337 minutes, and the travel cost is 68.4 CHF. 2. Driving: travel time is 260 minutes, and the travel cost is 53.04 CHF. 3. Soft modes are free of charge. Traveler is 58 year old male who work full time and has no children. The household owns 1 car, 0 motorcycle, 4 bicycles.",0
90321111,"The trip distance is 5.3 km. There are three travel modes for the traveler to choose from: 1. Public transport: travel time is 57 minutes, and the travel cost is 3.0 CHF. 2. Driving: travel time is 10 minutes, and the travel cost is 1.0 CHF. 3. Soft modes are free of charge. Traveler is 58 year old female who work part time and has no children. The household owns 1 car, 0 motorcycle, 4 bicycles.",1
90321322,"The trip distance is 13.0 km. There are three travel modes for the traveler to choose from: 1. Public transport: travel time is 57 minutes, and the travel cost is 3.0 CHF. 2. Driving: travel time is 28 minutes, and the travel cost is 2.72 CHF. 3. Soft modes are free of charge. Traveler is 50 year old male who work part time and has no children. The household owns 1 car, 0 motorcycle, 4 bicycles.",0
90321322,"The trip distance is 14.0 km. There are three travel modes for the traveler to choose from: 1. Public transport: travel time is 90 minutes, and the travel cost is 3.0 CHF. 2. Driving: travel time is 28 minutes, and the travel cost is 2.89 CHF. 3. Soft modes are free of charge. Traveler is 50 year old male who work part time and has no children. The household owns 1 car, 0 motorcycle, 4 bicycles.",1
90321326,"The trip distance is 14.1 km. There are three travel modes for the traveler to choose from: 1. Public transport: travel time is 78 minutes, and the travel cost is 4.1 CHF. 2. Driving: travel time is 30 minutes, and the travel cost is 3.11 CHF. 3. Soft modes are free of charge. Traveler is 45 year old female who work part time and has 2 children. The household owns 0 car, 0 motorcycle, 3 bicycles.",0
92460049,"The trip distance is 15.0 km. There are three travel modes for the traveler to choose from: 1. Public transport: travel time is 37 minutes, and the travel cost is 4.2 CHF. 2. Driving: travel time is 20 minutes, and the travel cost is 2.24 CHF. 3. Soft modes are free of charge. Traveler is 19 year old female who work part time and has no children. The household owns 1 car, 2 motorcycles, 4 bicycles.",0
92460083,"The trip distance is 12.0 km. There are three travel modes for the traveler to choose from: 1. Public transport: travel time is 258 minutes, and the travel cost is 7.2 CHF. 2. Driving: travel time is 17 minutes, and the travel cost is 2.02 CHF. 3. Soft modes are free of charge. Traveler is 40 year old female who work part time and has 3 children. The household owns 1 car, 0 motorcycle, 9 bicycles.",1
92460119,"The trip distance is 25.0 km. There are three travel modes for the traveler to choose from: 1. Public transport: travel time is 113 minutes, and the travel cost is 10.4 CHF. 2. Driving: travel time is 33 minutes, and the travel cost is 3.4 CHF. 3. Soft modes are free of charge. Traveler is 46 year old female who work part time and has 2 children. The household owns 1 car, 2 motorcycles, 6 bicycles.",1
92460119,"The trip distance is 16.0 km. There are three travel modes for the traveler to choose from: 1. Public transport: travel time is 48 minutes, and the travel cost is 8.4 CHF. 2. Driving: travel time is 15 minutes, and the travel cost is 2.11 CHF. 3. Soft modes are free of charge. Traveler is 46 year old female who work part time and has 2 children. The household owns 1 car, 2 motorcycles, 6 bicycles.",1
92460121,"The trip distance is 62.5 km. There are three travel modes for the traveler to choose from: 1. Public transport: travel time is 179 minutes, and the travel cost is 31.0 CHF. 2. Driving: travel time is 61 minutes, and the travel cost is 47.23 CHF. 3. Soft modes are free of charge. Traveler is 48 year old male who work full time and has 2 children. The household owns 6 cars, 2 motorcycles, 6 bicycles.",1
92460123,"The trip distance is 39.0 km. There are three travel modes for the traveler to choose from: 1. Public transport: travel time is 101 minutes, and the travel cost is 5.3 CHF. 2. Driving: travel time is 32 minutes, and the travel cost is 5.04 CHF. 3. Soft modes are free of charge. Traveler is 43 year old male who work full time and has 3 children. The household owns 1 car, 0 motorcycle, 6 bicycles.",0
92460172,"The trip distance is 16.5 km. There are three travel modes for the traveler to choose from: 1. Public transport: travel time is 92 minutes, and the travel cost is 4.2 CHF. 2. Driving: travel time is 24 minutes, and the travel cost is 2.57 CHF. 3. Soft modes are free of charge. Traveler is 58 year old female who work part time and has no children. The household owns 1 car, 0 motorcycle, 2 bicycles.",1
92460172,"The trip distance is 0.4 km. There are three travel modes for the traveler to choose from: 1. Public transport: travel time is 0 minutes, and the travel cost is 2.2 CHF. 2. Driving: travel time is 0 minutes, and the travel cost is 0.11 CHF. 3. Soft modes are free of charge. Traveler is 58 year old female who work part time and has no children. The household owns 1 car, 0 motorcycle, 2 bicycles.",2
92460172,"The trip distance is 9.1 km. There are three travel modes for the traveler to choose from: 1. Public transport: travel time is 57 minutes, and the travel cost is 3.6 CHF. 2. Driving: travel time is 15 minutes, and the travel cost is 1.59 CHF. 3. Soft modes are free of charge. Traveler is 58 year old female who work part time and has no children. The household owns 1 car, 0 motorcycle, 2 bicycles.",1
92460263,"The trip distance is 6.0 km. There are three travel modes for the traveler to choose from: 1. Public transport: travel time is 30 minutes, and the travel cost is 4.2 CHF. 2. Driving: travel time is 9 minutes, and the travel cost is 1.0 CHF. 3. Soft modes are free of charge. Traveler is 36 year old female who work part time and has 2 children. The household owns 2 cars, 3 motorcycles, 6 bicycles.",1
92460282,"The trip distance is 51.0 km. There are three travel modes for the traveler to choose from: 1. Public transport: travel time is 148 minutes, and the travel cost is 6.4 CHF. 2. Driving: travel time is 48 minutes, and the travel cost is 7.42 CHF. 3. Soft modes are free of charge. Traveler is 46 year old male who work full time and has no children. The household owns 2 cars, 0 motorcycle, 2 bicycles.",1
92460391,"The trip distance is 14.0 km. There are three travel modes for the traveler to choose from: 1. Public transport: travel time is 53 minutes, and the travel cost is 8.4 CHF. 2. Driving: travel time is 20 minutes, and the travel cost is 2.03 CHF. 3. Soft modes are free of charge. Traveler is 44 year old female who work part time and has no children. The household owns 1 car, 3 motorcycles, 4 bicycles.",1
92460392,"The trip distance is 18.5 km. There are three travel modes for the traveler to choose from: 1. Public transport: travel time is 67 minutes, and the travel cost is 15.4 CHF. 2. Driving: travel time is 30 minutes, and the travel cost is 3.05 CHF. 3. Soft modes are free of charge. Traveler is 44 year old female who work part time and has no children. The household owns 1 car, 3 motorcycles, 4 bicycles.",1
92460392,"The trip distance is 14.0 km. There are three travel modes for the traveler to choose from: 1. Public transport: travel time is 62 minutes, and the travel cost is 8.4 CHF. 2. Driving: travel time is 20 minutes, and the travel cost is 2.03 CHF. 3. Soft modes are free of charge. Traveler is 44 year old female who work part time and has no children. The household owns 1 car, 3 motorcycles, 4 bicycles.",1
92460438,"The trip distance is 15.5 km. There are three travel modes for the traveler to choose from: 1. Public transport: travel time is 150 minutes, and the travel cost is 4.2 CHF. 2. Driving: travel time is 24 minutes, and the travel cost is 2.57 CHF. 3. Soft modes are free of charge. Traveler is 43 year old female who work full time and has no children. The household owns 2 cars, 0 motorcycle, 4 bicycles.",1
92460449,"The trip distance is 36.0 km. There are three travel modes for the traveler to choose from: 1. Public transport: travel time is 112 minutes, and the travel cost is 5.3 CHF. 2. Driving: travel time is 27 minutes, and the travel cost is 4.69 CHF. 3. Soft modes are free of charge. Traveler is 67 year old male who work full time and has 2 children. The household owns 1 car, 1 motorcycle, 5 bicycles.",1
92460449,"The trip distance is 36.0 km. There are three travel modes for the traveler to choose from: 1. Public transport: travel time is 121 minutes, and the travel cost is 5.3 CHF. 2. Driving: travel time is 27 minutes, and the travel cost is 4.69 CHF. 3. Soft modes are free of charge. Traveler is 67 year old male who work full time and has 2 children. The household owns 1 car, 1 motorcycle, 5 bicycles.",1
92460601,"The trip distance is 2.8 km. There are three travel modes for the traveler to choose from: 1. Public transport: travel time is 19 minutes, and the travel cost is 3.0 CHF. 2. Driving: travel time is 3 minutes, and the travel cost is 0.79 CHF. 3. Soft modes are free of charge. Traveler is 31 year old female who work part time and has no children. The household owns 2 cars, 0 motorcycle, 2 bicycles.",1
92460602,"The trip distance is 2.3 km. There are three travel modes for the traveler to choose from: 1. Public transport: travel time is 22 minutes, and the travel cost is 3.0 CHF. 2. Driving: travel time is 3 minutes, and the travel cost is 0.85 CHF. 3. Soft modes are free of charge. Traveler is 32 year old male who work full time and has no children. The household owns 2 cars, 0 motorcycle, 3 bicycles.",1
92460612,"The trip distance is 58.0 km. There are three travel modes for the traveler to choose from: 1. Public transport: travel time is 224 minutes, and the travel cost is 33.6 CHF. 2. Driving: travel time is 54 minutes, and the travel cost is 8.05 CHF. 3. Soft modes are free of charge. Traveler is 43 year old male who work full time and has 4 children. The household owns 3 cars, 4 motorcycles, 12 bicycles.",1
92460615,"The trip distance is 52.0 km. There are three travel modes for the traveler to choose from: 1. Public transport: travel time is 228 minutes, and the travel cost is 0.0 CHF. 2. Driving: travel time is 70 minutes, and the travel cost is 7.27 CHF. 3. Soft modes are free of charge. Traveler is 18 year old female who work part time and has no children. The household owns 2 cars, 1 motorcycle, 7 bicycles.",0
92460616,"The trip distance is 20.0 km. There are three travel modes for the traveler to choose from: 1. Public transport: travel time is 149 minutes, and the travel cost is 0.0 CHF. 2. Driving: travel time is 28 minutes, and the travel cost is 2.79 CHF. 3. Soft modes are free of charge. Traveler is 17 year old male who work part time and has no children. The household owns 2 cars, 1 motorcycle, 7 bicycles.",0
92460717,"The trip distance is 12.0 km. There are three travel modes for the traveler to choose from: 1. Public transport: travel time is 86 minutes, and the travel cost is 2.2 CHF. 2. Driving: travel time is 16 minutes, and the travel cost is 1.72 CHF. 3. Soft modes are free of charge. Traveler is 75 year old male who work part time and has no children. The household owns 1 car, 0 motorcycle, 2 bicycles.",1
92460779,"The trip distance is 13.0 km. There are three travel modes for the traveler to choose from: 1. Public transport: travel time is 65 minutes, and the travel cost is 8.4 CHF. 2. Driving: travel time is 18 minutes, and the travel cost is 1.89 CHF. 3. Soft modes are free of charge. Traveler is 56 year old female who work part time and has no children. The household owns 1 car, 0 motorcycle, 2 bicycles.",0
95240129,"The trip distance is 58.0 km. There are three travel modes for the traveler to choose from: 1. Public transport: travel time is 275 minutes, and the travel cost is 18.3 CHF. 2. Driving: travel time is 71 minutes, and the travel cost is 9.1 CHF. 3. Soft modes are free of charge. Traveler is 62 year old female who work part time and has no children. The household owns 1 car, 0 motorcycle, 2 bicycles.",1
95240137,"The trip distance is 5.5 km. There are three travel modes for the traveler to choose from: 1. Public transport: travel time is 35 minutes, and the travel cost is 0.0 CHF. 2. Driving: travel time is 7 minutes, and the travel cost is 1.06 CHF. 3. Soft modes are free of charge. Traveler is 47 year old female who work part time and has no children. The household owns 3 cars, 2 motorcycles, 3 bicycles.",1
95240219,"The trip distance is 127.0 km. There are three travel modes for the traveler to choose from: 1. Public transport: travel time is 194 minutes, and the travel cost is 0.0 CHF. 2. Driving: travel time is 97 minutes, and the travel cost is 16.85 CHF. 3. Soft modes are free of charge. Traveler is 55 year old male who work full time and has no children. The household owns 2 cars, 0 motorcycle, 2 bicycles.",0
95240220,"The trip distance is 130.0 km. There are three travel modes for the traveler to choose from: 1. Public transport: travel time is 194 minutes, and the travel cost is 0.0 CHF. 2. Driving: travel time is 109 minutes, and the travel cost is 17.71 CHF. 3. Soft modes are free of charge. Traveler is 55 year old male who work full time and has no children. The household owns 2 cars, 0 motorcycle, 2 bicycles.",0
95240253,"The trip distance is 4.5 km. There are three travel modes for the traveler to choose from: 1. Public transport: travel time is 45 minutes, and the travel cost is 4.2 CHF. 2. Driving: travel time is 6 minutes, and the travel cost is 0.62 CHF. 3. Soft modes are free of charge. Traveler is 62 year old female who work full time and has no children. The household owns 1 car, 0 motorcycle, 1 bicycle.",1
95240283,"The trip distance is 20.0 km. There are three travel modes for the traveler to choose from: 1. Public transport: travel time is 88 minutes, and the travel cost is 0.0 CHF. 2. Driving: travel time is 30 minutes, and the travel cost is 2.92 CHF. 3. Soft modes are free of charge. Traveler is 49 year old male who work full time and has no children. The household owns 1 car, 2 motorcycles, 4 bicycles.",0
95240294,"The trip distance is 112.0 km. There are three travel modes for the traveler to choose from: 1. Public transport: travel time is 315 minutes, and the travel cost is 21.8 CHF. 2. Driving: travel time is 138 minutes, and the travel cost is 16.28 CHF. 3. Soft modes are free of charge. Traveler is 30 year old female who work part time and has 2 children. The household owns 1 car, 0 motorcycle, 3 bicycles.",1
95240344,"The trip distance is 12.0 km. There are three travel modes for the traveler to choose from: 1. Public transport: travel time is 72 minutes, and the travel cost is 6.0 CHF. 2. Driving: travel time is 16 minutes, and the travel cost is 1.75 CHF. 3. Soft modes are free of charge. Traveler is 27 year old male who work full time and has no children. The household owns 1 car, 0 motorcycle, 2 bicycles.",1
95240344,"The trip distance is 52.0 km. There are three travel modes for the traveler to choose from: 1. Public transport: travel time is 138 minutes, and the travel cost is 25.2 CHF. 2. Driving: travel time is 69 minutes, and the travel cost is 6.95 CHF. 3. Soft modes are free of charge. Traveler is 27 year old male who work full time and has no children. The household owns 1 car, 0 motorcycle, 2 bicycles.",1
95240420,"The trip distance is 53.0 km. There are three travel modes for the traveler to choose from: 1. Public transport: travel time is 114 minutes, and the travel cost is 8.4 CHF. 2. Driving: travel time is 44 minutes, and the travel cost is 7.31 CHF. 3. Soft modes are free of charge. Traveler is 40 year old female who work part time and has 3 children. The household owns 1 car, 0 motorcycle, 4 bicycles.",0
95240420,"The trip distance is 311.0 km. There are three travel modes for the traveler to choose from: 1. Public transport: travel time is 287 minutes, and the travel cost is 55.1 CHF. 2. Driving: travel time is 198 minutes, and the travel cost is 40.02 CHF. 3. Soft modes are free of charge. Traveler is 40 year old female who work part time and has 3 children. The household owns 1 car, 0 motorcycle, 4 bicycles.",0
95240424,"The trip distance is 43.0 km. There are three travel modes for the traveler to choose from: 1. Public transport: travel time is 137 minutes, and the travel cost is 11.4 CHF. 2. Driving: travel time is 40 minutes, and the travel cost is 5.88 CHF. 3. Soft modes are free of charge. Traveler is 27 year old male who work full time and has no children. The household owns 1 car, 0 motorcycle, 3 bicycles.",0
95240431,"The trip distance is 2.0 km. There are three travel modes for the traveler to choose from: 1. Public transport: travel time is 33 minutes, and the travel cost is 6.0 CHF. 2. Driving: travel time is 2 minutes, and the travel cost is 0.4 CHF. 3. Soft modes are free of charge. Traveler is 53 year old female who work part time and has no children. The household owns 1 car, 0 motorcycle, 1 bicycle.",1
95240431,"The trip distance is 17.0 km. There are three travel modes for the traveler to choose from: 1. Public transport: travel time is 170 minutes, and the travel cost is 19.8 CHF. 2. Driving: travel time is 24 minutes, and the travel cost is 2.55 CHF. 3. Soft modes are free of charge. Traveler is 53 year old female who work part time and has no children. The household owns 1 car, 0 motorcycle, 1 bicycle.",1
95240431,"The trip distance is 16.0 km. There are three travel modes for the traveler to choose from: 1. Public transport: travel time is 53 minutes, and the travel cost is 4.2 CHF. 2. Driving: travel time is 19 minutes, and the travel cost is 2.26 CHF. 3. Soft modes are free of charge. Traveler is 53 year old female who work part time and has no children. The household owns 1 car, 0 motorcycle, 1 bicycle.",1
95240439,"The trip distance is 40.0 km. There are three travel modes for the traveler to choose from: 1. Public transport: travel time is 189 minutes, and the travel cost is 7.9 CHF. 2. Driving: travel time is 50 minutes, and the travel cost is 5.83 CHF. 3. Soft modes are free of charge. Traveler is 32 year old male who work full time and has no children. The household owns 3 cars, 1 motorcycle, 3 bicycles.",1
95240444,"The trip distance is 56.0 km. There are three travel modes for the traveler to choose from: 1. Public transport: travel time is 225 minutes, and the travel cost is 16.8 CHF. 2. Driving: travel time is 78 minutes, and the travel cost is 8.33 CHF. 3. Soft modes are free of charge. Traveler is 33 year old male who work full time and has 4 children. The household owns 2 cars, 0 motorcycle, 6 bicycles.",1
95240444,"The trip distance is 60.0 km. There are three travel modes for the traveler to choose from: 1. Public transport: travel time is 122 minutes, and the travel cost is 16.4 CHF. 2. Driving: travel time is 42 minutes, and the travel cost is 7.85 CHF. 3. Soft modes are free of charge. Traveler is 33 year old male who work full time and has 4 children. The household owns 2 cars, 0 motorcycle, 6 bicycles.",1
95240554,"The trip distance is 67.0 km. There are three travel modes for the traveler to choose from: 1. Public transport: travel time is 184 minutes, and the travel cost is 12.0 CHF. 2. Driving: travel time is 60 minutes, and the travel cost is 9.49 CHF. 3. Soft modes are free of charge. Traveler is 40 year old female who work part time and has no children. The household owns 2 cars, 0 motorcycle, 3 bicycles.",1
95240585,"The trip distance is 204.0 km. There are three travel modes for the traveler to choose from: 1. Public transport: travel time is 354 minutes, and the travel cost is 26.1 CHF. 2. Driving: travel time is 119 minutes, and the travel cost is 27.0 CHF. 3. Soft modes are free of charge. Traveler is 73 year old male who work part time and has no children. The household owns 1 car, 0 motorcycle, 0 bicycle.",0
95240643,"The trip distance is 36.0 km. There are three travel modes for the traveler to choose from: 1. Public transport: travel time is 120 minutes, and the travel cost is 6.2 CHF. 2. Driving: travel time is 29 minutes, and the travel cost is 4.77 CHF. 3. Soft modes are free of charge. Traveler is 66 year old female who work part time and has no children. The household owns 1 car, 0 motorcycle, 1 bicycle.",1
95240671,"The trip distance is 11.0 km. There are three travel modes for the traveler to choose from: 1. Public transport: travel time is 87 minutes, and the travel cost is 7.2 CHF. 2. Driving: travel time is 14 minutes, and the travel cost is 1.6 CHF. 3. Soft modes are free of charge. Traveler is 27 year old female who work full time and has no children. The household owns 1 car, 0 motorcycle, 2 bicycles.",1
95240671,"The trip distance is 36.5 km. There are three travel modes for the traveler to choose from: 1. Public transport: travel time is 191 minutes, and the travel cost is 14.8 CHF. 2. Driving: travel time is 34 minutes, and the travel cost is 4.84 CHF. 3. Soft modes are free of charge. Traveler is 27 year old female who work full time and has no children. The household owns 1 car, 0 motorcycle, 2 bicycles.",1
95240679,"The trip distance is 55.0 km. There are three travel modes for the traveler to choose from: 1. Public transport: travel time is 113 minutes, and the travel cost is 7.2 CHF. 2. Driving: travel time is 58 minutes, and the travel cost is 7.11 CHF. 3. Soft modes are free of charge. Traveler is 42 year old male who work full time and has no children. The household owns 2 cars, 0 motorcycle, 2 bicycles.",1
95240945,"The trip distance is 6.0 km. There are three travel modes for the traveler to choose from: 1. Public transport: travel time is 40 minutes, and the travel cost is 3.0 CHF. 2. Driving: travel time is 8 minutes, and the travel cost is 0.92 CHF. 3. Soft modes are free of charge. Traveler is 50 year old male who work part time and has no children. The household owns 1 car, 0 motorcycle, 3 bicycles.",1
95241061,"The trip distance is 479.0 km. There are three travel modes for the traveler to choose from: 1. Public transport: travel time is 745 minutes, and the travel cost is 92.4 CHF. 2. Driving: travel time is 388 minutes, and the travel cost is 62.08 CHF. 3. Soft modes are free of charge. Traveler is 71 year old male who work part time and has no children. The household owns 1 car, 0 motorcycle, 2 bicycles.",0
95241099,"The trip distance is 12.5 km. There are three travel modes for the traveler to choose from: 1. Public transport: travel time is 55 minutes, and the travel cost is 8.4 CHF. 2. Driving: travel time is 19 minutes, and the travel cost is 2.02 CHF. 3. Soft modes are free of charge. Traveler is 17 year old female who work part time and has 2 children. The household owns 2 cars, 0 motorcycle, 5 bicycles.",0
95241108,"The trip distance is 102.0 km. There are three travel modes for the traveler to choose from: 1. Public transport: travel time is 231 minutes, and the travel cost is 29.2 CHF. 2. Driving: travel time is 78 minutes, and the travel cost is 13.53 CHF. 3. Soft modes are free of charge. Traveler is 76 year old male who work part time and has no children. The household owns 1 car, 0 motorcycle, 1 bicycle.",1
96040108,"The trip distance is 11.5 km. There are three travel modes for the traveler to choose from: 1. Public transport: travel time is 115 minutes, and the travel cost is 8.4 CHF. 2. Driving: travel time is 16 minutes, and the travel cost is 1.76 CHF. 3. Soft modes are free of charge. Traveler is 42 year old female who work part time and has no children. The household owns 2 cars, 0 motorcycle, 2 bicycles.",1
96040136,"The trip distance is 7.0 km. There are three travel modes for the traveler to choose from: 1. Public transport: travel time is 142 minutes, and the travel cost is 4.2 CHF. 2. Driving: travel time is 9 minutes, and the travel cost is 1.13 CHF. 3. Soft modes are free of charge. Traveler is 67 year old female who work part time and has no children. The household owns 2 cars, 0 motorcycle, 1 bicycle.",1
96040213,"The trip distance is 14.0 km. There are three travel modes for the traveler to choose from: 1. Public transport: travel time is 50 minutes, and the travel cost is 8.4 CHF. 2. Driving: travel time is 20 minutes, and the travel cost is 2.09 CHF. 3. Soft modes are free of charge. Traveler is 60 year old male who work full time and has no children. The household owns 2 cars, 0 motorcycle, 1 bicycle.",1
96040311,"The trip distance is 24.0 km. There are three travel modes for the traveler to choose from: 1. Public transport: travel time is 156 minutes, and the travel cost is 12.8 CHF. 2. Driving: travel time is 28 minutes, and the travel cost is 3.17 CHF. 3. Soft modes are free of charge. Traveler is 80 year old female who work part time and has no children. The household owns 1 car, 0 motorcycle, 1 bicycle.",1
96040369,"The trip distance is 0.9 km. There are three travel modes for the traveler to choose from: 1. Public transport: travel time is 9 minutes, and the travel cost is 2.2 CHF. 2. Driving: travel time is 2 minutes, and the travel cost is 0.2 CHF. 3. Soft modes are free of charge. Traveler is 54 year old male who work full time and has no children. The household owns 2 cars, 1 motorcycle, 2 bicycles.",1
96040370,"The trip distance is 30.5 km. There are three travel modes for the traveler to choose from: 1. Public transport: travel time is 117 minutes, and the travel cost is 12.7 CHF. 2. Driving: travel time is 37 minutes, and the travel cost is 4.27 CHF. 3. Soft modes are free of charge. Traveler is 52 year old female who work part time and has no children. The household owns 2 cars, 1 motorcycle, 2 bicycles.",0
96040427,"The trip distance is 52.0 km. There are three travel modes for the traveler to choose from: 1. Public transport: travel time is 219 minutes, and the travel cost is 37.4 CHF. 2. Driving: travel time is 70 minutes, and the travel cost is 7.42 CHF. 3. Soft modes are free of charge. Traveler is 49 year old female who work full time and has no children. The household owns 2 cars, 0 motorcycle, 2 bicycles.",1
96040433,"The trip distance is 12.5 km. There are three travel modes for the traveler to choose from: 1. Public transport: travel time is 84 minutes, and the travel cost is 6.0 CHF. 2. Driving: travel time is 17 minutes, and the travel cost is 1.86 CHF. 3. Soft modes are free of charge. Traveler is 37 year old female who work full time and has no children. The household owns 2 cars, 0 motorcycle, 2 bicycles.",1
96040493,"The trip distance is 58.0 km. There are three travel modes for the traveler to choose from: 1. Public transport: travel time is 207 minutes, and the travel cost is 12.4 CHF. 2. Driving: travel time is 58 minutes, and the travel cost is 7.71 CHF. 3. Soft modes are free of charge. Traveler is 49 year old male who work full time and has no children. The household owns 1 car, 4 motorcycles, 0 bicycle.",1
96040531,"The trip distance is 42.0 km. There are three travel modes for the traveler to choose from: 1. Public transport: travel time is 148 minutes, and the travel cost is 10.4 CHF. 2. Driving: travel time is 40 minutes, and the travel cost is 5.62 CHF. 3. Soft modes are free of charge. Traveler is 37 year old female who work part time and has 2 children. The household owns 1 car, 1 motorcycle, 4 bicycles.",1
