ID,response
10350125,"That person uses Public transports if: the route is simple and direct, avoiding transfers, especially for destinations where finding parking is a known difficulty. Use Private modes if: the journey requires maximum flexibility and perceived punctuality, making them feel it is the only viable option available. Use Soft modes if: the destination is nearby, allowing them to completely avoid the frustrations of traffic and the hassle of finding a parking space. A primary consideration is the conflict between valuing the car for its freedom and reliability while strongly disliking traffic and parking. Although they are comfortable with public transport and believe it benefits the city, their lack of practical knowledge about routes and schedules is a significant barrier that reinforces their feeling of having no alternative."
10350271,"That person uses Public transports if: the destination has severe parking difficulties and arriving on time is more critical than having flexibility. Use Private modes if: the freedom to go anywhere at any time is the main priority, making this their default choice for most journeys. Use Soft modes if: the distance is very short and the trip is for a local or recreational activity. A primary consideration for this individual is that their choice is governed by the strong belief that a car provides ultimate freedom, which is powerfully reinforced by an unusual tolerance for being stuck in traffic and a lifelong habit of not using public transport."
10360011,"That person uses Public transports if: the destination is in a congested area with difficult parking and a direct route without transfers is available, Use Private modes if: they perceive it is the only viable option to reach their destination and accomplish all planned activities, Use Soft modes if: the distance is short enough to completely avoid the stress of traffic and the hassle of parking. A key consideration for this individual is the significant conflict between their strong dislike of being stuck in traffic and their equally strong belief that they have no alternative to their usual mode of transport, which they feel would otherwise limit their activities."
10360024,"That person uses Public transports if: the journey is routine and the destination is well-served by the network, leveraging their excellent knowledge of the system. Use Private modes if: the trip requires maximum flexibility to go anywhere at any time or involves activities they feel are not possible via public transport. Use Soft modes if: the trip is for a short distance or serves as a connection for a multi-modal journey. A primary consideration is the trade-off between the absolute freedom a car provides and a strong belief that public transit makes the city more welcoming, a decision supported by their complete comfort traveling near strangers and their confidence in understanding the transport network."
10360122,"That person uses Public transports if: driving is made impractical by factors like severe parking limitations and the transit route is exceptionally simple and direct, Use Private modes if: the trip requires flexibility in timing and destination, as this is perceived as the only way to maintain their schedule and activities, Use Soft modes if: the destination is very close and the trip does not have strict time constraints, making the car inconvenient. A key consideration is that while they strongly associate private transport with the freedom to go wherever and whenever they want, they also feel compelled to use it because they strongly believe no other viable alternatives exist, a view reinforced by their lifelong non-use of public transport."
10360159,"That person uses Public transports if: there is no other conceivable option and the route is exceptionally simple, requiring no transfers and minimal understanding of the system, Use Private modes if: it is their ingrained, habitual choice for almost any journey, valued for its door-to-door convenience and perceived reliability, particularly when traffic is expected to be light, Use Soft modes if: the trip is very short, allowing for a direct journey that completely sidesteps the traffic congestion they strongly wish to avoid. A defining consideration for this person is their deeply habitual nature; they feel they have no alternative to their usual transport, do not reconsider their choice, and this is reinforced by a strong aversion to being stuck in traffic and a belief that public transport schedules are too difficult to understand."
10360177,"That person uses Public transports if: their primary private vehicle is unavailable for an essential journey, forcing them to use an option they perceive as a last resort due to their complete lack of familiarity with the network and its schedules. Use Private modes if: the trip is part of their established routine, as they feel it is the only viable option to maintain their activity schedule and provides unparalleled freedom to go wherever and whenever they need. Use Soft modes if: the trip is for a very short, non-critical purpose where the convenience might overcome their deeply ingrained travel habits. A key consideration for this person is their perception of having no alternative to their usual, highly routinized mode of transport, which they believe is the only way to maintain their lifestyle. However, a major exception is their strong dislike of being stuck in traffic, which directly conflicts with their likely car dependency. While they are completely unfamiliar with the public transport network and find schedules confusing, they are not uncomfortable traveling with strangers and strongly agree that public transport improves the city, suggesting their avoidance is based on practical limitations, not social aversion."
10360196,"That person uses Public transports if: their primary vehicle is unavailable and the trip allows for potential schedule complexities, as they feel it would otherwise limit their activities, Use Private modes if: there is a need for absolute flexibility in destination and guaranteed on-time arrival, representing their habitual and default choice, Use Soft modes if: the trip is for very short-distance, non-essential, or recreational purposes where speed and flexibility are not priorities. A key consideration is the person's powerful belief that their car is the only mode that offers complete freedom to go wherever and whenever they want, combined with a strong sense that it guarantees punctuality, making them feel they have no viable alternative for their daily activities."
10360202,"That person uses Public transports if: the journey is routine and predictable, follows a well-memorized schedule, and is a direct trip that avoids transfers, allowing them to use their travel time productively. Use Private modes if: flexibility, punctuality, and the ability to reach any destination at any time are paramount, especially when they feel it is the only viable option to maintain their schedule. Use Soft modes if: the travel is for short-distance errands or leisure, where the convenience of walking or cycling outweighs the perceived benefits of driving. A key consideration is the person's powerful sense of habit and the conviction that they lack alternatives; they strongly disagree with being a lifelong public transport user, and this history, combined with a strong preference for direct journeys, reinforces their view that a car is essential for freedom and on-time arrival, believing public transport would limit their activities."
10360205,"That person uses Public transports if: it is for a regular activity on a familiar and direct route, as they feel they have few other viable options for their daily travel. Use Private modes if: a trip has a strict time constraint where punctuality is essential, and a direct public transport route is not available. Use Soft modes if: the distance is short enough to allow for a direct trip, thereby avoiding transfers and the complexities of other modes. A key consideration is that this person feels captive to their usual mode of transport and strongly dislikes any journey that requires changing between different means of transport."
10360217,"That person uses Public transports if: it is perceived as the only available option for a routine trip, leveraging their familiarity with the system despite its perceived limitations. Use Private modes if: the destination is poorly served by public transit and the need for absolute flexibility is critical enough to tolerate the significant frustration of traffic and parking. Use Soft modes if: the journey is short and direct, allowing them to completely avoid the annoyances associated with motorized transport. A primary consideration for this person is the strong feeling that they are captive to their current mode with no alternative, but this is weighed against a very strong aversion to being stuck in traffic."
10360266,"That person uses Public transports if: the destination is accessible by the network, as this allows them to use their travel time productively and avoid traffic. Use Private modes if: there is absolutely no alternative for a specific journey, as they perceive cars as unreliable for punctuality and inconvenient for parking. Use Soft modes if: the distance is short, especially for connecting to public transport or for local trips where traffic can be completely avoided. A key consideration is that this individual feels they have no viable alternative to their primary mode, a choice strongly shaped by their desire to use travel time productively and a profound boredom with traffic, combined with a strong rejection of the car as a source of freedom and a complete comfort with traveling near strangers."
10360322,"That person uses Public transports if: the destination is in a heavily congested area with known parking difficulties and the route is direct, Use Private modes if: the journey requires flexibility in timing and destination or involves multiple stops, Use Soft modes if: the trip is short, routine, and parking the car would be more hassle than the journey itself. A significant consideration is their core conflict: they strongly believe a private car offers the ultimate freedom to go wherever and whenever, yet they are intensely bored by being stuck in traffic, but as a creature of habit who has a usual means of transport, they rarely reconsider their choice."
10360465,"That person uses Public transports if: it is the only viable option available for a trip, as they feel they have no alternative to their current mode. Use Private modes if: freedom, flexibility, and guaranteed on-time arrival are the main priorities for the journey. Use Soft modes if: the destination is close enough to avoid traffic congestion without relying on what they perceive as a complex and restrictive public transport system. A significant consideration is that this person strongly feels captive to their current transport mode, believing they have no other choice, and they do not have a good understanding of the public transport network, which they believe would limit their activities."
10360526,"That person uses Public transports if: the route is routine, direct, and its schedule is well-known, allowing them to complete all their planned activities. Use Private modes if: flexibility in timing and destination is essential or when public transport is perceived as too restrictive for their needs. Use Soft modes if: the distance is short, allowing for a simple, direct journey that avoids both parking difficulties and complex transit schedules. A critical factor is their strong frustration with the difficulty of understanding bus schedules, which, combined with the feeling that public transport limits their activities, heavily influences their choice, especially for unfamiliar journeys."
10360536,"That person uses Public transports if: they have absolutely no other alternative for an essential trip, as they are unfamiliar with the system and uncomfortable traveling with strangers, Use Private modes if: the journey requires flexibility, freedom, and a guarantee of being on time, making it their default choice, Use Soft modes if: the trip is short enough that the hassle of traffic and parking outweighs the convenience of driving. A primary consideration is the strong belief that a private car offers unparalleled freedom and punctuality, which is only challenged by a profound boredom with being stuck in traffic; however, public transport is not a viable alternative because the person has never been a regular user and knows nothing about its schedules."
10360574,"That person uses Public transports if: they are forced to due to the unavailability of a private vehicle and have no other choice, Use Private modes if: the journey requires a level of flexibility in destination or timing that they believe other modes cannot provide, Use Soft modes if: the destination is close enough that walking or cycling is the most direct and convenient option. A significant consideration for this person is the conflict between the unparalleled freedom they feel a private car offers and their strong frustration with traffic, which undermines the car's reliability. This decision is heavily weighted by a belief that they have no other viable options, as they perceive public transportation as too restrictive and complex to use effectively."
10360575,"That person uses Public transports if: it is a familiar and routine trip for which they feel there is no other viable alternative. Use Private modes if: the need for flexibility to go anywhere at any time is the top priority, as it is seen as the only option that allows them to complete all their activities. Use Soft modes if: the trip is over a very short distance where it is clearly the most convenient and direct choice. A primary consideration for this person is the powerful feeling of having no real alternative for their travel, combined with a strong conviction that public transport would be too restrictive for their lifestyle; this is weighed against their intense dislike for being stuck in traffic, a major frustration they associate with driving."
10360624,"That person uses Public transports if: it is their default and primary mode for nearly all trips, given they are a highly knowledgeable and lifelong user who perceives no other viable alternative. Use Private modes if: this option is almost never considered, due to a likely lack of access to a vehicle and a strong aversion to being stuck in traffic. Use Soft modes if: the travel is for short distances or to connect with the public transport network. A key consideration is that this individual is a deeply habitual, lifelong public transport user who feels they have no other alternative, a belief reinforced by their expert-level knowledge of the routes and schedules and a strong dislike for traffic congestion, making them very unlikely to reconsider their travel choices."
10540031,"That person uses Public transports if: the destination is well-served by the network they know and when their positive view of its civic benefits is a factor, Use Private modes if: flexibility and the freedom to travel anywhere at any time are the primary needs, reinforcing a habitual choice that feels like the only alternative, Use Soft modes if: the journey is very short and likely for leisure, where efficiency is not a priority. A primary consideration is their strong belief that a private car provides ultimate freedom, which solidifies their reliance on a usual mode of transport; however, a key factor is their complete comfort with traveling close to unknown people, removing a common barrier to choosing shared options."
10540046,"That person uses Public transports if: the journey is simple and the schedule information is very easy to understand, as their main barrier is complexity, not a lack of comfort with other passengers. Use Private modes if: they feel it is the only viable option available for a specific trip, forcing them to use it out of necessity rather than preference. Use Soft modes if: the trip is short and the route is straightforward, allowing them to reliably avoid the traffic they strongly dislike. A key consideration is the person's internal conflict between strongly believing that public transport benefits the city and finding its schedules very difficult to understand, which contributes to a feeling of having no real alternative for their travel. This choice is heavily influenced by a strong dislike for traffic, while they are, in contrast, completely comfortable traveling close to people they do not know."
10540063,"That person uses Public transports if: it is perceived as the only available option for a necessary and routine trip. Use Private modes if: the journey requires absolute freedom in timing and destination, and when a punctual arrival is critical. Use Soft modes if: the trip is short enough to be the most direct and simple door-to-door option available. A key consideration for this individual is the profound belief that they are a captive traveler with no real alternatives, and that public transport severely restricts their ability to conduct activities they could otherwise do with a car. They strongly value the ability to go wherever and whenever they want and will avoid any travel plan that involves changing modes of transport, while also being highly deterred by a public transport system they do not understand and whose societal benefits they do not recognize."
10540066,"That person uses Public transports if: the destination is known to have significant traffic or parking difficulties and a convenient, direct public route exists, Use Private modes if: the trip requires a high degree of flexibility in timing, destination, or the ability to chain multiple activities together, Use Soft modes if: the destination is very close, making driving and parking more trouble than it is worth. A key consideration is their powerful belief that a private car provides absolute freedom to travel anywhere at any time, a view likely rooted in not being a regular or lifelong public transport user; additionally, they are entirely unmotivated by the prospect of using travel time productively, making that a non-factor in their decision."
10540130,"That person uses Public transports if: the journey is a routine trip for which they have memorized the schedule and route, Use Private modes if: the trip is non-routine, requires flexibility, or they feel they have no other viable option due to their inability to navigate the public transport system for new destinations, Use Soft modes if: the trip is short and simple, allowing them to completely avoid both traffic and the complexities of public transport navigation. A primary consideration is that this person feels they have no alternative and does not reconsider their mode choice; their decision is profoundly shaped by a knowledge gap in public transport, as they know their regular routes perfectly but are unable to navigate the system for new journeys, which can force them to use a car even though they strongly dislike being stuck in traffic."
10540168,"That person uses Public transports if: it provides a direct, single-mode journey to a destination where parking is known to be a significant problem, Use Private modes if: it is perceived as the only viable alternative to reach a destination or to maintain a schedule with multiple activities, Use Soft modes if: the destination is very close, allowing for a simple trip that avoids the hassles of both driving and public transit. A critical consideration is that this person feels they often have no alternative in their choice of transport and does not have a single usual mode for their activities; therefore, any journey requiring a transfer will be strongly resisted, and public transportation will be rejected if it is perceived to limit their ability to carry out planned activities."
10540188,"That person uses Public transports if: it is the only perceived viable option for their routine travel, for which they have memorized the necessary routes and schedules, Use Private modes if: they need to engage in activities or reach destinations that the rigid public transport schedule makes impossible, Use Soft modes if: the destination is close enough for a direct journey, avoiding the complexity and potential transfers of the public transport system. A primary consideration is their strong aversion to traffic congestion; however, their travel choices are heavily constrained by the difficulty they find in understanding unfamiliar transit schedules, leading them to rely exclusively on the specific routes they know well and view their travel in a purely functional, impersonal way."
10540306,"That person uses Public transports if: the destination is on a familiar route, and the hassles of traffic and parking are significant concerns. Use Private modes if: the journey demands a high degree of flexibility in destination or timing, making it feel like the only practical choice. Use Soft modes if: the trip is short, routine, and the weather is suitable, allowing for a simple and direct journey. A key consideration for this individual is the powerful belief that with a car they can go wherever and whenever they want; however, this is contrasted by their disagreement that the car ensures punctuality and their dislike of being stuck in traffic, suggesting they are a creature of habit who does not frequently reconsider their transportation choices."
10540351,"That person uses Public transports if: their primary private vehicle is unavailable and the destination is easily accessible without restricting their planned activities, Use Private modes if: the trip requires any flexibility in timing or destination, as this is their default and habitual choice, Use Soft modes if: the destination is extremely close, making driving and parking more inconvenient than walking. A critical consideration for this person is their powerful belief that they have no real alternative to their usual mode of transport, which they strongly value for the freedom to go wherever and whenever they want; this perceived lack of choice and need for flexibility overrides their dislike of traffic."
10540396,"That person uses Public transports if: the destination is easily accessible, the route is straightforward, and the trip allows for productive use of time without restricting other activities. Use Private modes if: the journey involves complex scheduling or multiple stops that would otherwise be cancelled if relying on public transit. Use Soft modes if: the distance is short and the route allows for an efficient journey that avoids the traffic they strongly dislike. A key consideration is the conflict between their strong belief in the societal benefits of public transport and their aversion to traffic, versus the practical reality that they feel using it forces them to cancel activities, a limitation that often dictates their final choice."
10540515,"That person uses Public transports if: it is their habitual choice for regular activities, perceived as the only viable option available. Use Private modes if: the destination is completely inaccessible by other means, requiring a level of flexibility that overrides their strong dislike of traffic and parking. Use Soft modes if: the distance is short, making it more convenient and direct than waiting for public transport. A critical consideration in their choice is a feeling of being constrained to a habitual mode due to a perceived lack of alternatives, with decisions heavily influenced by a strong aversion to traffic congestion and the hassle of finding parking."
10540518,"That person uses Public transports if: their primary mode is unavailable and the journey is exceptionally simple and direct, Use Private modes if: the trip requires any flexibility in schedule or destination, as they feel it is the only viable option to maintain their activities, Use Soft modes if: the destination is close enough that walking or cycling is the most straightforward door-to-door option. A critical consideration for this individual is their profound belief that they are locked into their usual mode of transport with no other real alternatives, leading them to never reconsider their choice. They strongly prioritize the freedom to go anywhere at any time and are convinced that using public transit would force them to cancel activities. Furthermore, their strong dislike for changing transport modes during a journey and difficulty understanding schedules are significant barriers, even though they believe in the societal benefits of buses and are perfectly comfortable traveling near strangers."
10540548,"That person uses Public transports if: their primary mode of transport is unavailable, leaving it as the only perceived alternative for a necessary journey. Use Private modes if: they believe it is the only way to reach their destination and maintain their freedom to engage in all their desired activities. Use Soft modes if: the destination is very close, allowing them to avoid the frustrations of traffic and parking that they dislike. A key consideration for this person is the powerful belief that they use their current mode of transportation because they have no other choice, which dictates their behavior even though they are bored by traffic and dislike looking for parking."
10540560,"That person uses Public transports if: a direct, simple route is available to a congested destination with difficult parking, and it does not compromise their planned activities, Use Private modes if: the trip involves complex scheduling or multiple destinations that they believe cannot be reached otherwise, making it a choice of necessity rather than preference, Use Soft modes if: the distance is short enough to completely avoid the major frustrations of traffic and parking. A key consideration is that this person feels trapped in their travel choices, believing they have no alternative and that public transport would force them to cancel activities. This feeling persists despite a strong dislike for being stuck in traffic, and their decision-making is heavily influenced by a complete lack of experience with or knowledge of public transport schedules."
10540563,"That person uses Public transports if: the journey is predictable and allows for productive use of travel time, capitalizing on their knowledge of the network. Use Private modes if: the trip demands flexibility in timing or destination, or when punctuality is critical. Use Soft modes if: the travel is for a short distance or serves as a connection to another mode of transport. A key consideration is that despite being a capable and comfortable public transport user, their decision is heavily influenced by the car's promise of freedom and reliability, as they are not deterred by common hassles like parking or sharing space with strangers."
10540647,"That person uses Public transports if: the journey is into a congested area where traffic is guaranteed and the trip has a single purpose, Use Private modes if: the trip requires flexibility, multiple stops, or is at a time when traffic is unlikely, Use Soft modes if: the distance is short enough that it is the most efficient way to bypass traffic. The primary consideration for this individual is a direct conflict between the belief that the car offers ultimate freedom to go wherever and whenever, and a strong personal boredom and frustration with being stuck in traffic."
10540659,"That person uses Public transports if: the journey is direct without transfers and the schedule information is exceptionally simple, as they feel they have no other alternative. Use Private modes if: the trip requires flexibility in timing or destination and a guaranteed on-time arrival is critical, making it their habitual choice for almost any activity. Use Soft modes if: the destination is very close, where the strong dislike of looking for a parking space outweighs the benefits of driving. A major consideration is that this person is a captive driver, strongly believing their car is the only viable option that offers complete freedom and reliability, a belief reinforced by a lifelong lack of public transport use and the conviction that bus schedules are too difficult to understand."
10540660,"That person uses Public transports if: the journey is direct without requiring transfers and the schedule information is exceptionally clear, especially for destinations with difficult parking. Use Private modes if: the trip requires flexibility in timing or destination, or is part of their established daily routine. Use Soft modes if: the destination is extremely close, making a car journey impractical, or for purely recreational purposes. A key consideration is their strong conviction that they have no alternative to their usual means of transport, which they trust for its reliability and flexibility; however, a significant barrier to using public transport is their belief that schedules are difficult to understand, a view reinforced by the fact they have not used these services throughout their life."
10540672,"That person uses Public transports if: the journey is simple, direct, and does not restrict their planned activities, especially when traffic or parking issues are significant deterrents to driving. Use Private modes if: the priority is the freedom to go wherever and whenever they want, as this is their habitual and preferred way to travel. Use Soft modes if: the distance is short, making it a convenient way to avoid the traffic and parking problems they dislike. A key consideration is that their choice is dominated by the strong belief that a car offers unparalleled freedom; however, their unfamiliarity with public transport routes and schedules acts as a significant barrier, making it a non-viable option even when they want to avoid the downsides of driving."
10540803,"That person uses Public transports if: the journey is a regular, familiar route where they can use the travel time productively and do not need to make multiple stops. Use Private modes if: the trip requires the flexibility to visit multiple locations or when personal space is a priority, provided that parking is readily available and strict punctuality is not essential. Use Soft modes if: the trip is short and routine, allowing them to avoid both the proximity of strangers on public transport and the parking hassles of a car. A primary consideration for this person is the major difficulty they perceive in understanding schedules for new public transport journeys and their discomfort with traveling close to strangers, which is weighed against their strong belief that cars are unreliable for arriving on time and their intense dislike of searching for parking."
10980111,"That person uses Public transports if: the journey is direct without transfers, bypasses significant traffic, and allows for productive use of travel time. Use Private modes if: the trip requires high flexibility in timing or destination, involves activities they feel are impossible otherwise, or when they perceive no other viable option is available. Use Soft modes if: the distance is short enough that it becomes the most convenient and direct way to travel while avoiding traffic. A key consideration is the conflict between their need for flexibility and perceived punctuality, which they associate with a private car, and their strong dislike for traffic congestion; while they feel they often have no alternative and are averse to changing modes mid-journey, their desire to use travel time productively could sway their choice for direct and reliable routes."
10980195,"That person uses Public transports if: there is no other viable option for a simple and direct trip, given their very poor knowledge of the network and schedules. Use Private modes if: flexibility, punctuality, and the freedom to go anywhere at any time are required, making this their default choice. Use Soft modes if: the journey is for a very short distance where a car is impractical and traffic can be easily avoided. A critical consideration for this individual is the strong conviction that their car offers absolute freedom for their activities, a benefit they feel is completely lost with public transport; this view is compounded by an almost total lack of familiarity with public transport schedules, making a switch highly improbable."
11460027,"That person uses Public transports if: it is part of their established daily routine, as they are a lifelong, expert user who perceives it as their only viable option. Use Private modes if: they are a passenger, as they likely lack access to a private vehicle and are strongly averse to traffic. Use Soft modes if: the travel is for very short distances, such as for local errands or to connect with their primary mode of transport. A key consideration is that this person is a highly routinized traveler who strongly believes they have no alternative to their current mode, is resistant to changing their habits, and has a strong aversion to traffic congestion."
11460028,"That person uses Public transports if: a familiar and direct route allows them to avoid predictable, heavy traffic congestion, Use Private modes if: flexibility, control over timing, and the ability to go anywhere is needed, making it their default choice, Use Soft modes if: the travel distance is very short, making a vehicle impractical. A key consideration is that while this person is a habitual driver who strongly values the car's freedom and reliability, their intense dislike of traffic congestion is a major deterrent to driving in certain situations; notably, they are not deterred from using public transport by the presence of strangers, as they are very comfortable traveling near people they do not know."
14050001,"That person uses Public transports if: the destination is well-served by a direct route without transfers and traffic is predicted to be heavy, allowing them to avoid boredom and use their time productively. Use Private modes if: the trip requires flexibility in timing or destination, as they value the ability to go wherever and whenever they want. Use Soft modes if: the distance is short, allowing for a predictable and direct journey that avoids both traffic and the discomfort of traveling close to strangers. A primary consideration for this person is the major conflict between the absolute freedom they feel their car provides and their strong aversion to the boredom of being stuck in traffic."
14050075,"That person uses Public transports if: the route is straightforward without complex transfers and when the destination has significant parking challenges, Use Private modes if: the journey requires maximum flexibility and guaranteed punctuality, especially when parking is readily available, Use Soft modes if: the distance is short and the hassle of driving and parking outweighs the convenience of the car. A key consideration is the strong belief that a car provides the freedom to go wherever and whenever, which is weighed against a significant dislike for looking for parking; this person has not always used public transport and strongly prefers direct trips without transfers."
14050134,"That person uses Public transports if: the destination is part of a regular, predictable journey on the network, allowing them to use their travel time productively while avoiding the boredom of traffic. Use Private modes if: the trip requires absolute freedom in timing and destination that the public network cannot provide. Use Soft modes if: the journey is short or it is to connect with a public transport hub. A key consideration is that while they strongly value the car's flexibility, this is weighed against an intense dislike for being stuck in traffic, and their decision is heavily influenced by a lifelong habit and deep familiarity with public transport, a mode they are very comfortable using among strangers."
19130147,"That person uses Public transports if: the journey is direct without requiring transfers and the schedule accommodates their planned activities. Use Private modes if: the destination is poorly served by other options or when the trip's purpose makes it the only practical choice. Use Soft modes if: the distance is short and the trip requires a level of door-to-door flexibility that public transport cannot offer. A key consideration for this individual is the conflict between their values and practical constraints; they are strongly averse to the stress of traffic and parking and do not believe cars offer freedom, yet they find public transport can be restrictive, forcing a constant trade-off between their pro-transit beliefs and logistical convenience."
19130148,"That person uses Public transports if: the destination is well-served by a single, direct route, allowing for productive use of travel time while avoiding the certainty of traffic and parking hassles. Use Private modes if: the journey is perceived as the only viable option to maintain their current lifestyle and activities, which they feel are impossible to access otherwise. Use Soft modes if: the trip is for very short-distance, non-essential, or recreational purposes where travel time is not a critical factor. A major consideration for this person is the powerful belief that they are a captive user of their current transportation mode, feeling it is the only way to retain freedom over their schedule, even though they strongly dislike the stress of traffic and searching for parking; they are ideologically in favor of public transport and comfortable traveling with strangers, but feel it is fundamentally incompatible with their activity needs."
19130179,"That person uses Public transports if: the route is simple and direct to a destination where parking is known to be a major hassle, Use Private modes if: the trip requires flexibility in timing and destination or enables activities that would otherwise be cancelled, Use Soft modes if: the journey is for short, local errands where the inconvenience of driving and parking outweighs the effort of walking or cycling. A key consideration is that while the person values the freedom a private car provides and dislikes changing transport modes, their choice is heavily influenced by a strong dislike for finding parking; however, a significant barrier to using alternatives is their profound unfamiliarity with public transport schedules, which they do not know by heart."
19130202,"That person uses Public transports if: the trip is to a single, well-served destination where the frustrations of traffic and parking would be particularly high, Use Private modes if: the journey is complex, requires multiple stops, or when absolute flexibility is needed to avoid canceling activities, Use Soft modes if: the travel distance is very short, making it more convenient than driving and parking. A primary consideration for this individual is a deep-seated belief that they have no viable alternative to their usual mode of transport, which provides the freedom to go wherever and whenever they want. This choice is maintained despite a strong dislike for being stuck in traffic and the hassle of looking for parking. The key exception preventing a mode shift is their conviction that using public transportation would force them to cancel activities, making it impractical for their lifestyle."
19130205,"That person uses Public transports if: the destination is known to have severe traffic and no available parking, and a direct, simple public transport route exists, Use Private modes if: the journey requires maximum flexibility and a seamless, door-to-door trip, Use Soft modes if: the trip is very short, and driving would involve significant hassle with traffic and parking. This individual's choice is fundamentally shaped by a conflict between the freedom to travel anywhere without transfers and a strong aversion to traffic and the stress of finding parking, though a major barrier to alternatives is their complete unfamiliarity with public transport schedules."
19130213,"That person uses Public transports if: their private vehicle is unavailable and the destination is on a very specific, familiar route, as they find the broader system too complex and limiting. Use Private modes if: the journey requires absolute freedom in timing and destination, as they believe it is the only reliable way to maintain their lifestyle and activities without compromise. Use Soft modes if: the trip is for leisure or over a very short distance where convenience and time are not primary concerns. A key consideration is the person's strong belief that they have no real alternative to their usual mode of transport; they value the car's freedom and reliability and are not bothered by traffic, while their unfamiliarity with public transport makes it seem like an impractical and restrictive option, despite being comfortable traveling with other people."
19130685,"That person uses Public transports if: the destination has guaranteed traffic and severe parking issues, and the journey can be completed directly without any transfers. Use Private modes if: the trip is essential for maintaining their lifestyle and activities, which they feel is impossible with any other option, making this their default, habitual choice. Use Soft modes if: the destination is close enough for a short, direct trip that completely avoids the frustrations of both traffic and parking. A key consideration for this person is the major conflict between the absolute freedom and flexibility a car provides and their intense dislike for traffic and parking hassles. They are very set in their ways and will not consider multi-part journeys, and they strongly believe that using public transport would limit their activities, making the convenience of a direct, single-mode trip the ultimate deciding factor."
19130767,"That person uses Public transports if: the journey is direct without transfers and the schedules are simple to understand, likely to a destination where parking is a known problem. Use Private modes if: the trip requires absolute flexibility in timing and destination, and being on time is critical. Use Soft modes if: the distance is very short, making walking or cycling more convenient than the effort of driving and parking. A significant consideration is that this person strongly prefers not to change modes of transport during a trip and perceives their car as the most reliable way to be on time and go anywhere, yet they find public transport schedules difficult to understand and are not a lifelong user of the service."
19130797,"That person uses Public transports if: the route is familiar, direct, and allows them to avoid the significant boredom they feel when stuck in traffic. Use Private modes if: the trip requires flexibility in destination or timing, which they strongly feel only a car can provide, or when they perceive there is no other viable alternative for their activities. Use Soft modes if: the destination is very close, making it the most convenient and direct option for a short trip. A primary consideration is the constant tension between the belief that their car offers total freedom and their strong aversion to traffic delays; their decision is further constrained by a powerful sense that they lack other options, and their choice is purely functional, with no social connection to transportation services."
19130963,"That person uses Public transports if: the destination is in a congested area with known parking difficulties, and the journey can be completed without transfers, Use Private modes if: the trip requires maximum flexibility in destination and timing, and it is their default, habitual choice, Use Soft modes if: the distance is short, as this mode avoids both traffic and parking issues while offering a direct, single-mode journey. However, this person is extremely habitual and will not reconsider their mode choice easily, strongly preferring direct trips without any transfers; the primary conflict in their decision-making is between the car's unparalleled flexibility and their intense dislike of being stuck in traffic."
19131061,"That person uses Public transports if: their private vehicle is unavailable or its use is severely restricted for a specific destination. Use Private modes if: the journey requires flexibility and a guarantee of on-time arrival, as this is their default and trusted option. Use Soft modes if: the travel distance is very short and the trip is for leisure or a non-urgent task. A significant consideration is that this individual strongly believes they have no viable alternative to their car, which they value for the freedom to go anywhere at any time and for its reliability, and they are uniquely unconcerned by common deterrents such as looking for a parking space or being in crowded situations with strangers."
19650022,"That person uses Public transports if: the network provides convenient access to their destination, leveraging their expert knowledge of routes and schedules, Use Private modes if: the destination is poorly served by other options or when absolute freedom of movement is essential, Use Soft modes if: the journey is for a short distance. A key consideration is the conflict between the absolute flexibility of a car, which they strongly value, and the significant dislike of finding a parking space; however, their choice is heavily influenced by the fact they feel they have no alternative for certain trips, even though they are extremely comfortable traveling close to strangers on public transport."
19650059,"That person uses Public transports if: they are forced out of their routine by conditions like extreme, guaranteed traffic congestion combined with a complete lack of parking at the destination. Use Private modes if: they require flexibility, control over their schedule, and a reliable arrival time, which makes it their default choice for nearly all activities. Use Soft modes if: the journey is short and simple, making a vehicle impractical. A significant consideration is that this individual is a creature of habit who strongly believes their car provides complete freedom and punctuality; this conviction, paired with their view of public transport as a confusing system that would restrict their activities, makes them highly resistant to changing modes, even though they strongly dislike being stuck in traffic."
19650139,"That person uses Public transports if: the destination is well-served by a known route, traffic is expected to be heavy, and the journey does not limit their ability to perform other activities, Use Private modes if: the trip requires flexibility in timing or destination, or enables activities that would otherwise be cancelled, making this their default, habitual choice, Use Soft modes if: the trip is very short and predictable, allowing them to avoid the traffic they dislike without significant inconvenience. A key consideration is that while they feel they have no alternative to their usual mode and strongly value the car's flexibility to go anywhere without cancelling activities, they also strongly dislike traffic and are not deterred by common public transport barriers like transfers or traveling with strangers."
19650161,"That person uses Public transports if: the destination is in a congested area where finding parking is a major issue, and the journey can be completed without complex transfers. Use Private modes if: the trip requires maximum flexibility in timing and destination, or involves activities that would be impossible to coordinate otherwise. Use Soft modes if: the distance is short, and the primary goal is to avoid the stress of traffic and the difficulty of finding parking. A primary consideration is their strong belief that a private car provides the ultimate freedom to travel anywhere at any time, a belief directly opposed to their view that public transport is so restrictive it would force them to cancel activities; this preference for freedom is heavily weighed against their intense dislike of searching for a parking space, creating a key decision conflict."
19650217,"That person uses Public transports if: their primary private mode is completely unavailable and there is no other viable option, Use Private modes if: the journey requires flexibility in timing and location, making it their habitual and default choice, Use Soft modes if: the travel distance is very short and convenient or the trip is purely for leisure. This behavior is framed by a strong belief that a personal car provides the ultimate freedom to go wherever and whenever, a conviction that is reinforced by having never used public transit in their life; however, a significant consideration is their strong dislike for being bored while stuck in traffic."
19650242,"That person uses Public transports if: the journey is simple and does not constrain their planned activities, particularly when going to a location where parking is difficult, Use Private modes if: the trip requires maximum flexibility for multiple stops or complex schedules, which they feel is necessary to avoid cancelling activities, Use Soft modes if: the distance is short, allowing them to completely bypass the significant frustrations they feel with both traffic and parking. A key consideration for this individual is the conflict between their strong belief that a private car offers essential freedom and their intense dislike for traffic and parking; while they are very comfortable traveling near strangers and see public transit's benefit to the city, this is often outweighed by the powerful perception that using it would force them to cancel their activities."
19650257,"That person uses Public transports if: it is the only viable option available for their trip, as they are a captive and habitual user who is knowledgeable about the system, Use Private modes if: they need to participate in an activity that is completely inaccessible by their usual means of transport, Use Soft modes if: the destination is very close, making it the most practical choice for short distances or for connecting between public transport stops. A primary consideration is that this individual feels they have no alternative to their current transportation and sticks to it habitually, even though they strongly believe in the positive community impact of buses and are entirely comfortable traveling close to people they do not know."
19650327,"That person uses Public transports if: the journey is routine, familiar, and follows a direct route with well-known schedules, Use Private modes if: the trip is non-routine or public transport is perceived as too restrictive for the planned activities, Use Soft modes if: the distance is short, allowing for the complete avoidance of traffic and parking hassles. A major consideration for this person is their strong dislike of being stuck in traffic and searching for parking. While they feel they have transportation choices and are very comfortable traveling near strangers, their decision can be complicated by the difficulty of understanding unfamiliar bus schedules, which may act as a barrier despite their positive view of public transit's role in the city."
19650328,"That person uses Public transports if: the route is familiar and the destination is known for having significant traffic or parking difficulties, Use Private modes if: the journey requires a high degree of flexibility in timing or destination that public transport cannot accommodate, Use Soft modes if: the distance is short, allowing for a simple door-to-door journey that avoids both traffic congestion and the complexities of transit schedules. A crucial factor in their decision-making is the extreme aversion to being stuck in traffic and the hassle of searching for parking, which are strong deterrents to using a car. Conversely, while they believe public transport benefits the city, their choice is significantly hampered by the strong perception that transit schedules are difficult to understand, creating a substantial barrier for any non-routine trips."
19650586,"That person uses Public transports if: their primary private vehicle is unavailable, forcing them to use an alternative they are unfamiliar with. Use Private modes if: the trip is part of their daily routine and requires a punctual arrival, as they feel this is their only viable option. Use Soft modes if: the journey is for a very short-distance, non-urgent purpose. A major consideration for this individual is using travel time productively and they are a creature of habit who strongly believes their car ensures punctuality. However, a key factor preventing a change in behavior is their significant lack of knowledge of the public transport system, as they strongly disagree that they know the routes or schedules and find them difficult to understand."
19650626,"That person uses Public transports if: the journey is routine and well-served by the network, as they are a knowledgeable and comfortable lifelong user, Use Private modes if: punctuality is the highest priority and the destination offers predictable parking, overriding the dislike of traffic, Use Soft modes if: the distance is short, allowing them to completely avoid the frustrations of traffic and parking. A primary consideration is that this individual feels they always have a choice and is not forced into any specific mode; their strong comfort with traveling near strangers and ease in understanding transit schedules makes public transport a particularly viable and attractive option."
19650656,"That person uses Public transports if: the destination is known for having significant traffic and parking difficulties and the route is direct and familiar, Use Private modes if: the journey demands high flexibility in timing or destination and a single, uninterrupted trip is essential, Use Soft modes if: the destination is nearby, making it the most convenient way to avoid the dual frustrations of traffic and parking. A key consideration for this person is the major conflict between the unparalleled freedom a car provides and their intense dislike for traffic and searching for parking. Furthermore, a strong preference for single-mode journeys acts as a significant barrier to using public transport that requires transfers, even though they believe it makes the city more welcoming."
28000344,"That person uses Public transports if: it is for a regular, habitual journey where the route is familiar, as this is their default and preferred choice, Use Private modes if: the destination is inaccessible by other means and travel can be timed to completely avoid traffic congestion, Use Soft modes if: the distance is short, allowing for a predictable and pleasant journey. A key consideration is that this person's choice is overwhelmingly driven by a profound dislike for being stuck in traffic, coupled with a strong belief that public transport makes the city more welcoming; they will consistently favor the predictable, communal option over a private car, which they do not see as a reliable or flexible means of travel."
28000366,"That person uses Public transports if: the route is simple and direct to a destination with predictable traffic congestion and difficult parking, allowing them to use their travel time productively, Use Private modes if: the journey is unfamiliar or complex, making it their default mode out of habit rather than preference, Use Soft modes if: the trip is over a short distance where walking or cycling is the most direct and reliable option to avoid traffic. A critical factor in their decision-making is a strong aversion to being stuck in traffic; however, their choices are significantly constrained by their profound unfamiliarity with public transport schedules, as they have not regularly used these services."
28000367,"That person uses Public transports if: the journey is long enough to make productive use of the time and the route is straightforward, Use Private modes if: the destination is not well-served by public transport or the trip requires significant flexibility, Use Soft modes if: the distance is short and the weather is favorable, allowing for physical activity. A key consideration for this person is their strong desire to use travel time productively, which makes modes that allow for reading or working more appealing. Additionally, they are not deterred by the perceived complexity of public transport, as they disagree that schedules are difficult to understand, making them a flexible and competent traveler."
28000414,"That person uses Public transports if: it is their habitual choice for nearly any journey, leveraging their expert knowledge of the network to use travel time productively. Use Private modes if: facing an exceptional circumstance where public transport is completely unavailable, as they strongly reject the idea that cars provide flexibility or punctuality. Use Soft modes if: traveling a short distance or connecting between public transport services, as they are entirely comfortable with multi-modal journeys. A key consideration is that this individual is a deeply ingrained, lifelong public transport user who does not reconsider their mode choice, strongly believing it allows for productive use of time and does not limit their activities, while viewing cars as unreliable."
28000449,"That person uses Public transports if: the destination has severe traffic congestion and parking is known to be extremely difficult, and the route is simple and direct. Use Private modes if: the trip requires a high degree of flexibility in timing or destination, which they perceive as their primary need for mobility. Use Soft modes if: the journey is for a short distance where the major frustrations of driving, such as traffic and parking, can be completely avoided. A critical consideration for this person is the constant tension between the absolute freedom their car provides and their strong aversion to being stuck in traffic and the hassle of finding parking; their complete unfamiliarity with public transport routes and schedules means it is not considered a viable alternative."
28000646,"That person uses Public transports if: it is a familiar and direct route that they have always used, Use Private modes if: the destination is not well-served by their known public transport network or when maximum flexibility is required, Use Soft modes if: the trip is short enough to avoid the hassles of traffic and parking associated with private cars. The most significant consideration is the person's powerful sense of being locked into their usual transportation mode, which they strongly believe is their only viable option; although they are very comfortable traveling close to people they do not know, this perception of having no alternative is the dominant factor in their decision-making."
28240317,"That person uses Public transports if: the journey is susceptible to traffic congestion, parking is a known hassle at the destination, and the travel time can be used productively. Use Private modes if: the destination is poorly served by other options or when absolute flexibility in timing and routing is essential. Use Soft modes if: the distance is short, allowing them to completely avoid the frustrations of traffic and parking. A primary consideration is their strong aversion to being stuck in traffic, which competes directly with their belief that the car is sometimes the only alternative for reaching a destination whenever they want; this makes them highly receptive to using public transport, which they find easy to navigate and are comfortable using."
28240376,"That person uses Public transports if: the journey is predictable and does not limit subsequent activities, especially when traveling to areas with anticipated traffic and difficult parking. Use Private modes if: the trip's complexity or the need to enable specific activities outweighs the strong dislike of traffic and parking hassles. Use Soft modes if: the distance is short, allowing them to completely avoid the disliked aspects of driving like traffic and parking, potentially as part of a multi-modal journey. The main consideration is the trade-off between a strong pro-public transport attitude and an intense dislike of traffic, against the perceived need for a car to avoid cancelling personal activities."
28240476,"That person uses Public transports if: their private vehicle is completely unavailable and the destination is inaccessible by any other means, Use Private modes if: the journey requires flexibility and guaranteed punctuality, making it their default and habitual choice, Use Soft modes if: the trip is for leisure or covers a very short, non-essential distance. A primary consideration for this individual is their strong attachment to a routine mode of travel that offers the freedom to go wherever and whenever they desire; they also dislike changing their means of transport mid-journey, which reinforces their reliance on a single vehicle."
28240485,"That person uses Public transports if: the destination is well-served by a route they know well and the journey does not constrain their other activities. Use Private modes if: the trip demands absolute flexibility in timing and destination, or when punctuality is the highest priority. Use Soft modes if: the journey is for a very short and direct trip where other modes are impractical. A primary consideration is their strong belief that a car offers unparalleled freedom to go anywhere at any time and is the most reliable option for being on time; however, this is balanced by the fact they are very knowledgeable about which public transport to take and are completely comfortable traveling close to people they do not know, even though they strongly disagree that using it makes the city more welcoming."
28240517,"That person uses Public transports if: it is a familiar and predictable route to a destination where parking is difficult and traffic is heavy, Use Private modes if: the trip requires flexibility to go anywhere at any time or involves activities that would otherwise be cancelled, Use Soft modes if: the trip is for very short and routine errands where convenience is paramount. A significant consideration is that this person is extremely rigid in their travel habits, strongly feeling they have no other choice than their usual mode and almost never reconsidering their options, even though they find public transport schedules easy to understand and were not a lifelong public transport user."
28240945,"That person uses Public transports if: the trip is a regular, familiar route for which they know the schedule by heart and perceive no other viable option, Use Private modes if: the journey requires flexibility in timing or destination, guaranteed punctuality, and parking is readily available, Use Soft modes if: the destination is very close and the trip is short enough that other modes are not necessary. A key consideration for this individual, who does not frequently reconsider their travel habits, is the conflict between the car's perceived freedom versus their strong dislike of searching for parking; they feel their activities would be limited by public transportation and will only use it for very routine journeys where they feel they have no alternative."
28240955,"That person uses Public transports if: it is the only available option and their private vehicle is inaccessible, as they feel forced to cancel activities otherwise. Use Private modes if: the journey requires freedom, flexibility, and guaranteed punctuality, which makes it their default, habitual choice for all significant activities. Use Soft modes if: the destination is extremely close and the trip is for non-essential or recreational purposes with no time constraints. A key consideration is their strong preference for a single, direct mode of transport, as they greatly dislike transfers; therefore, any alternative to their car is viewed as a significant inconvenience due to a deeply ingrained belief that it offers unparalleled freedom and a profound lack of familiarity with the public transport system."
28240997,"That person uses Public transports if: it is their familiar and habitual route with a predictable schedule, Use Private modes if: they feel there is no other viable option to reach their destination, Use Soft modes if: the distance is short and it can be conveniently combined with a public transport journey. A key consideration for this person is their profound resistance to changing their travel routines, coupled with a strong conviction that using a car is unreliable for being on time and a high level of comfort with journeys that involve transfers."
28241048,"That person uses Public transports if: the trip is part of their established daily routine where they are familiar with the schedules and can use the travel time productively, Use Private modes if: the journey requires a level of flexibility and freedom that their regular transport cannot offer, such as for spontaneous trips or reaching destinations outside the public network, Use Soft modes if: the distance is short enough to make it the most direct and simple option, avoiding the complexities of transit schedules or the hassles of traffic and parking. A major consideration is that while they strongly value the freedom a car provides to go anywhere at any time, they perceive their current transport choice as having no viable alternative, making them a captive user who is very comfortable traveling with strangers and motivated by using their travel time productively."
28241131,"That person uses Public transports if: it is the only perceived viable option for a required trip, especially on a direct route to a place where traffic and parking make driving impractical. Use Private modes if: flexibility is the priority, allowing them to go wherever and whenever they need to without restricting their activities. Use Soft modes if: the journey is short enough to be the most convenient option, effectively avoiding the traffic and parking hassles they dislike. A key consideration for this individual is a feeling of being constrained by a lack of alternatives, leading to habitual mode choices. While they are very comfortable traveling near strangers, their decision is heavily influenced by a strong preference for direct journeys and a belief that only a private vehicle provides the freedom to maintain their lifestyle, a belief held despite their stated dislike for traffic congestion and the search for parking."
28241229,"That person uses Public transports if: the journey is for a regular, predictable trip on a route they know well, leveraging their deep familiarity and personal connection with the service, Use Private modes if: the trip requires a high degree of flexibility in destination or timing and convenient parking is assured, Use Soft modes if: the distance is short or as a convenient way to connect to public transport hubs, since they are open to multi-part journeys. A key consideration for this person is the major trade-off between the car's freedom and punctuality, which they value, and their strong dislike of searching for parking, a decision uniquely influenced by a strong, positive personal connection with the public transport drivers they know."
28241263,"That person uses Public transports if: it is their habitual, lifelong choice for any routine journey, supported by their expert knowledge of the network and schedules. Use Private modes if: a destination is entirely unreachable by public transport and they must rely on another person for a ride, as they feel they have no personal alternative. Use Soft modes if: the distance is very short, making it more convenient than waiting for public transit, or for the purpose of accessing a station or stop. A key consideration is that their behavior is dictated by the strong belief that they have no other transport options, which is reinforced by a deep-seated habit and a distinct comfort with traveling in close proximity to strangers."
28420050,"That person uses Public transports if: the route is straightforward and they are confident they understand the schedule and connections, Use Private modes if: the trip requires a high degree of flexibility in destination or timing, and punctuality is not the main concern, Use Soft modes if: the distance is short and the route is familiar, making it the most simple and reliable option. A significant consideration for this person is their strong feeling of having no real alternative for their travel, as they perceive cars to be unreliable for punctuality and find public transport schedules very difficult to understand."
28420052,"That person uses Public transports if: the destination is well-served by the network they know expertly, and avoiding traffic is a key concern. Use Private modes if: the journey requires absolute flexibility in destination or timing, embodying their belief that with a car they can go wherever and whenever. Use Soft modes if: the trip is short and these modes offer the most direct and convenient way to get there. A key consideration for this person is the constant evaluation between the unparalleled freedom they associate with their car and their deep, practical knowledge of the public transport system; their decision is not influenced by the need to be productive during travel or any discomfort with traveling near strangers."
28420153,"That person uses Public transports if: the journey is familiar and the destination has poor parking availability, Use Private modes if: the trip requires maximum flexibility or involves activities that would be constrained by a fixed schedule, Use Soft modes if: the travel is for short, habitual distances where the hassles of other modes are avoided. A key consideration for this individual is the trade-off between the convenience and freedom a car provides, which they value, against their strong dislike for finding a parking space; while they believe public transport benefits the city, they feel it restricts their personal activities and find its schedules can be difficult to understand."
28630053,"That person uses Public transports if: it is available for their routine travel, as they feel it is their only viable option and are ideologically supportive of it, Use Private modes if: a destination is inaccessible by other means or travel is required outside of service hours, Use Soft modes if: the distance is short, especially for connecting to public transport hubs or for local errands. A critical factor in their behavior is the strong feeling of having no alternative for their main mode of transport; however, this is positively reinforced by a belief that public transit improves the city and a complete comfort with traveling close to unknown people."
28640075,"That person uses Public transports if: the destination has significant parking difficulties or predictable heavy traffic, and the route is direct and well-known to them. Use Private modes if: the journey requires absolute flexibility in timing and destination to ensure all activities can be completed. Use Soft modes if: the trip is for a short, non-essential, or recreational purpose where punctuality is not a primary concern. A key consideration for this individual is weighing the car's supreme flexibility against the strong dislike of searching for parking. Despite feeling that public transport forces them to cancel activities and a discomfort with traveling near strangers, they will pragmatically use it when the car's drawbacks, particularly parking, are more significant than its benefits of freedom and control."
30330009,"That person uses Public transports if: the destination is on a familiar route and arriving on time is critical, as they are knowledgeable about the system and distrust the car's punctuality due to traffic. Use Private modes if: the journey requires absolute flexibility in destination or timing that other modes cannot provide. Use Soft modes if: the distance is short, allowing them to completely avoid the significant frustrations of traffic and parking. A key consideration for this person is their powerful aversion to being stuck in traffic and searching for parking, which directly conflicts with a strong belief that a car offers ultimate freedom to go wherever and whenever. They are also very comfortable traveling near strangers and feel public transport does not restrict their activities, reinforcing its use for many trips."
30330170,"That person uses Public transports if: the destination is well-served by the network and the schedule aligns with their plans, as they are a highly proficient and lifelong user, Use Private modes if: the destination is poorly accessible by other means or the trip requires maximum flexibility in timing and location, and the hassles of traffic and parking are considered manageable for that specific journey, Use Soft modes if: the distance is short and the trip is for a local activity, allowing them to avoid the frustrations of traffic and parking altogether. A primary consideration is the avoidance of traffic and parking difficulties, which they strongly dislike; despite valuing the car's freedom to go anywhere at any time, they will likely reject it for a journey if congestion or parking issues are anticipated, especially since they are a deeply experienced and comfortable public transport user who frequently re-evaluates their options."
30330172,"That person uses Public transports if: the destination is well-served by the network and the schedule is convenient, as they are a highly proficient and lifelong user, Use Private modes if: the trip is to a location not easily accessible by other means or requires transporting bulky items, Use Soft modes if: the distance is short and the weather is favorable, allowing them to completely avoid the traffic and parking issues they strongly dislike. A primary consideration for this individual is their constant re-evaluation of travel options, driven by the belief that they have multiple alternatives and are not captive to any single mode; their decision is heavily influenced by a strong aversion to being stuck in traffic and searching for parking, and they will actively avoid any mode they perceive as unreliable for on-time arrival, while a pro-social belief that public transit improves the city can also guide their choice."
30330216,"That person uses Public transports if: the route is simple and direct with no transfers, providing a clear way to avoid predictable traffic congestion, Use Private modes if: the journey requires flexibility for the destination or schedule and the route is perceived as being free of significant traffic, Use Soft modes if: the destination is close enough to be reached directly and efficiently. The most significant consideration for this person is balancing their strong aversion to being stuck in traffic with their equally strong preference for a direct journey that does not require changing modes of transport."
30330238,"That person uses Public transports if: it is a regular commute where they can use the travel time productively and the network is familiar, Use Private modes if: the destination is not easily accessible by other means or when flexibility is paramount, provided that parking is not an issue, Use Soft modes if: the trip is short and routine, and to a destination where parking a car would be a significant inconvenience. A major consideration is their exceptional comfort with traveling among strangers, which strongly favors public transport; however, this is balanced against the car's freedom to go anywhere, a benefit that is often negated by their strong dislike for finding a parking space."
30330301,"That person uses Public transports if: the trip is routine to a location with difficult parking and a direct, transfer-free route is available, Use Private modes if: the journey requires flexibility in timing or destination that public transport cannot offer, Use Soft modes if: the distance is short, allowing them to avoid both traffic and proximity to other people. A primary consideration is the trade-off between the car's perceived freedom and the significant annoyance of traffic and parking. The final decision is also heavily influenced by a strong preference for direct journeys, as they are uncomfortable traveling with strangers and are not motivated by the social benefits of shared transport."
30330302,"That person uses Public transports if: the route is familiar and direct, allowing them to avoid the stress of traffic and parking, Use Private modes if: flexibility in destination and timing is the top priority and parking is not a concern, Use Soft modes if: the journey is short, offering a simple, direct trip that avoids the main drawbacks of other modes. A primary consideration for this individual is the avoidance of personal inconvenience, specifically traffic, searching for parking, and traveling in close proximity to strangers, while also strongly preferring direct trips without transfers."
30330353,"That person uses Public transports if: it is a familiar and direct route, capitalizing on their pro-social attitude towards public transit and long-term usage habits. Use Private modes if: there is absolutely no viable public transport alternative available, as this choice is seen as a last resort. Use Soft modes if: the distance is short, thereby avoiding both the perceived unreliability of cars and the complexity of unfamiliar public transport schedules. A primary consideration in their choice is a strong belief that cars are unreliable for arriving on time, coupled with an intense dislike for being stuck in traffic and searching for parking. However, this is tempered by a feeling of being constrained by a lack of alternatives, and a key barrier to using public transport for new journeys is the difficulty they have understanding the schedules."
30330369,"That person uses Public transports if: the trip requires a predictable arrival time and the destination is in an area where parking is difficult, allowing travel time to be used productively. Use Private modes if: the trip demands flexibility in timing or destination that other modes cannot accommodate, and punctuality is not the primary concern. Use Soft modes if: the distance is short, and the goal is to completely avoid both vehicle traffic and the structured schedules of public transit. A key consideration for this person is weighing the car's freedom to travel anywhere against its significant perceived drawbacks of unreliable timing and the strong dislike for searching for parking, making their choice highly dependent on the specific trip's requirements."
30330513,"That person uses Public transports if: the destination is well-served by the network, as they are an expert and lifelong user who finds the system easy to navigate, Use Private modes if: the destination is inaccessible by other means or at a time when services are unavailable, making it a choice of necessity rather than preference, Use Soft modes if: the distance is short, especially for connecting to public transport hubs or for trips where car-related delays are likely. A key consideration for this individual is their strong belief that car travel is unreliable for punctuality, coupled with an intense dislike for being in traffic and searching for parking; this is contrasted by their complete comfort with traveling near strangers and making transfers, reinforcing their preference for the highly familiar public transport system."
30330536,"That person uses Public transports if: the journey is routine and direct, allowing for the productive use of travel time. Use Private modes if: the trip requires maximum flexibility in destination and timing, which they feel other modes cannot offer. Use Soft modes if: the trip is short and to a location where traffic congestion and parking are significant deterrents. A primary consideration for this individual, who is very set in their ways and does not reconsider their habits, is the trade-off between the freedom to go wherever and whenever by car and the extreme boredom they feel when stuck in traffic, a situation where they cannot be productive."
30330558,"That person uses Public transports if: the journey is routine and predictable, allowing them to use their travel time productively, leveraging their expert knowledge of the schedules. Use Private modes if: the trip requires a high degree of flexibility to reach destinations not well-served by other means, despite the potential for traffic and parking difficulties. Use Soft modes if: the distance is short, allowing them to bypass traffic, or as part of a journey connecting to public transport. A key consideration is that this person actively chooses their travel mode rather than feeling forced by a lack of alternatives, with their decision significantly shaped by an expert-level, memorized knowledge of public transport schedules."
30330653,"That person uses Public transports if: the journey requires a predictable arrival time and the destination is well-served by the network they know intimately, Use Private modes if: the trip demands absolute freedom in destination or timing where other options are impractical, Use Soft modes if: the distance is short or as a seamless connection within a larger multimodal trip. A key consideration is their perception of cars as flexible but unreliable in traffic; this is decisively shaped by their expert knowledge of the public transport system and a strong preference for journeys that involve transfers, which they do not see as an inconvenience."
30330770,"That person uses Public transports if: it is for a regular, familiar journey where the schedule is well-known, leveraging their lifelong habit and knowledge of the system. Use Private modes if: the trip requires absolute flexibility for an unfamiliar destination and punctuality is not critical, as they do not trust a car to be on time. Use Soft modes if: the journey is short and direct, allowing them to completely avoid their major dislikes of traffic and searching for parking. A primary consideration is their strong aversion to hassles like being stuck in traffic, looking for parking, or having to change modes of transport mid-journey, which heavily influences their choice toward the simplest, most direct option available."
30330951,"That person uses Public transports if: the destination is well-served by the network they know intimately, allowing for a direct journey where they can use their time productively, Use Private modes if: the trip requires absolute flexibility to go anywhere at any time, particularly to locations not easily accessible by other means, Use Soft modes if: the journey is for a short distance, making it the most efficient option to avoid traffic or waiting. A significant consideration is their expert-level knowledge of the public transport system, which makes it their default choice; however, this is balanced by a strong preference for direct, single-mode journeys, which may lead them to choose another mode if a trip requires multiple transfers."
30330997,"That person uses Public transports if: it is for a routine journey on a familiar route, as this is their primary available option. Use Private modes if: arriving on time is the most critical factor and parking is not a significant hassle. Use Soft modes if: the trip is for a short distance and is not urgent, particularly to avoid the inconvenience of finding a parking space. A major consideration, however, is that this person feels compelled to use their current mode of transport due to a strong sense of having no alternative, which overrides other preferences."
30331017,"That person uses Public transports if: the trip is routine and the schedule is well understood, allowing for productive use of travel time, Use Private modes if: the destination is difficult to reach by other means or the trip requires a high degree of flexibility that public transport cannot offer, Use Soft modes if: the trip is for a short distance where it is the most direct and convenient option, avoiding the hassles of both traffic and complex schedules. A key consideration is that while this person is a lifelong and comfortable public transport user, they strongly agree that some bus schedules are difficult to understand, which can be a significant barrier. Despite valuing the car for the freedom to go anywhere at any time, their strong dislike for being stuck in traffic and searching for parking means they will only drive when the flexibility it provides is essential for activities they would otherwise have to cancel."
30860007,"That person uses Public transports if: the route is direct without requiring any transfers and the service is familiar, Use Private modes if: maximum flexibility is needed and parking is readily available at the destination, Use Soft modes if: the trip is short and direct, allowing them to avoid both parking issues and public transport transfers. A primary consideration is their strong aversion to changing the means of transport during a journey, heavily favoring direct routes. The choice is often a trade-off between the freedom a private car offers and a significant dislike for looking for parking, coupled with a feeling that their current mode is often used simply because there is no better alternative."
30860032,"That person uses Public transports if: it is for a simple and direct journey where parking is extremely difficult, as their unfamiliarity with the system and discomfort with crowds are significant deterrents. Use Private modes if: the journey requires flexibility in destination and timing, as they value the freedom to go anywhere, anytime. Use Soft modes if: the destination is nearby, allowing for a short and predictable trip that avoids their stated dislikes of traffic, parking, and crowded spaces. A key consideration for this person is that while they strongly value the car's freedom, they do not trust it for punctuality and dislike the hassles of traffic and parking; however, a significant barrier to alternatives is their discomfort traveling close to strangers and a profound lack of knowledge about public transport, compounded by a strong preference for direct trips without changing vehicles."
30860033,"That person uses Public transports if: the destination is well-served by the network, as they are a lifelong user who feels it improves the city and is comfortable with crowds and transfers. Use Private modes if: the destination is inaccessible by other means or when the absolute freedom to go anywhere at any time is the main priority. Use Soft modes if: the journey is short and to a location where they anticipate difficulty finding parking. A key consideration for this individual is that while they value the car's freedom and are not bothered by traffic, they will actively avoid it for time-sensitive travel because they do not believe it guarantees punctuality and they strongly dislike searching for a parking space."
30860175,"That person uses Public transports if: the route is direct and convenient, allowing them to avoid the high stress of traffic and the difficulty of parking, Use Private modes if: the journey requires maximum flexibility in timing or destination that they believe other modes cannot provide, Use Soft modes if: the distance is short, making it the most efficient way to bypass traffic and parking issues altogether. A key consideration for this person is the conflict between the car's perceived freedom to go anywhere at any time and their strong aversion to being stuck in traffic, while their comfort traveling near strangers and a belief that public transit improves the city makes it a viable alternative."
30860216,"That person uses Public transports if: the journey is routine, predictable, and does not require transfers, Use Private modes if: the trip requires high flexibility in destination or timing and parking is not a concern, Use Soft modes if: the distance is short and the trip is simple, allowing them to avoid the hassles of traffic and parking. A primary consideration for this flexible traveler is weighing the car's freedom against its significant drawbacks, such as the boredom of traffic, the hassle of parking, and its perceived unreliability for being on time; while they appreciate public transport's benefits and know their regular routes, they are strongly deterred by the feeling that it restricts their activities and by a dislike for journeys requiring transfers."
30860239,"That person uses Public transports if: a single, direct service is available that conveniently connects their origin and destination without requiring any transfers, Use Private modes if: the trip requires flexibility in timing and destination, and a direct, single-mode journey is the priority, Use Soft modes if: the destination is very close, making a vehicle trip impractical. A key consideration is that this person is a creature of habit who strongly dislikes changing transport modes during a trip; while they strongly value the freedom a car provides to go wherever and whenever, they are not uncomfortable traveling near strangers and would likely use public transport if it offered a simple, direct journey that fits their routine."
30860245,"That person uses Public transports if: the journey is familiar and likely to involve traffic, leveraging their lifelong expertise with the system. Use Private modes if: the trip requires maximum flexibility to visit multiple locations or destinations not well-served by transit, especially when traffic and parking are not major concerns. Use Soft modes if: the distance is short, allowing them to completely avoid the frustrations of both traffic and parking. A key consideration is their very strong dislike of being stuck in traffic, which frequently motivates them to seek alternatives to the car, yet this is balanced by a preference for direct journeys without transfers."
30860246,"That person uses Public transports if: the journey is routine and a direct route is available, especially when traffic congestion and parking are anticipated, Use Private modes if: the trip requires flexibility for multiple stops, travels to a location poorly served by other options, and can be made outside of peak traffic hours, Use Soft modes if: the destination is close enough for the journey to be the most direct and simple way to avoid all traffic or parking concerns. A key consideration is that while a strong aversion to being stuck in traffic discourages car use, a dislike for changing modes during a trip and the need for flexibility to visit multiple locations may lead them to choose a private vehicle despite their lifelong familiarity with public transport."
30860250,"That person uses Public transports if: the schedule is convenient and the travel time can be used productively, as they are very knowledgeable and comfortable with the system. Use Private modes if: the destination is poorly served by other options or when the need for absolute flexibility is critical, despite the frustrations of traffic and parking. Use Soft modes if: the distance is short, such as for local errands or to connect with a public transport hub. A key consideration is that this person is a highly flexible traveler who believes they have genuine alternatives and frequently reconsiders their mode choice, driven by a strong aversion to traffic and a belief that using public transport improves the city for everyone."
30860254,"That person uses Public transports if: the journey is a familiar one to a well-served destination where flexibility is not required, Use Private modes if: the trip demands a high degree of flexibility for multiple stops or reaches areas poorly served by other options, provided that traffic and parking are not expected to be issues, Use Soft modes if: the distance is short and the main goal is to avoid the stress of traffic and the difficulty of finding parking. A significant consideration is their strong conviction that using public transport forces them to cancel activities, often leaving them feeling they have no other choice for their journey; this is balanced by a strong dislike for being stuck in traffic or searching for parking, and the fact they are completely comfortable traveling close to unknown people."
30860443,"That person uses Public transports if: it is for a regular, habitual journey where they know the schedules and routes by heart, Use Private modes if: the destination is not easily accessible by public transport and the need for flexibility overcomes their strong dislike for finding parking, Use Soft modes if: the trip is short enough to avoid the inconveniences of both traffic and parking. A primary consideration is their deeply ingrained habit of using public transport, reinforced by a belief that it improves the city and a strong dislike for searching for parking; however, their preference for direct journeys could lead them to choose a car over a public transport option that requires multiple transfers."
30860539,"That person uses Public transports if: the destination is well-connected to the network, as they are knowledgeable and ideologically supportive of it. Use Private modes if: the trip requires absolute flexibility in destination or timing that other modes cannot offer, making it the only viable alternative. Use Soft modes if: the distance is short, as it provides a simple way to avoid the traffic they find boring. A key consideration is that this individual is exceptionally comfortable with and positive about public transit, strongly believing it improves the city and feeling completely at ease traveling near people they do not know, which makes it a preferred and low-stress option for them."
30860540,"That person uses Public transports if: the service perfectly aligns with their activity schedule, allowing them to complete their journey without compromise, Use Private modes if: it is perceived as the only way to avoid canceling or altering their plans, making it a choice of necessity over preference, Use Soft modes if: the distance is short, as this would be the most effective way to avoid the traffic and parking hassles they strongly dislike. A primary consideration is the significant conflict between their beliefs and their behavior; they feel captive to their current mode because they are convinced public transport limits their activities, even though they are an expert at navigating the system, believe in its civic benefits, and are strongly averse to the frustrations of traffic and parking."
30860708,"That person uses Public transports if: it is for a regular journey to a destination where traffic congestion or parking difficulties are expected, as they are a highly confident and experienced user. Use Private modes if: the trip requires a high degree of flexibility in destination and timing, and is made when traffic and parking are not anticipated to be an issue. Use Soft modes if: the distance is short or when connecting to public transport, as part of a multi-stage journey. A key consideration is that the decision is heavily influenced by a strong aversion to being stuck in traffic and the hassle of finding parking, which often overrides other factors; this person is not a captive user of any single mode and is very comfortable with journeys that require changing means of transport."
30860711,"That person uses Public transports if: the destination is easily accessible via a known route and parking is expected to be a problem, Use Private modes if: the journey requires a high degree of flexibility in time or destination that public transport cannot offer, Use Soft modes if: the distance is short, making it the most direct and hassle-free option for local errands. The decision is often a trade-off between the freedom a car provides, which they value, and their strong dislike for finding a parking space; while they hold a positive view of public transport and know their usual routes well, they may be deterred from unfamiliar services by confusing schedules."
30860712,"That person uses Public transports if: the route is familiar and the hassle of parking at the destination outweighs the inconvenience of a complex schedule. Use Private modes if: the journey requires maximum flexibility for a destination not well-served by public transport and parking is readily available. Use Soft modes if: the distance is short, avoiding parking is a key goal, and the trip can be combined with other transport. A key consideration is the trade-off between the car's go-anywhere freedom, which they value, and their strong dislike for finding a parking space; this is further influenced by their confidence in knowing which public transport to use versus their difficulty understanding its schedules."
30860725,"That person uses Public transports if: their destination is on a familiar, direct route that is part of their established routine, as they are an expert and lifelong user, Use Private modes if: they are a passenger for a trip that cannot be accomplished with their usual public transport options, Use Soft modes if: the destination is close enough to avoid a public transport journey, especially one that would require a transfer. A key consideration is the conflict between their lifelong, habitual use of public transport and a strong discomfort with traveling close to unknown people; this person feels they have no alternative to their usual transportation and strongly dislikes changing modes during a trip, yet they find the public transport schedules very easy to understand, reinforcing their reliance on familiar, direct routes."
30860803,"That person uses Public transports if: it is the only perceived viable option for a routine journey, allowing them to avoid traffic and parking. Use Private modes if: the destination is poorly served by other options or when absolute flexibility in timing and route is required. Use Soft modes if: the distance is short, allowing them to bypass both traffic congestion and parking hassles. A critical consideration for this individual is their strong belief that they lack alternatives to their usual mode of transport; however, any decision is heavily shaped by a profound dislike of being stuck in traffic, and they are notably comfortable traveling near strangers and combining different transport types on a single trip."
31320060,"That person uses Public transports if: the destination is well-served by the network and punctuality is a priority, allowing them to avoid traffic and use travel time productively, Use Private modes if: the destination is not easily accessible by other means or the trip occurs during off-peak hours when traffic and parking are not concerns, Use Soft modes if: the distance is short, offering a reliable way to bypass the frustrations of traffic and parking. A primary consideration for this highly flexible traveler is their strong aversion to being stuck in traffic, which they believe the car cannot reliably avoid. While they value the car's freedom to go anywhere at any time, this is heavily weighed against their expert-level confidence in navigating the public transport system, whose schedules they find very easy to understand."
31320335,"That person uses Public transports if: they are a captive rider with absolutely no other alternative for a specific, necessary journey. Use Private modes if: it is their default choice, as they feel it is the only option that provides total freedom to travel anywhere at any time without having to cancel activities. Use Soft modes if: the trip is for a very short distance where driving is impractical and productivity during travel is not a concern. A key consideration is their conviction that they have no alternative to their current mode, strongly valuing the car's flexibility while simultaneously believing public transport is restrictive, confusing, and does not contribute positively to the city."
31320760,"That person uses Public transports if: punctuality is essential and the route is familiar, leveraging their high confidence in navigating the transit system and their belief that cars are unreliable for on-time arrival. Use Private modes if: the destination is not easily accessible by other means or when travel flexibility is the highest priority, overriding concerns about potential traffic. Use Soft modes if: the trip is short, allowing them to completely avoid the stress of traffic and the hassle of parking. The primary consideration for this person is a frequent re-evaluation of their options, weighing the car's unique freedom to go anywhere against a strong aversion to being stuck in traffic and a disagreement with the idea that driving ensures punctuality."
31321173,"That person uses Public transports if: the travel plan is simple, direct, and does not limit their planned activities, allowing them to use the time productively. Use Private modes if: the need for absolute flexibility to visit multiple or poorly-served locations is the top priority, overriding concerns about traffic and parking. Use Soft modes if: the journey is short and the main goal is to have a predictable travel time while completely avoiding the frustration of traffic congestion. A key consideration is the significant conflict between their strong belief that using public transport forces them to cancel activities and their intense boredom with being stuck in traffic, combined with a conviction that driving does not guarantee an on-time arrival."
31321431,"That person uses Public transports if: the journey is for a regular, predictable activity on a familiar route with a direct connection. Use Private modes if: the trip requires absolute freedom in timing and destination, or involves complex schedules with multiple stops that would be impossible otherwise. Use Soft modes if: the travel is for very short, self-contained errands or recreation where other transport is unnecessary. A key consideration is their belief that the car provides ultimate freedom and reliability, which they weigh against their deep familiarity with public transport for specific routines; they will not reconsider their established choice for a trip and strongly prefer not to change modes of transport during a journey."
31321476,"That person uses Public transports if: it is a familiar route, allowing for productive use of travel time. Use Private modes if: the destination is inaccessible by other means or for specific transport needs, despite viewing cars as unreliable for arriving on time. Use Soft modes if: the journey is short and direct, avoiding the complexity of schedules or transfers. A key consideration is their strong aversion to changing modes during a trip, which often overrides other factors, alongside a firm conviction that cars do not offer superior freedom or punctuality compared to their well-known public transport system."
31321523,"That person uses Public transports if: the destination can be reached via a direct route without transfers, allowing for productive use of travel time. Use Private modes if: the journey requires absolute flexibility in destination and timing, or is too complex to be completed by a single public transport line. Use Soft modes if: the trip is short and a seamless, door-to-door journey is the main priority. A critical factor in their decision-making is a strong dislike for changing modes of transport mid-journey, which favors the car. However, they frequently reconsider their travel choices and possess a deep, practical knowledge of the public transport network, even if they have not memorized the schedules, indicating they will opt for the most convenient direct option available while fundamentally viewing their car as the ultimate tool for freedom and flexibility."
39010096,"That person uses Public transports if: the destination is well-served by a direct route without transfers, as they are familiar with the network and comfortable in shared spaces. Use Private modes if: the journey requires absolute flexibility in timing and destination or involves multiple stops that would be impossible with public transport. Use Soft modes if: the trip is short, local, and for a routine purpose, allowing them to avoid the traffic they dislike. A critical factor in their decision is the conflict between the car's supreme flexibility to go anywhere, anytime, and their strong aversion to traffic delays and changing modes of transport; they will likely use the car if they believe public transport will force them to cancel activities."
39010097,"That person uses Public transports if: the destination is accessible via the network they know intimately, as this is their lifelong and habitual mode of choice. Use Private modes if: the trip demands absolute flexibility in timing or destination that public transport cannot provide, despite the risk of delays. Use Soft modes if: the journey is short and routine, allowing them to completely avoid traffic and parking. A major consideration is that this person is a creature of habit who does not reconsider their mode choice; their decisions are heavily influenced by a strong aversion to traffic and a deep, positive, and lifelong familiarity with the public transport system."
39020134,"That person uses Public transports if: it is for any regular or planned trip, as they are a lifelong user who knows the system intimately and needs to use their travel time productively. Use Private modes if: there is absolutely no public transport alternative available, making it a choice of necessity rather than preference. Use Soft modes if: the journey is for leisure or is over a very short distance where travel time productivity is not a concern. A key consideration for this individual is their profound belief that they have no other choice for their transport, reinforced by their ability to be productive while traveling and a strong, positive civic attitude towards public transit."
39110096,"That person uses Public transports if: the destination is well-served by the network and the schedule is convenient, Use Private modes if: the destination is inaccessible by other means or requires absolute freedom in route and timing, Use Soft modes if: the distance is short, allowing them to completely avoid the frustrations of traffic and parking. A key consideration is that this person is strongly deterred from driving by traffic and parking difficulties, believing a car does not guarantee an on-time arrival; this, combined with their high comfort and familiarity with public transit, means their final choice is often dictated by a perceived lack of viable alternatives for a specific journey."
39110220,"That person uses Public transports if: the journey is routine and predictable, allowing them to use their travel time productively, Use Private modes if: the trip requires a high degree of flexibility in destination or timing that public transport cannot offer, Use Soft modes if: the distance is very short, making it the most practical and immediate option. A key consideration is the balance between their highly established public transport routine, which they know expertly, and the strong belief that a private car offers ultimate freedom to go anywhere at any time for non-standard journeys."
39110243,"That person uses Public transports if: their destination is well-served by the network, as they are a highly confident and knowledgeable user who knows the system and schedules well. Use Private modes if: the journey requires maximum flexibility in timing or destination that public transport cannot accommodate. Use Soft modes if: the trip is for a short distance or to connect with a public transport service. A key consideration in their choice is that they strongly feel they have alternatives and are not a captive user; while they agree a car can go anywhere at any time, this benefit is weighed against a strong dislike for being in traffic and looking for parking, making their expert knowledge of the bus and train system the deciding factor."
39110605,"That person uses Public transports if: the journey is a regular or planned trip, as their expert knowledge of the network allows for a predictable and productive commute. Use Private modes if: the destination is not well-served by other options and the trip demands absolute flexibility in timing and location, as long as guaranteed punctuality is not a concern. Use Soft modes if: the travel is over a short distance where walking or cycling is the most direct and convenient choice. A key consideration is that their decision is heavily influenced by their profound confidence in navigating the public transport system, which they do not find limiting for their activities; however, a significant exception preventing car use is their strong belief that it is an unreliable mode for arriving on time."
39110987,"That person uses Public transports if: the destination has significant parking difficulties, the journey is direct without requiring a transfer, and it does not restrict their ability to carry out their planned activities. Use Private modes if: flexibility in timing and route is essential, the trip involves multiple stops, or they feel it is the only viable option to accomplish their tasks. Use Soft modes if: the trip is for a short, direct journey where they can easily avoid both traffic congestion and the hassle of finding a parking spot. A critical consideration is their strong preference for a single mode of transport for any given trip, as they dislike transfers. While they perceive the car as essential for maintaining their lifestyle and schedule, this choice is strongly contested by their dislike for traffic and searching for parking, making these two factors the primary reasons they would ever deviate from using a private vehicle."
39110995,"That person uses Public transports if: it is their habitual and preferred choice for virtually all regular travel, leveraging their expert knowledge of routes and schedules, Use Private modes if: there is an absolute necessity, such as transporting heavy goods or reaching a location completely unserved by the network, Use Soft modes if: the distance is short or for connecting to public transport hubs as part of a multi-modal journey. A key consideration is their profound belief that public transport does not limit their activities, a view supported by a lifetime of use and expert knowledge of the system. Their decision is further reinforced by a strong dislike for seeking parking and a perception that cars are unreliable for arriving on time, though they acknowledge that some specific bus schedules can be difficult to understand."
39111355,"That person uses Public transports if: the route is prone to traffic congestion and is well-covered by the public network, Use Private modes if: the trip is time-sensitive and traffic congestion is unlikely, or the destination's accessibility by other means is poor, Use Soft modes if: the distance is short, allowing them to avoid traffic delays for local trips or to connect to other transport. The defining factor in their decision is a strong aversion to being stuck in traffic, which competes with their view of the car as a flexible and reliable option; their complete comfort with traveling near strangers and confidence in using the public network makes switching away from the car a viable choice."
39111356,"That person uses Public transports if: the destination is part of their regular, well-known travel patterns, as they are a highly proficient and lifelong user who does not feel their activities are limited by it. Use Private modes if: the trip requires a high degree of flexibility to go anywhere at any time, particularly to areas not well-served by their usual network. Use Soft modes if: the distance is short, as this would be the most direct way to avoid the frustrations of traffic and the difficulty of finding parking. A key consideration for this person is their profound expertise with the public transport network, as they strongly believe it is easy to understand and does not limit their activities, which heavily influences their choice away from private car use, for which they have a strong dislike of parking and traffic."
39120013,"That person uses Public transports if: the trip is a routine journey for which they know the route and it does not conflict with other planned activities, Use Private modes if: the journey involves activities or destinations that would otherwise have to be cancelled if relying on public transportation, Use Soft modes if: the destination is very close and the trip is for a simple, single purpose. A significant consideration is the conflict between their identity as a lifelong public transport user who believes it benefits the city, and the practical constraint that it sometimes forces them to cancel activities. This person strongly feels they have no alternative to their usual mode of transport and disagrees that a car guarantees punctuality, making their final choice dependent on the flexibility of their schedule."
39120245,"That person uses Public transports if: the journey is part of their regular, predictable routine, as they are a highly proficient and lifelong user. Use Private modes if: the activity requires flexibility, involves destinations not well-served by the public network, or would be cancelled otherwise. Use Soft modes if: the distance is very short or to connect with their primary mode of transit. A significant consideration for this individual is their deeply ingrained travel routine, as they do not reconsider their mode choice frequently and have a usual means of transport for their activities. Their decisions are strongly influenced by a deep aversion to being stuck in traffic, coupled with a complete comfort in traveling close to people they do not know, making shared transit a natural fit."
39120364,"That person uses Public transports if: it is for a regular, habitual journey for which they have expert knowledge and feel it is their only viable option, Use Private modes if: the trip requires maximum flexibility in destination and timing that goes beyond their established routine, Use Soft modes if: the destination is very close and easily accessible on foot. A primary consideration is their strong belief that they have no alternative to their usual mode for routine activities, yet this is balanced by the high value placed on a car's freedom to go anywhere, a choice made easier by the fact they are completely unbothered by being stuck in traffic."
39120372,"That person uses Public transports if: the trip is routine and destinations are well-served by the network, leveraging their lifelong experience and in-depth knowledge of routes and schedules. Use Private modes if: the journey is complex or requires a level of flexibility that public transport schedules cannot accommodate, enabling activities that would otherwise be cancelled. Use Soft modes if: the distance is short, serving as a practical choice for local errands or to connect with public transport hubs while avoiding traffic and parking. A primary consideration for this person is the conflict between their identity as an expert lifelong public transport user and the car's unique ability to facilitate a wider range of activities; they will only deviate from their usual public transit use when the need for flexibility outweighs their strong dislike of traffic and searching for parking."
42270004,"That person uses Public transports if: the journey is routine and predictable, allowing them to leverage their extensive knowledge of the system to avoid the stress of traffic and parking. Use Private modes if: the destination is not well-served by a direct public transport route, or when the need for absolute freedom in timing and location outweighs the significant downsides of potential traffic and parking difficulties. Use Soft modes if: the destination is close enough to be reached directly and conveniently without relying on other forms of transport. A key consideration is the conflict between their belief in the car's freedom and their strong dislike for traffic and parking hassles; furthermore, they will strongly favor any travel option that does not require changing their means of transport mid-journey."
42270059,"That person uses Public transports if: the route is simple and familiar, and the desire to avoid traffic outweighs the need for flexibility, Use Private modes if: the trip requires absolute freedom to go to any destination at any time, Use Soft modes if: the distance is short enough to make it a practical way to bypass the boredom of traffic congestion. A key consideration for this individual is their powerful belief that a car provides ultimate freedom to travel wherever and whenever they want; this preference is strongly reinforced by their lack of practical knowledge of which specific bus or train to take, despite being comfortable traveling near strangers."
42270136,"That person uses Public transports if: it is the only viable option for a trip where parking is impossible or traffic is exceptionally severe, as they feel it limits their activities and are uncomfortable around strangers. Use Private modes if: the journey requires a high degree of flexibility and guaranteed punctuality, which they strongly associate with their car. Use Soft modes if: the destination is for a short, local trip where walking or cycling would be more convenient than the significant hassle of finding a parking spot. A primary consideration is the absolute freedom and reliability they believe the car offers, but a key exception is their strong dislike for searching for parking, which can be a decisive factor against using their car."
42270228,"That person uses Public transports if: the destination is on a familiar, direct route and the journey does not involve multiple errands, Use Private modes if: the trip requires flexibility in timing, involves several stops, or goes to a destination where parking is known to be easy, Use Soft modes if: the trip is short and the main goal is to avoid the stress of traffic and the difficulty of finding parking. A key consideration for this individual is the conflict between the freedom and perceived reliability a car provides and their strong dislike for traffic and searching for parking; they feel their travel choices are often constrained and believe public transport would limit their activities, making it an unsuitable option for complex journeys."
42270540,"That person uses Public transports if: parking at the destination is known to be difficult and the public transport route is simple and well-defined, Use Private modes if: it is perceived as the only practical choice, providing the necessary freedom and reliability to reach their destination on time, Use Soft modes if: the distance is very short, such as walking from a parking space, or for recreational purposes. A key factor is the person's strong conviction that they lack alternatives to their usual mode of transport, which makes them resistant to change; however, this is contrasted by their comfort with sharing space on public transport and their belief in its civic benefits, suggesting the main barrier is not attitude but a practical lack of knowledge about the transit network."
42270610,"That person uses Public transports if: the trip is a direct route to a congested area with known parking difficulties, and they can travel during off-peak hours, Use Private modes if: the destination is not easily accessible by other means or when the journey requires maximum flexibility in timing and location, Use Soft modes if: the journey is for a short distance where the destination is easily and quickly reachable. A primary consideration is the person's strong aversion to traveling close to strangers and changing transport modes during a trip, which makes them heavily favor direct, single-mode journeys; even though they feel their current mode is chosen from a lack of alternatives, they strongly believe their car allows them to go wherever and whenever they want."
42270911,"That person uses Public transports if: the destination is in a congested area with significant parking difficulties and a convenient, direct route is available, Use Private modes if: they require maximum flexibility in timing and location, perceiving it as the only viable option for their activities, Use Soft modes if: the destination is very close, making it the most straightforward way to travel without facing traffic or parking issues. A major consideration for this person is the conflict between their belief that a private car offers ultimate freedom to travel anywhere, anytime and their intense dislike for traffic and the hassle of parking; they feel compelled to use their current mode due to a perceived lack of alternatives and do not value travel time as an opportunity to be productive."
42270995,"That person uses Public transports if: the destination is well-served by the network as part of a familiar and routine journey, allowing travel time to be used productively. Use Private modes if: the trip demands maximum flexibility in destination or timing that cannot be met by other modes. Use Soft modes if: the distance is short and the primary goal is to avoid the frustrations of traffic and parking. A key consideration in their choice is weighing the car's unparalleled freedom to go anywhere at any time against a strong aversion to being stuck in traffic and searching for a parking space; this decision is heavily influenced by a lifelong habit of using public transport and a complete comfort with traveling close to unknown people."
42270996,"That person uses Public transports if: the journey is a regular commute on a familiar and predictable route, allowing them to use their travel time productively. Use Private modes if: the trip is to an unfamiliar destination where public transport information is unclear, or when a direct door-to-door journey is essential. Use Soft modes if: the distance is short, ensuring a simple, direct trip that avoids the possibility of traffic or parking problems. A crucial factor in their choice is an intense dislike for being stuck in traffic and searching for parking, though this is counterbalanced by a strong frustration with public transport schedules that are difficult to understand."
42271015,"That person uses Public transports if: the journey is routine and follows a familiar, predictable route, allowing them to use their travel time productively. Use Private modes if: the trip demands absolute flexibility in destination or schedule, or involves activities that are otherwise impossible with fixed transit schedules. Use Soft modes if: the distance is short, and the primary goals are to reliably avoid traffic and incorporate physical activity. A crucial consideration for this person is the conflict between freedom and constraint; they strongly agree that while a car offers the ability to go wherever and whenever they want, using public transport would force them to cancel certain activities, a trade-off that is central to their decision-making despite strongly disagreeing with the notion of having a single usual means of transport."
42271065,"That person uses Public transports if: the journey is a simple, direct route without transfers and when driving is highly impractical due to severe traffic or guaranteed parking unavailability. Use Private modes if: the trip requires flexibility, involves multiple stops, or when punctuality is the highest priority, as they feel it allows them to go wherever and whenever they want. Use Soft modes if: the distance is short and the destination is in a congested area, allowing them to bypass the traffic they dislike. A key consideration is their strong aversion to being stuck in traffic, which directly conflicts with their view of the car as the most reliable and flexible option; while they are open to reconsidering their mode, this choice is heavily limited by a dislike for changing transport during a trip and a strong belief that using public transport would force them to cancel activities, a barrier compounded by their lack of knowledge of transit routes and schedules."
42271145,"That person uses Public transports if: the journey is direct and on a familiar route, allowing them to use their travel time productively, Use Private modes if: the trip is complex and would otherwise require multiple transfers, making a single-mode journey more appealing, Use Soft modes if: the destination is close enough for a convenient, door-to-door trip. A major consideration is that while they are an experienced public transport user with excellent knowledge of the network, they strongly dislike changing modes mid-journey and feel their current choice is often dictated by a lack of better alternatives."
42271395,"That person uses Public transports if: the journey is direct without requiring any transfers and goes to a destination where traffic or parking is expected to be difficult. Use Private modes if: the trip requires a high degree of flexibility that public transport cannot offer, such as visiting multiple locations, and parking at the destination is guaranteed and easy. Use Soft modes if: the distance is short, as this provides a direct journey that avoids the frustrations of both traffic and parking. A primary consideration is their extremely strong dislike of changing modes of transport during a single trip and their intense aversion to searching for a parking space, which heavily influences their choice."
42271424,"That person uses Public transports if: the journey requires a punctual arrival and the destination is well-served by the network, as they are an experienced and comfortable user. Use Private modes if: the trip demands maximum flexibility in destination or timing that other modes cannot accommodate. Use Soft modes if: the distance is short and the trip is not time-sensitive, allowing for a way to avoid traffic. A significant factor in their decision-making is their strong comfort with traveling near strangers, which makes public transport highly viable, although they find that car travel is not reliable for being on time and that some bus schedules are difficult to understand."
42280430,"That person uses Public transports if: the journey is a regular, familiar route that can be completed directly without changing vehicles, Use Private modes if: the trip requires a high degree of flexibility in timing or destination, and both traffic congestion and parking difficulties are expected to be minimal, Use Soft modes if: the distance is short, allowing for a direct door-to-door journey that avoids the hassles of traffic and parking. A primary consideration for this person is the need for a direct, single-mode journey, as they strongly dislike changing means of transport. While they value the absolute freedom a car provides to go anywhere at any time, this is heavily counteracted by a strong aversion to being stuck in traffic and the hassle of finding parking, which can make other direct modes more appealing."
42280539,"That person uses Public transports if: the journey is a routine trip to a familiar destination, allowing them to use their travel time productively, Use Private modes if: the trip demands a high degree of flexibility in destination or timing that they feel other modes cannot accommodate, Use Soft modes if: the trip is short and the main goal is to avoid the frustrations of traffic and parking. A primary consideration is their strong belief that a car provides ultimate freedom to go wherever and whenever they want, while their decisions are made without any influence from a personal connection to transport staff, as they do not know any of the drivers."
42330479,"That person uses Public transports if: the trip is for a regular activity along a familiar route that does not limit their ability to do other things, Use Private modes if: the journey requires flexibility in timing and destination to ensure they can participate in all desired activities, Use Soft modes if: the travel distance is short and the trip is for recreational or non-essential purposes. The primary consideration is the trade-off between the freedom a car provides to go anywhere and the perceived activity limitations of public transport. Despite disliking traffic and feeling comfortable around strangers on a bus or train, the need to avoid cancelling activities will likely dictate the choice of a private vehicle."
42340126,"That person uses Public transports if: the service is available and convenient, as it aligns with their positive social view of transit and allows them to avoid the strong boredom they feel in traffic. Use Private modes if: there is no other practical alternative for their journey, making it a choice of necessity rather than a preference for the vehicle's flexibility or reliability. Use Soft modes if: the distance is short and practical, offering a reliable way to completely bypass potential traffic congestion. A key consideration for this person is their strong aversion to being stuck in traffic, which is a primary decision factor, while feeling uncomfortable near strangers is not an issue at all; however, their choice is frequently constrained by a perceived lack of viable alternatives."
42340223,"That person uses Public transports if: the journey is simple, direct, and familiar, without requiring transfers or knowledge of complex schedules, Use Private modes if: they require absolute freedom in destination and timing, believing it is the only viable option to maintain their activity schedule, Use Soft modes if: the trip is short enough to completely avoid the significant frustrations of traffic and parking. This person is a conflicted driver, feeling trapped in their routine without alternatives despite strongly disliking traffic and searching for parking. A key consideration is the tension between their high value on the car's flexibility to go anywhere at any time and their strong belief that public transport improves the city, a mode they are prevented from using due to a critical lack of knowledge about its schedules."
42340373,"That person uses Public transports if: it is their habitual and only perceived option for their regular activities, Use Private modes if: it is their established routine and they believe no other viable way exists to reach their destination, Use Soft modes if: their necessary travel is over short distances and they feel there are no practical alternatives. A primary consideration is that this person's choice is highly influenced by constraint; they agree with the idea of using a specific mode because they have no alternative and stick to a usual mean of transport for their activities."
44630015,"That person uses Public transports if: it is a routine journey on a familiar route where the travel time can be used productively. Use Private modes if: the destination is poorly served by public transport or the trip requires a level of flexibility that enables activities that would otherwise be cancelled. Use Soft modes if: the distance is short, making it more practical than driving through traffic and finding parking. The final decision is driven by a conflict between their strong desire to use travel time productively and an intense dislike of being stuck in traffic, weighed against the belief that a car is essential for freedom and to avoid missing certain activities."
44630037,"That person uses Public transports if: it is a routine trip for which they feel there is no other practical option and the journey can be completed directly without transfers, Use Private modes if: the trip requires maximum flexibility in destination and schedule that other modes cannot provide, Use Soft modes if: the destination is close enough to completely avoid the hassles of traffic and the limitations of other transport systems. A key consideration is that this individual strongly values the freedom of going anywhere at any time but is equally deterred by being stuck in traffic and strongly dislikes having to change their means of transport during a trip."
44630249,"That person uses Public transports if: it is the only familiar and available option for a routine trip that can be completed without transfers, Use Private modes if: the destination is otherwise inaccessible or the journey's purpose absolutely requires a level of flexibility that public transport cannot provide, Use Soft modes if: the distance is short enough to be a convenient and direct alternative to the complexities of other modes. A critical factor in their decision-making is a profound aversion to changing modes during a trip; this, combined with a strong feeling that public transport forces them to cancel activities, makes them feel they have no real alternative, despite strongly disliking the traffic and parking hassles associated with cars."
44640015,"That person uses Public transports if: it is for a regular, known journey, as they rely on it due to a perceived lack of alternatives, leveraging their expert knowledge of the system's routes and schedules. Use Private modes if: a car is accessible, as this is their preferred option, strongly associated with the freedom to travel anywhere, anytime without restriction. Use Soft modes if: the trip is over a very short distance or serves as a necessary first or last-mile connection to another mode of transport. A significant consideration for this individual is the conflict between their current, constrained travel behavior and their ideal of freedom; they feel locked into their usual mode but would readily choose a car, as they are not deterred by common drawbacks like searching for parking and believe it enables a more active life."
44640054,"That person uses Public transports if: the destination is reachable via a direct, single-line journey and it is perceived as the only viable option available, Use Private modes if: there is absolutely no public transport service available for the trip, and punctuality is critical, Use Soft modes if: the destination is close enough to be reached directly and is the most straightforward travel option. A key consideration is that this person's choice is driven by a perceived lack of alternatives rather than preference, and they will strongly avoid any journey that involves traffic or requires changing their mode of transport."
44640148,"That person uses Public transports if: the destination is well-served by a direct and familiar route, Use Private modes if: the journey requires maximum flexibility for a destination where parking is known to be easy, Use Soft modes if: the trip is short, and the hassle of finding a parking spot for a car outweighs the convenience of driving. The decision-making is primarily driven by a conflict between the strong belief that a car offers unparalleled freedom to go wherever and whenever, and a significant dislike for looking for a parking place, which is balanced by the view that public transport does not restrict their activities."
44640165,"That person uses Public transports if: the journey is routine and predictable, falling within their lifelong habit and for which they feel there is no other viable alternative, Use Private modes if: the need for absolute freedom to go anywhere at any time is essential for the trip and cannot be met by other means, Use Soft modes if: the trip is short and local, allowing them to avoid the complexities of traffic, parking, and schedules altogether. A primary consideration is the conflict between the absolute freedom they associate with a car and their deep-rooted, habitual use of public transport; this decision is heavily influenced by a strong aversion to being stuck in traffic and searching for parking, which makes them believe a car is not a reliable option for arriving on time."
44640299,"That person uses Public transports if: the journey is a predictable, routine trip to a congested area with known parking difficulties, Use Private modes if: the trip requires a high degree of flexibility in destination or schedule that other modes cannot offer, Use Soft modes if: the destination is very close, making driving impractical due to parking hassles and potential traffic. A key consideration for this person is their powerful belief that a car provides the ultimate freedom to go wherever and whenever, though this is balanced by the fact they find public transport schedules very easy to understand, removing a significant barrier to its use for specific journeys."
44640437,"That person uses Public transports if: the destination is well-served by the network and the schedule allows them to conduct their planned activities, as this is their lifelong, expert, and preferred mode. Use Private modes if: it is the only viable option to perform an activity that is otherwise impossible, despite their strong dislike for looking for parking and belief that cars are unreliable for being on time. Use Soft modes if: the trip is short, for recreation, or serves as a convenient connection to a public transport hub. A key consideration for this person, who is extremely comfortable traveling close to strangers and knows the transit system by heart, is that they will only deviate from public transport if its limitations would force them to cancel an important activity."
44640446,"That person uses Public transports if: the destination is well-connected and predictable arrival times are important for routine travel, leveraging their lifelong familiarity with the system. Use Private modes if: the journey requires a high degree of flexibility in route or timing that public transport cannot offer. Use Soft modes if: the distance is short and the primary aim is to avoid traffic congestion. A key consideration in their choice is the conflict between their strong belief in the car's freedom to go anywhere at any time and their deep-seated, pro-social support for public transport. While they are a highly competent and lifelong user of buses and trains, the car's flexibility remains a powerful draw for specific trips; however, they will deliberately avoid it for time-sensitive appointments as they strongly disagree that it guarantees punctuality."
44640461,"That person uses Public transports if: the route is direct without requiring transfers and the alternative car journey is likely to encounter significant traffic, Use Private modes if: the journey requires maximum flexibility in destination or timing, or if it allows for a direct door-to-door trip where other modes would require transfers, Use Soft modes if: the distance is short, allowing for a direct, seamless journey that completely avoids traffic congestion. A key consideration for this individual is the strong aversion to both traffic delays and changing modes of transport during a trip; while they strongly value the car's ability to go anywhere at any time, their decision will heavily depend on whether the public transport option offers a direct, single-vehicle route, as they are perfectly comfortable traveling in close proximity to strangers."
44640462,"That person uses Public transports if: it is their habitual choice for nearly all routine travel, as they are a lifelong user with expert knowledge of the network and schedules. Use Private modes if: public transport is unavailable or cannot serve a specific, non-routine destination, forcing them to use an alternative they are not accustomed to. Use Soft modes if: the destination is very close, making a journey by public transport impractical, or for recreational purposes. A key consideration is that this person is a deeply habitual, lifelong public transport user who feels they have no other alternative for their travel; their decision-making is based on a fixed routine, supported by their expert knowledge of the transit system and finding its schedules very easy to understand."
44640516,"That person uses Public transports if: the journey is routine and follows a direct route that avoids road traffic and does not require any transfers. Use Private modes if: absolute flexibility in destination and timing is the highest priority, or for trips to locations not well-serviced by other options. Use Soft modes if: the distance is short, allowing for a direct and efficient trip that completely avoids the intense boredom they feel when stuck in traffic. A primary consideration for this person is their strong dislike of changing transportation during a trip, pushing them toward single-mode options. While they strongly value the car's freedom to go anywhere at any time, this is heavily counterbalanced by an equally strong aversion to being bored in traffic. Their decision-making is not influenced by societal benefits, as they strongly disagree that using a bus makes the city more comfortable or welcoming."
44670208,"That person uses Public transports if: the journey is for a regular activity, leveraging their lifelong habit and expert knowledge of the routes and schedules. Use Private modes if: the trip requires a high degree of flexibility to avoid having to cancel or forgo other activities. Use Soft modes if: the destination is very close or as a way to connect to a public transport station. A key consideration for this individual is the conflict between their ingrained habits and the need for flexibility; despite being an exceptionally confident lifelong public transport user who knows the system and drivers well, the primary reason to choose another mode is the belief that public transport is too restrictive and would cause them to miss out on activities."
44670377,"That person uses Public transports if: the journey is to a familiar destination with a predictable schedule, allowing for productive use of travel time and avoiding the stress of traffic. Use Private modes if: the trip requires absolute flexibility in timing and destination, enabling activities that would be impossible with a fixed schedule. Use Soft modes if: the distance is short and the goal is to completely bypass traffic congestion for a time-certain arrival. The critical consideration is the conflict between their desire for the absolute freedom a car provides and their strong aversion to being stuck in traffic and searching for parking, making them frequently reconsider their options based on the specific trip's requirements."
44690159,"That person uses Public transports if: the journey allows for productive use of time and is likely to involve traffic, as long as a direct route is available. Use Private modes if: the trip requires absolute flexibility in timing and destination that other modes cannot offer. Use Soft modes if: the distance is short, allowing for a flexible trip that avoids the stress of both traffic and parking. A key consideration for this person is the trade-off between the car's freedom to go anywhere at any time and the ability to use travel time productively, with the final choice being heavily influenced by a strong aversion to being stuck in traffic and a belief that public transit makes the city more welcoming."
44690160,"That person uses Public transports if: the destination is well-connected and the schedule is convenient, as this allows them to use their time productively while avoiding the stress of traffic and parking. Use Private modes if: the trip requires a high degree of flexibility in destination or timing that other modes cannot provide, forcing them to cancel or alter activities. Use Soft modes if: the distance is short and the weather is favorable, offering a simple and efficient way to travel without the risk of delays. A critical factor in their decision is constantly weighing the absolute freedom to travel anywhere at any time, which they strongly associate with a car, against their intense dislike for being stuck in traffic."
44690303,"That person uses Public transports if: the journey is direct without transfers, the schedule is familiar, and the travel time can be used productively without restricting their plans. Use Private modes if: the trip requires flexibility for multiple stops or activities that are not feasible within the constraints of public transport schedules. Use Soft modes if: the destination is close, enabling a simple, direct trip that avoids both the activity limitations of public transport and the parking hassles of a car. A key consideration for this person is their strong aversion to changing modes of transport during a single trip, and their choice is heavily dictated by a strong belief that public transport forces them to cancel activities, even though they are very comfortable with the system and highly value using travel time productively."
44690327,"That person uses Public transports if: it aligns with their lifelong habits and established routines, particularly for predictable journeys where traffic is a known issue. Use Private modes if: the trip requires a high degree of flexibility in timing and destination that other modes cannot offer, providing a strong sense of freedom. Use Soft modes if: the distance is short, allowing them to completely avoid both the frustration of traffic and the inconvenience of parking. A primary consideration for this individual is the trade-off between the car's perceived freedom and their profound dislike for being stuck in traffic; while they are a creature of habit with a lifetime of experience using public transport, their decision is always functional and uninfluenced by any social aspects of the journey."
47120261,"That person uses Public transports if: it is for any regular or familiar journey, as this is their lifelong and deeply ingrained habit. Use Private modes if: there is absolutely no other alternative and a vehicle is provided by someone else, as car ownership and use are outside their daily experience. Use Soft modes if: the destination is close enough for a direct, short journey that avoids any transfers. A critical factor is their powerful adherence to habit, as they strongly disagree with reconsidering their transportation choices and dislike changing modes during a trip; this is reinforced by their lifelong use of and deep familiarity with public transport, knowing schedules by heart and feeling completely comfortable traveling near strangers."
47120308,"That person uses Public transports if: the destination is difficult to access by car due to traffic or parking, and there is a simple, direct public transport route available, Use Private modes if: the trip requires flexibility in timing or destination that public transport cannot offer, Use Soft modes if: the trip is short and the route is simple, allowing them to avoid the major drawbacks of both motorized options. A critical consideration for this person is the conflict between the absolute freedom a car provides and their strong aversion to its unreliability, traffic, and parking hassles; they feel public transport severely restricts their activities and find its schedules confusing, which means any choice they make often feels like the only viable, albeit imperfect, option for that specific journey."
47120343,"That person uses Public transports if: the trip is predictable, traffic is a significant concern, and travel time can be used productively, Use Private modes if: there is no other viable alternative for the journey and the destination requires maximum flexibility to go anywhere at any time, Use Soft modes if: the distance is short and the primary goal is to avoid traffic congestion for a local trip. A key consideration is the conflict between their strong belief that a private car provides ultimate freedom and their intense boredom with traffic, coupled with a lack of confidence that it will ensure punctuality; this decision is further shaped by a high priority on using travel time productively and a feeling of having no real alternative to their usual mode of transport."
47120437,"That person uses Public transports if: it is a regular trip for which they have expert knowledge of the routes and schedules, Use Private modes if: it is an exceptional journey where no other option is available and they are dependent on someone else for a ride, Use Soft modes if: the destination is very close or to connect to a bus or train station. A key consideration is that this person feels they have no alternative to their usual transport and strongly disagrees that a car offers freedom and flexibility, even while acknowledging that relying on public transport sometimes limits their activities."
47120489,"That person uses Public transports if: the destination is known to have severe parking difficulties and heavy traffic, and the public transport route is simple and direct, requiring no changes, Use Private modes if: the journey requires flexibility in timing and destination, and a direct, reliable trip is a priority, Use Soft modes if: the distance is very short and the hassle of finding a parking spot outweighs the convenience of driving. The decision is primarily driven by a strong belief in the car's freedom and reliability, but this is challenged by a significant dislike for traffic and parking hassles; a critical consideration preventing a shift in behavior is a fundamental lack of knowledge about public transport routes and schedules, effectively making the car the most viable option for them."
47120603,"That person uses Public transports if: driving is unfeasible due to guaranteed parking unavailability or extreme traffic, and the journey is direct enough not to restrict their planned activities. Use Private modes if: for nearly any journey, as this is their default choice, driven by a strong belief that it is their only option and provides essential freedom to go wherever and whenever they want. Use Soft modes if: the distance is very short, making it more convenient to walk or cycle than to deal with the frustrations of traffic and parking. A critical consideration is the person's feeling of being a captive user of their private car, which they believe offers unparalleled freedom, even while they strongly dislike the associated traffic and parking challenges. Any alternative is unlikely to be chosen due to a discomfort with traveling near strangers and a conviction that public transport would limit their activities, a belief evidenced by their complete unfamiliarity with its schedules."
47120665,"That person uses Public transports if: their primary mode of transport is unavailable for a specific trip, Use Private modes if: it is their habitual choice for most activities, valued for the freedom to go wherever and whenever they want, Use Soft modes if: the destination is exceptionally close for a minor errand or recreational purpose. A significant consideration for this individual is their strong reliance on a usual means of transport, which they use because they feel they have no alternative."
47120763,"That person uses Public transports if: the destination is known to have difficult or expensive parking, and the journey can be completed with a direct, single-service route, Use Private modes if: the trip requires maximum flexibility in timing and destination, and convenient parking is available, Use Soft modes if: the trip is for a short and predictable distance where driving and parking would be more hassle than the journey itself. A key consideration is the conflict between their strong belief in the car's freedom to go anywhere at any time and their intense dislike for looking for a parking place, a decision that is reinforced by their high tolerance for traffic and a strong reluctance to reconsider their travel habits."
47121036,"That person uses Public transports if: the destination is well-served by the network and the trip is predictable, as they are knowledgeable and feel comfortable with the system. Use Private modes if: the journey requires significant flexibility to enable activities that would otherwise be cancelled or to reach destinations not easily accessible by other means. Use Soft modes if: the trip is short and local, where avoiding the stress of looking for parking is a primary goal. A significant consideration is that this person relies heavily on routine, sticking to a usual mode of transport for their activities, and holds a strong conviction that public transport improves the city's environment, while conversely, they do not find cars to be a reliable means for arriving on time and are perfectly comfortable traveling close to strangers."
47121039,"That person uses Public transports if: it is for their regular activities, as this is their lifelong and primary available option. Use Private modes if: a ride is offered by someone else, allowing them to participate in activities that public transport prevents. Use Soft modes if: the trip is over a short distance, offering a simple alternative to navigating the transit schedules they find difficult to understand. A significant consideration is that this person, a lifelong public transport user, frequently reconsiders their mode choice because they struggle with complex schedules, even though they are notably unbothered by travel delays like traffic."
47130065,"That person uses Public transports if: the journey is time-sensitive and the destination is well-connected, as this avoids traffic and allows for productive use of time, Use Private modes if: the trip requires a high degree of flexibility for reaching poorly-served locations or for complex itineraries that would otherwise be impossible, Use Soft modes if: the distance is short, providing a reliable way to bypass traffic congestion and the difficulty of finding parking. A primary consideration for this person is their strong aversion to being stuck in traffic, which makes them doubt the punctuality of private cars; they are a highly flexible traveler who frequently reconsiders their options and is comfortable with transfers, making them very open to using the most efficient mode for any given journey."
47130407,"That person uses Public transports if: the trip is a routine journey for which they feel there are no viable alternatives, and the route is well-known and direct, Use Private modes if: the destination is not easily accessible by their usual transport, the schedule is irregular, or when maximum flexibility and perceived punctuality are required, Use Soft modes if: the trip is very short and serves as a practical way to avoid the constraints of other transport options. A key consideration is their strong preference for direct, single-mode journeys, as they dislike transfers; while they feel their usual mode choice is constrained by a lack of alternatives, they perceive the car as the most reliable option for flexibility and punctuality, yet will seek to avoid routes with heavy traffic."
47130471,"That person uses Public transports if: driving is not a viable option due to predictable severe congestion and the journey can be completed without transfers, Use Private modes if: the trip requires flexibility in timing and destination, and personal space is a priority, Use Soft modes if: the destination is very close, allowing for a simple, door-to-door journey that avoids the stress of potential traffic. A key consideration is that this person is a creature of habit who strongly values the freedom and personal space a private car provides, and they dislike journeys that require transfers; however, their choice is significantly influenced by a strong aversion to traffic congestion, as they recognize that driving does not guarantee an on-time arrival and they do not view travel time as an opportunity to be productive."
47130729,"That person uses Public transports if: it is for their regular, habitual activities, leveraging their deep knowledge of the system and a sense of community. Use Private modes if: the journey requires a high degree of flexibility to reach destinations or travel at times not covered by public schedules. Use Soft modes if: the trip is over a short distance where other modes would be inefficient. A key consideration is that their choice is driven by a powerful sense of habit and a strong belief in the civic benefit of public transport, which is personally reinforced by knowing the service staff; they actively choose their mode, feeling they are not limited by a lack of alternatives."
50260131,"That person uses Public transports if: the journey is predictable and allows for the productive use of travel time, leveraging their expert knowledge of routes and schedules. Use Private modes if: there is no other viable alternative for a specific destination, as they are not a regular user of private vehicles. Use Soft modes if: the distance is short and it is the most direct and efficient way to avoid potential traffic. A key consideration is that this person strongly values using their travel time productively and is very bored by being stuck in traffic, causing them to frequently reconsider their transportation choices to best suit the specific trip, even if they have a usual mode for daily activities."
50260144,"That person uses Public transports if: the destination has severe parking issues or guaranteed traffic congestion, and a direct, single-vehicle route is available, Use Private modes if: the trip requires flexibility in timing or destination and they want to avoid the activity limitations they associate with other modes, Use Soft modes if: the destination is very close and the trip is too short to justify the hassle of driving and parking. A key consideration is their deep-seated habit and the belief that only a private car provides the freedom to go anywhere at any time without having to cancel activities; while they strongly dislike transfers and being stuck in traffic, this frustration is unlikely to change their behavior as they do not reconsider their travel choices."
50260165,"That person uses Public transports if: the service provides a direct route to their destination without any transfers, as this is their most familiar and proficient option, Use Private modes if: it is the only available option to reach a destination that is not directly served by public transport, Use Soft modes if: the entire journey is short enough to be completed as a single trip, for example, by walking directly from origin to destination. A critical factor in their decision-making is a very strong aversion to changing modes of transport during a single trip, combined with a feeling that their choices are often dictated by a lack of viable alternatives; however, they possess an expert-level knowledge of local public transport routes and schedules, which they will leverage whenever a direct journey is possible."
50260183,"That person uses Public transports if: it is a regular, planned activity, leveraging their expert knowledge of the routes and schedules which they know by heart, Use Private modes if: the trip requires a high degree of flexibility to go anywhere at any time and punctuality is not the main concern, Use Soft modes if: the distance is short or as a seamless part of a multi-modal journey. A key consideration for this individual is that they make a conscious, unforced choice for their travel, strongly believing that using a car does not guarantee an on-time arrival and that public transport does not limit their activities in any way."
50260276,"That person uses Public transports if: the trip is routine, follows a direct route, and goes to a destination where parking a car would be a significant hassle. Use Private modes if: the journey requires maximum flexibility in timing and destination, particularly when parking is readily available and traffic is not a primary concern. Use Soft modes if: the distance is short, allowing them to completely avoid the frustrations of both traffic and crowded vehicles. The decision is a constant trade-off between the car's perceived freedom to go wherever and whenever they want, and their strong aversion to looking for a parking space; while they find public transport schedules easy to understand, a lack of ingrained knowledge about the network limits its use for spontaneous journeys."
50270029,"That person uses Public transports if: it is for a regular, habitual trip, as they feel they have no other choice and know the routes very well. Use Private modes if: a specific trip requires avoiding proximity to strangers or goes to an unfamiliar area not covered by their known transit network. Use Soft modes if: the journey is short and predictable, allowing them to maintain personal space. A key factor is their strong belief that they have no real alternative for their travel, despite being very uncomfortable near strangers. While they are knowledgeable about transit routes and do not feel it limits their activities, their lack of familiarity with specific schedules indicates their travel choice is based more on obligation than a desire for convenience."
50270030,"That person uses Public transports if: it is for a regular, habitual journey for which they are an expert user and feel they have no other option, Use Private modes if: the trip requires a level of freedom and flexibility to complete activities they believe are impossible on a fixed schedule, Use Soft modes if: the destination is very close and not part of a larger, complex trip. A primary consideration for this person is the conflict between being a lifelong, captive public transport user and the strong belief that this mode forces them to cancel certain activities, a limitation they feel is only solved by the absolute freedom a private car provides."
50270088,"That person uses Public transports if: the trip is predictable, allowing them to leverage their deep knowledge of the system and use the travel time productively, Use Private modes if: the trip's complexity or destination is not well-served by public options, forcing them to choose a car to avoid cancelling activities, Use Soft modes if: the journey is short, and the primary goal is to bypass the hassles of traffic and parking that they dislike. A key consideration is their strong desire to use travel time productively, which is weighed against the limitation that public transport can force them to cancel activities; they also firmly disagree that a car guarantees an on-time arrival."
50270163,"That person uses Public transports if: the trip is a routine journey on a route for which they know the schedule by heart, Use Private modes if: the journey requires flexibility in timing or destination, or when avoiding crowds is a priority, Use Soft modes if: the distance is short, allowing for personal travel with independence and personal space. A key consideration is their strong discomfort when traveling close to people they do not know, which may lead them to choose a private car even when public transport is a familiar and viable option."
50270287,"That person uses Public transports if: the destination is well-connected and the journey is predictable, leveraging their deep knowledge of the system, Use Private modes if: the trip's complexity or destination makes flexibility essential, allowing them to chain activities that would otherwise be impossible, Use Soft modes if: the distance is short, allowing them to completely avoid the traffic and parking frustrations they dislike. A significant consideration is their exceptionally strong and positive connection to public transit; they feel it is a civic good, are completely comfortable traveling with strangers, and find the system very easy to navigate, which means this preference is only overridden when they believe using it would force them to cancel certain activities."
50270288,"That person uses Public transports if: it is a regular, habitual journey, as they are a highly knowledgeable lifelong user who feels they have no other viable option. Use Private modes if: the trip is non-routine and requires the absolute flexibility to go anywhere at any time, to a destination not well-served by their known transit routes. Use Soft modes if: the journey is very short and direct, not requiring a transfer to another mode of transport. A primary consideration for this person is their strong preference for direct, single-mode journeys and a profound dislike of being stuck in traffic; while they are a captive and lifelong public transport user who is very comfortable traveling near strangers, they strongly value the go-anywhere freedom a car provides for specific, non-habitual trips."
50270318,"That person uses Public transports if: there is no viable alternative for the trip or when the hassles of driving, such as guaranteed parking difficulties, are extreme. Use Private modes if: the trip requires flexibility in timing and location, and when being on time is critical, making it their habitual choice. Use Soft modes if: the distance is very short and the destination is convenient, making it simpler than taking a car. A primary consideration is the strong belief that a private car offers unparalleled freedom to travel anywhere at any time and ensures punctuality, coupled with a significant aversion to trips that require changing modes of transport."
50270415,"That person uses Public transports if: the destination is well-served by a familiar, direct route, especially when the alternative car journey is likely to involve traffic, Use Private modes if: their activities require a level of flexibility or access to destinations that the public network cannot provide, Use Soft modes if: the trip is for a short distance, allowing them to completely avoid the frustrations of traffic and parking. A primary consideration is their strong aversion to being stuck in traffic, which reinforces their lifelong habit of using public transport; however, this can be overridden if they believe public transport would prevent them from accomplishing their desired activities or if the journey requires inconvenient transfers."
50270435,"That person uses Public transports if: the destination is part of their well-known network, allowing for a predictable journey where travel time can be used productively, Use Private modes if: the trip requires a high degree of flexibility for activities or destinations that are inaccessible by other means, Use Soft modes if: the trip is for a short and routine distance where avoiding potential traffic is the main priority. A primary consideration is the person's strong aversion to being stuck in traffic, which is a significant deterrent to car use; this is reinforced by their expert knowledge of public transport schedules and complete comfort traveling around strangers, making it a highly efficient and preferred option that they feel they actively choose rather than being forced into."
50270501,"That person uses Public transports if: the destination has severe parking difficulties and the route is simple and direct, as they are unfamiliar with the system and dislike transfers. Use Private modes if: they need the flexibility to go wherever and whenever they want, which is their primary motivation, and to ensure they arrive on time without limiting their activities. Use Soft modes if: the destination is extremely close, making a car trip impractical. A key consideration is the person's powerful belief that a private car offers unparalleled freedom, while a significant factor preventing public transport use is their profound lack of knowledge of the schedules and system, coupled with the fact they do not see travel time as an opportunity to be productive."
50270533,"That person uses Public transports if: driving is completely impractical due to extreme traffic or lack of parking and the journey is on a simple, direct route, Use Private modes if: they need the flexibility to go anywhere at any time and perceive it as their only viable option, Use Soft modes if: the destination is very close and the hassle of parking a car outweighs the convenience for such a short trip. A key consideration is that this person feels they have no alternative to their current mode, which they believe offers complete freedom, yet they are strongly frustrated by being stuck in traffic; their complete lack of knowledge of public transport schedules and indifference to using travel time productively are significant barriers to changing their behavior."
50270667,"That person uses Public transports if: the journey is routine, traffic is expected, and parking at the destination is inconvenient. Use Private modes if: the trip requires a high degree of flexibility in timing and destination that cannot be met by other options. Use Soft modes if: the distance is short, and the trip allows for a direct journey that avoids the significant hassles of traffic and parking. A key consideration is the strong conflict between their boredom with traffic and the belief that a car provides total freedom to go wherever and whenever, coupled with a powerful feeling that their usual mode of transport is chosen simply because there is no alternative."
50270668,"That person uses Public transports if: the route is efficient, direct, and helps them avoid the stress of traffic and parking, Use Private modes if: the trip requires maximum flexibility, involves complex routes not covered by other modes, or when they feel there is no other viable option, Use Soft modes if: the distance is short and the trip is local, allowing them to completely bypass the frustrations of traffic and parking. A key consideration for this person is the conflict between the absolute freedom a car provides and their strong aversion to being stuck in traffic, which often makes their choice of transport feel like there is no good alternative for their routine journeys."
50270775,"That person uses Public transports if: it is the only possible option for a destination completely inaccessible by a private vehicle, Use Private modes if: it is their default and habitual choice for all activities, Use Soft modes if: the destination is extremely close and driving is impractical. This person's choice is heavily influenced by the strong conviction that no viable alternatives exist, relying on their private vehicle for essential freedom and ensuring on-time arrival, though they do dislike searching for a parking space."
50760031,"That person uses Public transports if: the journey is a familiar, direct route that can be made outside of peak hours to avoid crowding, Use Private modes if: the trip requires high flexibility for complex or multi-stop journeys where parking is guaranteed and traffic is minimal, Use Soft modes if: the distance is short enough for a quick, direct trip that bypasses issues of traffic, parking, and proximity to others. A decisive factor in their choice is a strong desire to avoid negative experiences, as they are particularly bothered by being stuck in traffic, searching for parking, and traveling in crowded spaces with strangers, and they strongly prefer not to change their means of transport during a single journey."
50760085,"That person uses Public transports if: the journey is a regular, predictable trip to a destination with poor parking availability, especially if it can be completed directly without transfers. Use Private modes if: the trip requires maximum flexibility in timing and destination and convenient parking is assured. Use Soft modes if: the journey is for a short, routine trip to a nearby location, which completely avoids parking concerns. A key consideration for this individual is that they are strongly driven by habit and do not reconsider their mode of transport, which creates a conflict between their belief that a car offers the ultimate freedom to go anywhere at any time and their strong dislike of looking for a parking space."
50760132,"That person uses Public transports if: it is their habitual and only perceived option for routine travel, Use Private modes if: a trip is otherwise impossible and would lead to canceling activities, Use Soft modes if: the destination is very close and it is the most straightforward option available. A key consideration is that this person is very habit-driven and will only deviate from their usual mode if they believe it would force them to cancel activities; notably, being stuck in traffic is not a deterrent for them, making them unusually tolerant of congested travel conditions."
50760217,"That person uses Public transports if: the journey is a familiar, direct, and routine trip for which they perceive no other viable alternative. Use Private modes if: the travel requires flexibility, enables activities that would otherwise be cancelled, or goes to a destination not easily reached by a single public transport vehicle. Use Soft modes if: the destination is very close for a simple, habitual purpose, making other modes impractical. A significant consideration is their powerful aversion to changing their habits or making transfers, as they feel their current mode is their only option and believe public transport fundamentally restricts their activities, a stark contrast to the perceived freedom of a private car."
50760247,"That person uses Public transports if: the journey is direct without any transfers and the destination has severe parking restrictions, Use Private modes if: the journey is perceived as having no viable alternative and offers maximum flexibility, especially when parking is predictable, Use Soft modes if: the distance is very short, making the hassle of driving and parking impractical. A key consideration for this individual is their strong preference for direct, single-mode journeys, as they dislike transfers. While they value the car's freedom to go anywhere, their choice is heavily influenced by a strong aversion to looking for a parking place, and their use of public transport is limited by finding schedules difficult to understand."
50760334,"That person uses Public transports if: the journey is simple, requires no transfers, and allows them to contribute to a more welcoming city, Use Private modes if: the trip requires absolute freedom in schedule and destination, reflecting their default, habit-based choice, Use Soft modes if: the destination is nearby, allowing for a direct, short, and convenient trip. The overriding factor in their decision is a strong aversion to changing modes of transport during a trip; while they strongly value the car's go-anywhere-anytime freedom, this is counterbalanced by a civic-minded belief in the benefits of public transit, making them open to it for direct routes despite not being a deeply ingrained user."
50760357,"That person uses Public transports if: the destination is known for heavy traffic and difficult parking, making driving impractical. Use Private modes if: the trip requires a high degree of flexibility to visit multiple locations or they feel it is the only way to accomplish all their planned activities. Use Soft modes if: the distance is short and the primary goal is to completely avoid the stress of traffic and the frustration of finding parking. A key consideration is their strong aversion to being stuck in traffic and searching for a parking space, which will often guide their choice away from a private car; conversely, they are very comfortable traveling close to strangers, so crowdedness on public transport is not a deterrent."
50760483,"That person uses Public transports if: it is a familiar and routine trip, leveraging their lifelong experience and comfort with the system, Use Private modes if: punctuality is the absolute priority for a trip where traffic and parking are not anticipated to be significant issues, Use Soft modes if: traveling short distances or as a necessary link in a multi-modal public transport journey. The primary decision-making conflict for this person is between the car's perceived guarantee of arriving on time and their strong dislike for traffic and parking, with a crucial factor being their identity as a lifelong public transport user who strongly embraces making transfers between different modes."
50760485,"That person uses Public transports if: the journey is direct and follows a familiar route, allowing for the productive use of travel time. Use Private modes if: the destination is not easily accessible by other means, offering complete freedom of movement where traffic and parking are not major issues. Use Soft modes if: the distance is short and a direct door-to-door trip is needed to avoid the frustrations of traffic. A primary consideration for this individual is the strong preference for a direct journey without changing their means of transport; however, their choice is significantly influenced by a uniquely positive social connection to public transit, as they know some of the drivers on their regular routes."
50780009,"That person uses Public transports if: the journey is a familiar, direct route to a well-serviced area, leveraging their lifelong experience with the system to avoid traffic and parking hassles. Use Private modes if: the trip requires a high degree of flexibility in destination or timing that public transport cannot offer, or involves activities that would otherwise be cancelled. Use Soft modes if: the destination is close enough that walking or biking is the most straightforward and efficient door-to-door option. A primary consideration for this person is their strong aversion to changing means of transport during a trip; despite being a proficient lifelong public transport user, they will default to a private car if a journey requires transfers, as they feel the car provides superior freedom to go wherever and whenever."
50780010,"That person uses Public transports if: the journey is a familiar, routine trip where their extensive knowledge of routes and schedules makes it a comfortable and predictable option. Use Private modes if: arriving on time is the most critical factor or the destination requires a level of flexibility other modes cannot provide. Use Soft modes if: the distance is short, allowing them to completely avoid the stress of traffic and the difficulty of finding parking. A primary consideration is that while they are a deeply habitual public transport user who even knows some drivers, their strong belief that a car is the most reliable way to be on time will be the decisive factor for any journey where punctuality is essential."
50780055,"That person uses Public transports if: the destination has significant parking difficulties, making their usual mode inconvenient, Use Private modes if: it is for their regular activities, as they perceive it as their only viable option and strongly value the freedom to go wherever and whenever they want, Use Soft modes if: the travel distance is very short and taking a car would be impractical. A key consideration is that this person's choice is heavily influenced by the strong belief that a private vehicle provides complete freedom to travel anywhere at any time, which is reinforced by a feeling that they have no other real alternative for their needs."
50780404,"That person uses Public transports if: the destination is known for traffic and is accessible via a direct route without transfers. Use Private modes if: flexibility in time and destination is paramount and the trip can be made directly without changing vehicles. Use Soft modes if: the distance is short, allowing for a direct door-to-door journey that avoids traffic. The decision is heavily influenced by a strong aversion to changing modes of transport during a trip and the deeply held belief that the car provides unparalleled freedom and flexibility."
52720229,"That person uses Public transports if: the destination is known to have severe parking difficulties, which outweighs the perceived restrictions of the service. Use Private modes if: this is their default, habitual choice for nearly all activities, driven by a powerful belief in the car's freedom to go anywhere at any time. Use Soft modes if: the trip is very short and local, where the hassle of parking their car is clearly not worth the effort. A significant consideration is the conflict between the car's perceived freedom and a strong dislike for finding parking; however, an unusual tolerance for traffic congestion means that parking availability, not potential delays, is the primary factor that would make them consider an alternative to their car."
52720571,"That person uses Public transports if: the journey is for a familiar route where the network and schedule information are clear and easily accessible, Use Private modes if: the trip requires a high degree of flexibility in destination or timing and can be made during off-peak hours to avoid congestion, Use Soft modes if: the distance is short enough to provide a predictable and efficient alternative to traffic. A major consideration is their strong dislike for traffic, which is a primary deterrent from using a car. However, an important exception is that they are not bothered by looking for a parking space, which removes a significant barrier to private vehicle use. While they are experienced with public transport, they strongly disagree with knowing schedules by heart, making the clarity and accessibility of travel information a critical factor in their choice."
52720593,"That person uses Public transports if: they feel they have no other viable alternative for a very simple and direct trip, as their private vehicle is unavailable. Use Private modes if: the trip requires the flexibility to go anywhere at any time or to combine multiple activities, which they believe is impossible otherwise. Use Soft modes if: the destination is close enough to completely avoid the traffic they strongly dislike and the complexity of other systems. A primary consideration for this person is the conflict between the absolute freedom a car provides and their intense boredom with traffic, creating a sense of being trapped because they perceive public transportation as too restrictive and its schedules too difficult to understand, admitting they know very little about the system."
52720643,"That person uses Public transports if: it is for their regular activities, as they are a deeply habitual and proficient lifelong user who is intimately familiar with the system and its schedules. Use Private modes if: a destination is completely inaccessible by other means, and the need for absolute flexibility is critical enough to overcome their profound dislike for traffic and parking. Use Soft modes if: the destination is close enough that walking or cycling is more convenient and direct than waiting for a bus or train. This person's behavior is extremely rigid and they will not reconsider their mode choice, with a primary consideration being their intense aversion to being stuck in traffic and searching for parking, which reinforces their belief that they have no alternative to their usual mode of transport."
52730081,"That person uses Public transports if: their primary private mode is unavailable and the journey can be completed on a single, direct line, especially if it allows them to avoid guaranteed and severe traffic. Use Private modes if: the trip requires maximum flexibility in destination or timing, as this is their habitual choice driven by a strong belief in its freedom and a perceived lack of other viable options. Use Soft modes if: the distance is very short, allowing them to completely bypass the traffic they strongly dislike, and the trip's purpose does not require carrying heavy items. A key consideration for this individual is the conflict between the absolute freedom they feel a car provides and their strong boredom with being stuck in traffic; they feel captive to their usual mode of transport, and any change is further discouraged by their discomfort traveling near strangers and their dislike for transfers."
52730184,"That person uses Public transports if: the destination is in a congested area with significant parking challenges, and the journey can be completed on a single, direct line without transfers. Use Private modes if: the trip requires absolute flexibility in timing and destination, as this is perceived to be the only reliable option for being on time. Use Soft modes if: the travel distance is very short for a non-essential trip, making the hassle of driving and parking outweigh the convenience. A primary consideration for this person is their strong conviction that they lack viable alternatives for their travel, combined with a belief that only a car offers true freedom and punctuality, and they will strongly avoid any trip that requires changing their means of transport."
53060149,"That person uses Public transports if: it is the only perceived option for their established, routine travel, leveraging their lifelong experience with the system. Use Private modes if: a direct journey is offered by someone else that enables activities they believe are impossible with public transport. Use Soft modes if: the trip is short and direct, allowing them to avoid the inconvenience of transfers between different transport lines. A key consideration is their strong aversion to changing modes during a journey, making single-vehicle trips highly preferable. While they feel their choice is forced by a lack of alternatives and that it limits their activities, they are a creature of habit who is unbothered by traffic delays and unlikely to change their behavior unless a significantly more convenient, direct option becomes available."
53060658,"That person uses Public transports if: the trip is a regular, familiar route that does not require transfers and fits well within their established schedule, Use Private modes if: the destination is not easily accessible by a direct public transport route or when the trip requires a high degree of flexibility in timing or carrying capacity, Use Soft modes if: the journey is short and direct, allowing them to completely avoid the frustrations of traffic and parking. A key consideration for this individual is their strong preference for direct, single-mode journeys, which clashes with their deep aversion to traffic congestion; while they highly value the freedom a car provides to go anywhere at any time, this is significantly tempered by the frustration of being stuck in traffic."
54200161,"That person uses Public transports if: the destination is well-served by the network, allowing for productive use of travel time, Use Private modes if: there is no perceived alternative and the trip requires the unique flexibility to go anywhere at any time, Use Soft modes if: the distance is short, especially as part of a journey involving transfers between different modes. A primary consideration is that this person is a highly flexible traveler who does not have one usual mode of transport and is very comfortable with transfers. While they are a lifelong, expert public transport user who strongly believes it does not limit their activities, they also strongly value the car's ability to go anywhere at any time, choosing it when they feel no other alternative exists for a specific journey."
54200233,"That person uses Public transports if: it is for a routine, habitual journey where they know the system perfectly, Use Private modes if: the destination is not well-served by their usual transit options or when they need the flexibility to do other activities that public transport would prevent, Use Soft modes if: the trip is very short or serves as a connection to their primary mode of transport. A key consideration is that while they feel they have no alternative to their usual mode, they strongly believe a car provides freedom to go anywhere at any time, which they feel public transport prevents. This person is very comfortable traveling near strangers but strongly dislikes being stuck in traffic and feels that using public transport forces them to cancel activities."
54200490,"That person uses Public transports if: it is for their regular, habitual trips where they feel it is their only practical choice, Use Private modes if: they require the freedom to travel to diverse locations or engage in activities they feel are impossible to reach otherwise, Use Soft modes if: the journey is short and direct, allowing them to avoid the traffic they dislike. A significant consideration is their preference for direct journeys and a belief that a car is necessary to maintain their lifestyle, which is reinforced by a lack of knowledge about the broader public transport network beyond their usual route."
54200563,"That person uses Public transports if: the destination is in a congested area with difficult parking, and the journey is direct without requiring transfers. Use Private modes if: being on time is the absolute priority, as they perceive the car as the only truly reliable option for punctuality. Use Soft modes if: the trip is for a short distance where travel time is not a critical factor. The most significant consideration is their powerful conviction that using a car ensures punctuality; this belief often outweighs their frustrations with traffic, the hassle of parking, and the limitations they perceive in public transportation."
54200612,"That person uses Public transports if: the journey allows for productive use of time and avoids the known frustrations of traffic and parking, especially since they are comfortable with transfers and traveling near strangers. Use Private modes if: the need for absolute freedom in destination and timing is paramount, and they perceive it as the most reliable way to be on time, despite the potential for traffic. Use Soft modes if: the trip is short and the main goal is to completely avoid the hassles associated with car use, such as traffic and parking. A key consideration for this individual is that they frequently reconsider their mode choice, making a pragmatic decision for each trip by weighing the car's perceived freedom and reliability against their strong dislike for being stuck in traffic and searching for parking."
54200685,"That person uses Public transports if: the destination has extremely difficult or expensive parking and the journey is direct without transfers, Use Private modes if: this is their default choice for nearly all trips, as they value the flexibility and reliability to go wherever and whenever they want, Use Soft modes if: the trip is short and local, making it more convenient to avoid the hassle of traffic and finding a parking spot. A major consideration is that this person is a creature of habit who relies on a usual mode of transport; they have a profound lack of regular use or lifelong experience with public transportation, making any deviation from their routine unlikely."
54200782,"That person uses Public transports if: the destination is well-served by a route they are familiar with and when they feel it is the only practical option for a routine journey. Use Private modes if: the trip demands a level of flexibility in timing or location that public transport cannot provide, particularly when the hassles of traffic and parking are expected to be minimal. Use Soft modes if: the distance is short, allowing them to avoid the complexities of both driving in traffic and deciphering confusing public transport schedules. A key consideration in their decision-making is the conflict between their strong belief that using the bus benefits the city and their personal experience that public transport schedules are often difficult to understand and can limit their ability to do other activities."
54200884,"That person uses Public transports if: it is for their regular, daily travel, leveraging their deep, lifelong familiarity and comfort with the system. Use Private modes if: a destination is completely inaccessible by the public network, forcing it as a reluctant last resort. Use Soft modes if: the journey is over a short distance or is needed to connect to a bus or train. A primary consideration is their strong belief in the social good of public transit, as they are very comfortable traveling near strangers and disagree that cars offer a reliable arrival time."
54201031,"That person uses Public transports if: the destination is accessible by the network, as this is their default and deeply ingrained habit, Use Private modes if: the trip is highly impractical by any other means, such as when transporting bulky items or traveling to a remote area with no service, Use Soft modes if: the journey is short, as it provides a convenient way to completely avoid traffic and parking. A key consideration is that their strong aversion to traffic and lifelong comfort with the public transport system make it their preferred choice, as they feel at ease traveling with strangers and believe in the collective benefit of public transit."
54201201,"That person uses Public transports if: the destination is known to have significant parking challenges and the journey allows for productive use of time. Use Private modes if: it is perceived as the only viable option, especially when the flexibility to go anywhere at any time is paramount. Use Soft modes if: the trip is for a short, routine errand where the hassle of driving and parking outweighs the convenience. A major consideration for this individual is the conflict between the belief that they have no alternative to their car and the freedom it provides, versus their strong dislike for finding a parking space, meaning they are unlikely to change their habitual behavior unless forced by a significant barrier."
54260138,"That person uses Public transports if: the destination is known to have significant traffic congestion and limited parking, and a direct, single-vehicle route is available, Use Private modes if: the destination is difficult to reach by other means or when the journey requires maximum flexibility in schedule and route, Use Soft modes if: the trip is short, and the destination is close enough that driving is impractical due to parking and traffic concerns. A primary factor in their decision is the strong aversion to both traffic congestion and the hassle of finding parking, which often outweighs their default preference for the car's flexibility, but any considered alternative must offer a direct journey without transfers."
54260172,"That person uses Public transports if: the destination is known to have extremely difficult or expensive parking and the journey can be completed on a single, direct route, Use Private modes if: the journey requires flexibility in timing or location and a seamless, door-to-door trip is essential, Use Soft modes if: the distance is short and the destination is close enough that dealing with traffic and parking is more inconvenient than walking or cycling. A primary consideration is the trade-off between the unparalleled freedom a car provides to go anywhere at any time and a strong dislike for the process of finding a parking space; additionally, there is a very strong preference for direct journeys that do not involve changing the means of transport."
54260212,"That person uses Public transports if: the journey is a familiar, routine trip where the difficulty of parking a car at the destination outweighs the discomfort of the journey, Use Private modes if: the trip requires absolute flexibility in timing and destination to avoid cancelling activities, Use Soft modes if: the destination is nearby and the hassle of finding a parking space is a primary concern. A key consideration for this individual is the significant conflict between their strong discomfort traveling close to people they do not know and their identity as a lifelong public transport user, which is further complicated by a strong belief that their car provides the ultimate freedom to go wherever and whenever they please."
54260217,"That person uses Public transports if: it is for a routine, predictable journey on a familiar route, Use Private modes if: the trip is spontaneous or the destination is not well-served by their regular transit network, Use Soft modes if: the distance is short enough to be a practical way to avoid traffic and parking issues. A key consideration is that this person, a lifelong public transport user, feels captive to their current mode for regular trips but strongly associates the car with absolute freedom for spontaneous travel; their decision-making is critically shaped by a profound aversion to traffic and a complete comfort with traveling among strangers."
54260331,"That person uses Public transports if: the journey is direct without requiring changes and the destination has predictable traffic or parking challenges, Use Private modes if: the trip requires maximum flexibility in timing or destination and the route is expected to be free of congestion with readily available parking, Use Soft modes if: the distance is short, allowing for a door-to-door journey that completely bypasses both traffic and parking concerns. A primary consideration is the person's strong aversion to changing modes during a trip, making direct journeys highly preferable; while they value the absolute freedom a car provides to go anywhere at any time, this is heavily counterbalanced by a strong dislike for being stuck in traffic and the hassle of finding parking, a choice further supported by their belief in the societal benefits of public transport and complete comfort when traveling close to unknown people."
54260390,"That person uses Public transports if: it is the only perceived option for a regular, familiar journey, Use Private modes if: the destination is inaccessible by other means and flexibility is absolutely essential, forcing them to seek an alternative like a taxi or borrowing a vehicle, Use Soft modes if: the trip is short, and it provides a more direct or convenient route than the rigid public transport system. A significant consideration is the person's conflicting mindset: while they are highly open to reconsidering their travel choices, they simultaneously feel trapped in their current routine, believing they have no other viable alternatives for their usual activities. Furthermore, their decisions are not influenced by using travel time productively or by any perceived benefit of public transport for the city, as they strongly disagree with both concepts."
54260417,"That person uses Public transports if: the trip is a regular, habitual journey on a well-known route that does not require transfers and for which they perceive no viable alternative, Use Private modes if: the destination is not easily accessible by a direct public transport route or when the trip involves multiple stops or activities, provided that convenient parking is available, Use Soft modes if: the trip covers a short distance where parking a car is a significant hassle and the journey is direct. A key consideration is that this person feels locked into their habitual mode of transport, which must provide a direct journey as they strongly dislike transfers; despite having a very positive attitude towards public transport's civic benefits, their choice is ultimately driven by this perceived lack of alternatives and a high tolerance for traffic."
54260611,"That person uses Public transports if: their private vehicle is completely unavailable and there is no other alternative for a necessary trip, Use Private modes if: they need the flexibility to go anywhere at any time, as they perceive it as the only reliable option to maintain their schedule and activities, Use Soft modes if: the journey is for a very short and direct distance where driving is highly impractical. A critical consideration is the person's strong belief that they have no real alternative to their car, which is reinforced by a significant discomfort when traveling close to unknown people and the value they place on the freedom and punctuality a private vehicle provides. They strongly dislike changing transport modes during a journey and are convinced that using public transport would force them to cancel activities, a view that is compounded by their lack of knowledge of the public transport network."
54260612,"That person uses Public transports if: their private vehicle is completely unavailable and it represents the absolute last resort for an essential trip. Use Private modes if: they need to travel to any destination, as this is their default, habitual choice, perceived as the only option offering freedom, reliability, and a direct journey. Use Soft modes if: the destination is extremely close, making a car impractical, or for purely recreational purposes. A significant consideration is their strong belief that they have no real alternative to their car, which they feel provides essential freedom and punctuality, compounded by a deep discomfort with traveling near strangers and a strong aversion to changing transport modes during a trip."
54260756,"That person uses Public transports if: the destination is on a familiar, direct route, as this is their lifelong, habitual, and expertly navigated mode of travel, Use Private modes if: the journey requires a transfer on public transport or has a strict time constraint, making a direct car trip more reliable, Use Soft modes if: the distance is short enough to provide a direct, single-mode alternative to a public transport journey that would otherwise involve a transfer. A key consideration for this individual is their strong preference for a direct journey, as they very much dislike changing modes of transport; while they are a lifelong public transport user who is comfortable traveling with strangers, this aversion to transfers, combined with a complete lack of concern about finding a parking space, makes a private car a surprisingly viable option for any trip not well-served by a direct public route."
54260792,"That person uses Public transports if: the destination is known for heavy traffic and difficult parking, and the transit journey does not limit their ability to complete all their desired activities. Use Private modes if: the journey requires absolute flexibility in timing and destination, and being on time is the top priority, making it their habitual choice. Use Soft modes if: the trip is short, allowing them to completely bypass the frustrations of traffic and the search for parking. A key consideration is the trade-off they face between the freedom and punctuality a car provides, which they value, and their strong dislike for traffic and parking hassles; uniquely, their comfort with changing modes of transport during a trip means they are more open to complex transit options if it solves the problems of driving."
54260870,"That person uses Public transports if: the destination is well-served by the network for a predictable journey, leveraging their expert knowledge of the system and positive civic attitude. Use Private modes if: the trip requires a high degree of flexibility in timing or destination that other modes cannot accommodate, particularly when traffic and parking are not expected to be significant problems. Use Soft modes if: the travel distance is short and conditions are suitable, as this offers a reliable way to completely avoid the frustrations of traffic and parking. A primary consideration for this individual is a strong aversion to being stuck in traffic and the difficulty of finding parking, which makes them frequently reconsider their mode of transport and favor alternatives to the car."
54260889,"That person uses Public transports if: the journey is a simple, direct, and familiar route with no transfers, Use Private modes if: the destination or schedule requires maximum flexibility and freedom, Use Soft modes if: the destination is very close and the trip is for a minor errand. A primary consideration is their strong belief that a car offers unparalleled freedom, making it their default choice; however, an important exception is their complete comfort with traveling among strangers, indicating that practical limitations, not social anxiety, are what deter them from using public transport."
54260897,"That person uses Public transports if: the journey is direct without transfers and is likely to involve significant traffic congestion, Use Private modes if: flexibility and guaranteed on-time arrival are the highest priorities for a specific trip, Use Soft modes if: the destination is nearby and the trip is part of an established daily routine. A primary consideration for this individual is the trade-off between the absolute freedom and reliability they associate with their car and their strong aversion to being stuck in traffic, and while they are a creature of habit, their high comfort and skill with the public transport system make it a readily available alternative when traffic is a concern."
54261041,"That person uses Public transports if: it is the only practical option for a specific journey where driving is not feasible and the route is simple to understand, Use Private modes if: the trip requires flexibility in timing and destination and is not expected to encounter major congestion, Use Soft modes if: the distance is short, allowing for a predictable trip that avoids both traffic and proximity to other people. A primary consideration is their strong aversion to being stuck in traffic, yet their profound lack of knowledge about how to navigate the public transport system effectively prevents them from choosing it as an alternative."
54261138,"That person uses Public transports if: the destination is known for severe traffic and parking issues and a direct, single-vehicle route exists, Use Private modes if: the need for flexibility to go anywhere at any time or make multiple stops is the top priority, Use Soft modes if: the trip is short enough that driving would be more inconvenient due to traffic and parking. The decision heavily weighs the car's unparalleled freedom against a strong hatred for traffic and parking, but a powerful deterrent for any alternative is the dislike of transfers and the belief that public transport limits their activities."
54261209,"That person uses Public transports if: it is a routine trip or the destination is well-connected, leveraging their lifelong familiarity and avoiding the stress of driving, Use Private modes if: there is no viable alternative to reach a specific destination or when transporting heavy goods, Use Soft modes if: the journey is short or to connect to a public transport hub. A key consideration is that this person strongly dislikes being stuck in traffic and searching for parking, and is very comfortable traveling close to strangers, making shared transport highly appealing; however, they frequently reconsider their options, suggesting a practical approach to each specific journey rather than relying solely on habit."
54261292,"That person uses Public transports if: the journey is routine and travels to a congested area, provided they can avoid crowds. Use Private modes if: the need for personal space is the top priority for the trip. Use Soft modes if: the destination is close and the journey can be made directly. A primary consideration is the conflict between their strong discomfort traveling near strangers and their significant frustration with traffic, parking difficulties, and the car's unreliability for being on time. This individual is a creature of habit who feels they have no real alternative to their usual transport, dislikes changing modes during a trip, and despite being very knowledgeable about the public transport system, their aversion to crowded spaces remains the deciding factor."
54261413,"That person uses Public transports if: the journey is for a routine or time-sensitive trip to a destination they are familiar with on the transit network, Use Private modes if: the trip requires flexibility to travel to remote locations or at times when public services are unavailable, Use Soft modes if: the journey covers a short distance, such as for local activities or to connect with a public transport hub. A significant consideration for this individual is their strong dislike for being stuck in traffic and searching for parking, which leads them to disagree that driving ensures punctuality. Although they agree that a car offers the freedom to go anywhere at any time, their extensive lifelong experience with public transport means they know their regular routes very well and do not feel their activities are limited by using it, making it a reliable and preferred option."
54261567,"That person uses Public transports if: traveling to a destination where finding a parking space is known to be extremely difficult or impossible, Use Private modes if: maximum flexibility in schedule and route is required, as this is their default and habitual choice, Use Soft modes if: the trip is for a very short distance and is part of an established routine. A primary consideration for this individual is the conflict between the unparalleled freedom they feel a car provides and their strong dislike for searching for parking; however, they are highly unlikely to change their established travel habits or view travel time as an opportunity for productivity."
54261627,"That person uses Public transports if: the destination is well-served by the network and the trip is predictable, allowing them to use their travel time productively and reliably avoid traffic. Use Private modes if: flexibility is the top priority, such as traveling to a location poorly served by other modes or at a time when other services are unavailable. Use Soft modes if: the distance is short, making it the most direct and efficient way to avoid both traffic congestion and parking issues. A significant consideration for this individual is their strong aversion to being stuck in traffic, which often outweighs the car's flexibility, especially since they are not a captive user of any single mode and possess an expert-level understanding of the public transport system."
54420061,"That person uses Public transports if: it is for a regular, habitual journey on a route they know well, Use Private modes if: the destination is inaccessible by other means or travel is required outside of public transit operating hours, Use Soft modes if: the trip is short, allowing for a direct journey that avoids potential traffic or parking hassles. A key consideration is their strong conviction that private cars are unreliable for arriving on time. This, combined with a dislike for traffic and searching for parking, means they will avoid driving unless they need the unique freedom to go anywhere at any time, as they generally prefer direct trips without transfers."
54420062,"That person uses Public transports if: the destination is well-served by a direct route they are familiar with, and when avoiding traffic or parking is a priority, Use Private modes if: the journey is complex, not well-served by public transport, or requires a level of flexibility and freedom that other modes cannot offer, Use Soft modes if: the distance is short and the trip is to a destination where parking is known to be difficult. A key consideration for this person is their preference for direct, single-mode journeys, as they strongly dislike changing means of transport. While they are a highly experienced and lifelong public transport user who knows the system well, a specific exception is that they strongly disagree with knowing the schedules by heart, suggesting a reliance on real-time information or frequent services rather than rigid, pre-planned timetables."
54420119,"That person uses Public transports if: it is their default and preferred mode for almost any journey, leveraging their lifelong expertise and the ability to use travel time productively. Use Private modes if: there is absolutely no viable public transport alternative, forcing them to use a mode they do not trust for punctuality. Use Soft modes if: the distance is short or as a convenient way to start or end a multimodal public transport journey. A key consideration is their strong preference for productive travel time and a deep-seated comfort with transfers between different modes, which contrasts sharply with their view of cars as an unreliable means of being on time."
54420363,"That person uses Public transports if: the journey is a regular, familiar route where they know the schedule by heart, allowing them to use their travel time productively. Use Private modes if: the destination is unfamiliar and not easily accessible via their usual public transport lines. Use Soft modes if: the distance is short, likely as part of a multimodal trip, to efficiently connect to other transport without the risk of traffic. A crucial consideration is that this person is a creature of habit who does not reconsider their mode choice for routine trips; their behavior is driven by a strong aversion to being bored in traffic, but they are hesitant to use public transport for new destinations because they are not confident in navigating the broader network."
54420437,"That person uses Public transports if: the journey is a familiar and routine trip on a direct route where travel time can be used productively, Use Private modes if: the destination is not well-served by known transit options or when the need for absolute flexibility to go anywhere at any time is the highest priority, Use Soft modes if: the trip is short and the inconvenience of finding a parking space outweighs the benefit of driving. A key consideration is the person's strong feeling of having no alternative to their usual mode, believing a private car offers ultimate freedom, which is contrasted by a profound lack of knowledge about which public transport to take for unfamiliar destinations."
54420585,"That person uses Public transports if: the journey is direct with minimal changes and the destination does not require the flexibility to do other activities that a car would allow. Use Private modes if: the trip requires maximum flexibility for timing and multiple destinations, making other options feel too restrictive. Use Soft modes if: the journey is short, allowing for a simple, direct trip that avoids the hassles of traffic and parking. A key consideration for this person is the trade-off between the flexibility a private car offers and its perceived unreliability for arriving on time, weighed against the belief that public transport severely limits their range of activities and a strong dislike for journeys involving transfers."
54420699,"That person uses Public transports if: it is their default mode for almost any regular trip, as they are a lifelong expert user who feels they have no other viable option and can use the travel time productively. Use Private modes if: the destination is absolutely inaccessible by any other means, forcing them to use a mode they strongly perceive as unreliable and constrained by traffic. Use Soft modes if: the journey is short and direct, suitable for local errands or accessing a public transport hub. A critical consideration is their profound belief that they are a captive public transport user, driven by a strong conviction that it benefits the city and a deep-seated aversion to the boredom and unreliability of being stuck in traffic, which they strongly associate with private cars."
54420840,"That person uses Public transports if: the journey is straightforward and can be completed on a single, familiar route without transfers. Use Private modes if: the trip requires maximum flexibility or the destination is not served by a direct public transport line, as they are unconcerned by potential traffic delays. Use Soft modes if: the trip is short and can be completed door-to-door as part of an established routine. A key consideration is their profound dislike for changing modes of transport during a trip, which heavily favors direct journeys. Notably, while they are very knowledgeable about the public transport network and believe it makes the city more welcoming, their decision is not influenced by typical frustrations like traffic, which does not bother them, and is instead guided by long-standing habits they do not reconsider."
54421043,"That person uses Public transports if: it is their habitual and preferred option for most journeys, as they are a highly confident lifelong user with expert knowledge of the system, Use Private modes if: there is absolutely no alternative to reach a destination and arrival time is not critical, Use Soft modes if: the distance is short and the route is direct, avoiding the need for transfers or schedules. The decision is heavily influenced by a strong aversion to being in traffic and searching for parking, alongside a fundamental comfort with sharing space with strangers, viewing public transport as a positive contribution to the city."
54421189,"That person uses Public transports if: the route is straightforward and offers a reliable way to avoid traffic congestion. Use Private modes if: the absolute freedom to go anywhere at any time is the primary requirement, outweighing the potential for traffic and parking issues. Use Soft modes if: the trip is short, allowing them to completely bypass the annoyances of both traffic and parking. The central conflict in their decision-making is the desire for the car's go-anywhere freedom versus a strong dislike for being stuck in traffic, which is further complicated by a complete lack of personal connection with public transport staff."
54421191,"That person uses Public transports if: the destination is well-served by a direct route they know well, allowing them to use their time productively. Use Private modes if: the trip demands flexibility in destination or timing that public transport cannot provide. Use Soft modes if: the journey is short, directly avoiding the stress of traffic and the difficulty of finding parking. A primary consideration is their strong aversion to changing transport during a trip, making direct, single-mode journeys highly preferable; this is compounded by a deep dislike for being stuck in traffic and searching for parking, and a conviction that driving does not ensure an on-time arrival."
54421201,"That person uses Public transports if: the journey is routine and the destination is prone to traffic or parking issues, leveraging their high confidence and lifelong familiarity with the system. Use Private modes if: the trip requires a high degree of flexibility in destination or timing that public transport cannot accommodate. Use Soft modes if: the distance is short enough to make walking or cycling the most convenient way to completely avoid the hassles of traffic and parking. A key consideration for this person is balancing the car's perceived freedom to go anywhere at any time against their strong belief that it is unreliable for arriving on time and their significant dislike for being in traffic and searching for parking."
54421227,"That person uses Public transports if: it is their habitual choice for routine travel and the destination is served by the network, Use Private modes if: public transport is completely unavailable and they are likely a passenger in someone else's vehicle, Use Soft modes if: the travel distance is very short or to connect with their primary public transport route. A key consideration is that this person is a habitual, lifelong public transport user who feels they have no other alternative for their usual activities; this choice is strongly supported by their comfort traveling near strangers and their belief that schedules are not difficult to understand."
54421379,"That person uses Public transports if: the destination is otherwise inaccessible and there is no other viable option for that specific trip, Use Private modes if: the journey requires absolute privacy and a direct route, and parking is guaranteed and easy at the destination, Use Soft modes if: the trip is for a regular activity over a manageable distance, allowing for a predictable and solitary journey. A primary consideration in their choice is a strong discomfort with traveling near strangers, which conflicts with their equally strong dislike for looking for a parking place; unusually, they are not bored by being stuck in traffic, but their complete unfamiliarity with public transport schedules makes it a difficult and non-spontaneous option."
54440149,"That person uses Public transports if: it is a regular, habitual journey for which they feel there is no other viable alternative, Use Private modes if: the journey requires a high degree of flexibility to reach a destination not well-served by public transport, especially at times when traffic is not a concern, Use Soft modes if: the trip is over a short distance where the convenience of door-to-door travel is paramount. A key factor in their decision is a strong aversion to traffic congestion, which is a major deterrent from using a car. This is coupled with being completely comfortable traveling close to strangers, removing a common barrier to shared transport, and their choice is heavily influenced by a belief that they lack other practical options for their routine travel."
54440235,"That person uses Public transports if: it is a familiar and routine journey where driving is highly impractical due to severe traffic or guaranteed parking difficulties, Use Private modes if: the trip requires flexibility, multiple stops, or when personal comfort and space are a priority, Use Soft modes if: the destination is very close and the trip is direct, allowing them to completely avoid the frustrations of traffic and parking. A primary consideration is their strong discomfort traveling near strangers and the high value placed on the freedom to go anywhere at any time, which is challenged by an intense dislike of being stuck in traffic; they are a creature of habit who does not see travel as productive time."
54440340,"That person uses Public transports if: the destination is known to have significant parking difficulties and can be reached via a direct route without transfers, Use Private modes if: the journey requires a high degree of flexibility, freedom, and guaranteed punctuality, Use Soft modes if: the trip is over a short distance where the inconvenience of traffic and parking outweighs the travel effort. A primary consideration for this individual is the conflict between their strong belief that a car offers freedom and ensures they arrive on time, and their intense dislike of looking for a parking space and having to change vehicles during a journey; their choice is heavily influenced by habit and a profound lack of knowledge regarding public transport schedules."
54440508,"That person uses Public transports if: the journey is to a congested area where driving would be very time-consuming and the transit option is straightforward, allowing them to use their travel time productively. Use Private modes if: the trip requires significant flexibility in timing, involves multiple stops, or goes to a destination poorly served by other options. Use Soft modes if: the distance is short, and the primary goal is to completely avoid the frustration of traffic congestion. A key consideration is the constant trade-off between the belief that the car offers unparalleled freedom to go anywhere at any time and an intense boredom with being stuck in traffic, compounded by the conviction that using public transport would force them to cancel activities."
54440528,"That person uses Public transports if: their primary private vehicle is unavailable and the journey is straightforward without requiring any transfers. Use Private modes if: they need guaranteed punctuality and the flexibility to go anywhere at any time, as this is their ingrained, habitual choice for their activities. Use Soft modes if: the destination is very close and the trip is for a minor errand where using a car would be more cumbersome. A major consideration is their strong conviction that private cars offer freedom and reliability, viewing public transport as a restrictive option that forces them to cancel activities; this preference for direct, single-mode travel overrules any potential civic benefits of public transit, despite being completely comfortable traveling near strangers."
54440529,"That person uses Public transports if: their private vehicle is unavailable and it is the only viable alternative to reach an essential destination, Use Private modes if: the journey requires flexibility in timing and destination, which they perceive as necessary to maintain their schedule and activities, Use Soft modes if: the destination is extremely close, making a car journey impractical, or for purely recreational purposes. A key consideration is their strong belief that private vehicles provide absolute freedom and punctuality, which they see as essential for maintaining their lifestyle; they strongly dislike changing transport modes during a trip and perceive public transport as so restrictive it would force them to cancel activities, even though they are perfectly comfortable traveling near strangers."
54440560,"That person uses Public transports if: the route is direct without requiring a change of vehicle, as they are knowledgeable about the network and do not feel it restricts their activities. Use Private modes if: the journey demands a high level of flexibility in timing or destination that other options cannot provide, often making it the default choice due to a perceived lack of alternatives. Use Soft modes if: the trip is short and direct, allowing them to completely avoid traffic and the inconvenience of transfers. A primary consideration for this individual is a strong aversion to changing modes of transport during a trip, pushing them toward the simplest, most direct option. While they value the absolute freedom a car provides, this is weighed against their dislike of traffic and the belief that public transport is a viable option that does not limit their lifestyle."
54440574,"That person uses Public transports if: the journey is routine or allows for the productive use of travel time, capitalizing on their expert knowledge of the system, Use Private modes if: the destination is poorly served by other modes or requires transporting bulky items, leveraging the flexibility to go anywhere, Use Soft modes if: the distance is short, as part of a multi-modal trip, or to avoid traffic and parking for local errands. A key consideration is their strong desire to use travel time productively, which influences their decisions as they frequently reconsider their options. They feel they always have alternatives and are very comfortable with transfers and traveling near strangers, meaning their choice is a deliberate optimization for each specific trip rather than a forced habit."
54440575,"That person uses Public transports if: the trip allows for a predictable schedule and the opportunity to use travel time productively, leveraging their lifelong expertise with the system, Use Private modes if: the destination is difficult to reach by other means or the trip is outside of peak traffic hours, prioritizing freedom of movement over punctuality, Use Soft modes if: the journey is short, part of a multi-modal trip, or when avoiding traffic congestion is the top priority. This individual is a highly flexible traveler who strongly dislikes being stuck in traffic and does not trust cars to be on time, making public transport, with which they are extremely familiar and comfortable, their preferred option; however, the perceived freedom to go anywhere at any time with a private vehicle remains a significant consideration for specific trips."
54440583,"That person uses Public transports if: the journey is direct, allowing for productive use of their time, and the destination has difficult parking. Use Private modes if: the trip requires absolute flexibility in timing and destination, or when punctuality is critical and the route is not well-served by a single transit line. Use Soft modes if: the distance is short, making it the most practical way to avoid both traffic and the significant frustration of finding a parking spot. A key consideration in their decision is a strong aversion to changing transport modes during a single trip, which often competes with their dislike for parking, forcing a trade-off between the car's flexibility and the seamlessness of a direct journey."
54440873,"That person uses Public transports if: the destination has significant parking challenges and a simple, direct route is available, Use Private modes if: it is the established, habitual option for the trip and they perceive no other viable alternative, Use Soft modes if: the journey is short enough that the inconvenience of finding parking outweighs the effort of walking or cycling. A primary consideration for this person is the conflict between their habitual travel patterns, which they feel they have no alternative to, and a strong dislike for parking combined with a distrust in the car's reliability for being on time; crucially, they are not bothered by traffic congestion and are very comfortable traveling close to strangers, making them tolerant of both private and public transport environments."
54440922,"That person uses Public transports if: the destination is served by a direct line without any transfers, and driving is guaranteed to involve significant traffic delays, Use Private modes if: the journey requires flexibility, involves multiple stops, or the destination is not easily reachable by a direct alternative, Use Soft modes if: the destination is very close, making it the most direct and convenient option that avoids both traffic and parking issues. A primary consideration is the strong preference for a direct, single-mode journey, as they do not like changing the mean of transport when traveling; while they greatly value the car's freedom to go wherever and whenever, they are strongly bored by being stuck in traffic and are not a proficient public transport user who knows schedules by heart."
54441127,"That person uses Public transports if: it is the only available option for the journey, despite finding the system difficult to understand and feeling it limits their activities. Use Private modes if: the trip requires a level of flexibility that public transport cannot offer, such as for carrying large items, and punctuality is not a primary concern. Use Soft modes if: the distance is short, as this provides a simple and reliable alternative to the perceived complexities of motorized transport. A significant consideration is that this person feels constrained by a lack of good alternatives; they are deterred from public transport by a strong belief that schedules are difficult to understand, while being discouraged from car use due to a firm conviction that it is unreliable for arriving on time."
54540022,"That person uses Public transports if: the journey is direct without transfers and allows for productive use of time, without forcing them to cancel other activities. Use Private modes if: the trip requires absolute flexibility in timing and destination or involves multiple stops, as they feel this is often their only viable option. Use Soft modes if: the destination is close enough to be reached directly without needing to connect to another form of transport. A major consideration is their strong aversion to changing transport modes during a trip and the conviction that they are often forced to use their current transport due to a lack of alternatives, believing that public transport would severely limit their activities while a private car provides essential freedom to travel anywhere at any time."
54540027,"That person uses Public transports if: the journey is routine and to a destination well-served by the network, allowing them to be productive and avoid the stress of traffic, Use Private modes if: the trip requires absolute flexibility in destination or timing that other modes cannot offer, Use Soft modes if: the distance is short, particularly for connecting to public transport hubs or for local errands where avoiding traffic is paramount. A key consideration is that while this person is an extremely knowledgeable and lifelong public transport user who freely chooses it as a civic good, they also strongly believe in the car's unique ability to go anywhere at any time, making it a powerful option for non-routine trips where flexibility is the highest priority."
54540135,"That person uses Public transports if: their primary mode is unavailable or for destinations where parking is impossible and a simple, direct public transport route exists, Use Private modes if: they require the freedom to go wherever and whenever they want, which they perceive as their only viable option for regular travel, Use Soft modes if: the destination is very close, making the hassle of driving in traffic and finding parking greater than the convenience. A primary conflict in their behavior is the high value placed on the freedom of a private car versus a strong aversion to traffic delays; this person is a deeply habitual traveler who feels captive to their current transport mode, rarely reconsiders their options, and possesses a profound lack of practical knowledge about the public transport network."
54540163,"That person uses Public transports if: the journey is predictable and allows for productive use of travel time. Use Private modes if: the trip requires absolute flexibility to avoid cancelling activities or to reach poorly served destinations. Use Soft modes if: the distance is short, primarily to avoid the hassles of traffic and parking. The decision is ultimately a trade-off, weighing their strong desire to use travel time productively against the car's freedom to go anywhere, a choice complicated by their willingness to make transfers but a strong aversion to looking for parking."
54540270,"That person uses Public transports if: the journey is routine and follows a familiar route where the schedule does not restrict their plans, Use Private modes if: the trip requires high flexibility, involves multiple destinations, or serves a location with no viable alternatives, making it a necessary option despite its drawbacks, Use Soft modes if: the distance is short and the destination is direct, allowing for a simple trip that avoids the complexities of both parking and transit timetables. A significant consideration for this individual is their strong belief that cars are unreliable for being on time and their intense dislike for finding parking; however, their choice is always guided by the conviction that public transport improves the city's quality of life."
54540466,"That person uses Public transports if: the destination is known for significant traffic congestion or difficult parking and can be reached via a direct route without transfers, Use Private modes if: the journey requires maximum flexibility in timing and destination or involves a complex chain of activities, Use Soft modes if: the distance is short enough to completely avoid the hassles of traffic and parking. A key consideration is that this person strongly values the absolute freedom and flexibility a car provides to go wherever and whenever they want; this belief is deeply ingrained, as they are a creature of habit who disagrees with the idea of frequently reconsidering their travel choices."
54540683,"That person uses Public transports if: the journey is a deeply ingrained, habitual route that is known to avoid traffic congestion, Use Private modes if: the trip requires flexibility in timing or destination and a direct journey is essential, Use Soft modes if: the destination is very close, making it the most simple and convenient option. A key consideration is the person's extremely rigid travel behavior, as they will not reconsider their choices and are locked into their habits. Their decisions are driven by a conflict between the belief that a car offers total freedom to go anywhere at any time and a strong aversion to being stuck in traffic, while completely dismissing any notion that using a bus makes the city more welcoming."
54540812,"That person uses Public transports if: the journey is direct without requiring transfers and allows for productive use of travel time, Use Private modes if: the trip requires maximum flexibility in timing and destination, Use Soft modes if: the journey is for a short distance and they are making a conscious effort to break from their routine. A key consideration for this individual is their strong preference for a direct journey, as they dislike changing transport modes. While they are a capable public transport user who finds schedules easy to understand, they strongly disagree that using the bus makes the city more comfortable, indicating their choice is based on personal convenience rather than environmental or community benefits."
54540917,"That person uses Public transports if: the journey is well-planned, direct, and allows for productive use of travel time, Use Private modes if: the destination is hard to reach by other means or has easy parking, and the absolute freedom to travel is the main priority, Use Soft modes if: the distance is short and the trip is to a location where parking is known to be difficult. A primary consideration for this person is the trade-off between the absolute freedom a car provides and their strong dislike for finding parking; however, a key factor preventing more frequent use of public transport is their very poor knowledge of the network and which services to take."
54541011,"That person uses Public transports if: it is their habitual and only perceived option for regular travel, as they are a lifelong, expert user who finds the system convenient and easy to navigate. Use Private modes if: there is an absolute absence of any public transport service, such as for a medical emergency or travel to a very remote location not served by the network. Use Soft modes if: the destination is close enough to walk or it is necessary to connect between their origin or destination and a public transport stop. A significant consideration is that this person's choice is driven by a strongly held belief that they have no other alternative for their usual, habitual travel; however, this is not perceived as a major limitation, as they disagree that public transport restricts their activities and are comfortable with making transfers during a trip."
54541019,"That person uses Public transports if: they feel they have no other choice for a specific, repetitive trip where they have memorized the schedule, Use Private modes if: the journey demands absolute punctuality and flexibility and the risks of traffic or parking problems are low, Use Soft modes if: the trip is short and direct, allowing them to avoid the hassles associated with both public and private transport. A primary consideration for this person is their strong desire for a direct journey, as they intensely dislike changing modes of transport. While they believe a car ensures they will be on time, this is heavily countered by a strong aversion to being stuck in traffic and searching for parking. Furthermore, their view of public transport is overwhelmingly negative; they feel it restricts their activities and have very poor knowledge of the network, despite claiming to be a lifelong user of specific, routine lines."
54541081,"That person uses Public transports if: it is their default choice, leveraging their lifelong experience and expert knowledge of the system to use travel time productively. Use Private modes if: it is an absolute necessity with no other alternative, as they feel public transport does not limit their activities and are unconcerned with car-specific issues like parking or traffic. Use Soft modes if: the journey is for a short distance or to connect with a transit hub, which aligns with their flexible approach to travel. A crucial consideration is their strongly held value of using travel time productively; they would only reconsider their reliance on public transport for a specific trip if it genuinely restricted their activities, a situation they strongly believe does not happen."
56080019,"That person uses Public transports if: the journey is predictable and allows for the productive use of travel time for regular, time-sensitive trips, leveraging their deep familiarity with the system. Use Private modes if: the destination is difficult to reach by other means or the trip requires maximum flexibility in timing and route for non-time-critical activities. Use Soft modes if: the distance is short, the weather is favorable, and the trip is for leisure or a minor errand. A key consideration is that while they strongly value the car's freedom to go anywhere at any time, they disagree that it ensures punctuality, and are notably unbothered by traffic or traveling near strangers, making them a very flexible traveler comfortable with transfers."
56080089,"That person uses Public transports if: the route is simple and direct, serving a destination where severe traffic or a complete lack of parking makes driving impractical, Use Private modes if: the journey demands flexibility and they anticipate that parking will not be a significant hassle, Use Soft modes if: the distance is short enough that walking or cycling is the most convenient way to avoid the stress of both traffic and parking. A key consideration for this individual is the major conflict between their strong dislike of being stuck in traffic and their extremely low knowledge of public transport schedules, which effectively limits their practical travel options and reinforces habitual behavior."
56080090,"That person uses Public transports if: the trip is simple with no transfers and is the only way to avoid the significant boredom of being stuck in traffic, Use Private modes if: it is their habitual choice for a journey that requires flexibility and perceived punctuality, as they feel it is their only viable option, Use Soft modes if: the destination is very close by and the route is simple and familiar. A key consideration is their strong aversion to being in traffic, which directly conflicts with their ingrained travel habits and the high value they place on the car's flexibility. They are very unlikely to choose an option that requires changing modes during a trip, and their lack of confidence and knowledge about public transport routes and schedules reinforces their feeling of being locked into their current behavior."
56080129,"That person uses Public transports if: the destination is well-served by the network, allowing for a productive and direct journey. Use Private modes if: there is no other viable option and the trip guarantees an absence of traffic or parking issues. Use Soft modes if: the distance is short, allowing for a pleasant and efficient trip that avoids vehicle-related delays. However, this person frequently reconsiders their mode choice, with any decision being driven by a strong aversion to traffic and parking hassles, as they do not believe a car offers reliability or freedom. Their preference is always weighed against their positive, lifelong experience with public transport and a desire for simple, direct journeys."
56080130,"That person uses Public transports if: the journey is predictable and allows travel time to be used productively. Use Private modes if: the trip requires high flexibility for multiple stops or destinations that are poorly served by other options. Use Soft modes if: the distance is short enough to be the most direct and efficient option for avoiding traffic and parking. The decision is heavily influenced by a strong preference for using travel time productively and a conviction that driving does not guarantee an on-time arrival, making them avoid cars for appointments."
56080316,"That person uses Public transports if: the journey is time-sensitive and to a location where they anticipate traffic delays and parking difficulties, Use Private modes if: the destination is poorly served by other options or when the trip demands a high degree of flexibility that they feel only a car can provide, Use Soft modes if: the distance is short, allowing them to completely bypass the frustrations of traffic and parking. A primary consideration for this individual is their intense dislike of being stuck in traffic; while they value a private car for the freedom to go anywhere, they do not believe it guarantees an on-time arrival, a conflict that is intensified by a persistent feeling that they often have no viable alternative for their travel needs."
56080898,"That person uses Public transports if: the journey is simple, direct without transfers, and parking at the destination is known to be extremely difficult or unavailable, Use Private modes if: the trip requires flexibility in timing or destination, which is their default choice as they feel they have no other viable options for their activities, Use Soft modes if: the destination is very close, making the effort of driving and parking impractical. A key consideration is that this person is extremely habitual and does not reconsider their transport choice, feeling captive to their current mode; while they strongly dislike looking for a parking space, this is weighed against a profound dislike for transfers and a lack of knowledge of the public transport system, which they find confusing."
70130105,"That person uses Public transports if: the journey is to a single destination, allowing them to use their travel time productively, Use Private modes if: the trip's complexity requires a level of flexibility and multiple stops that they feel public transport cannot accommodate, Use Soft modes if: the trip is short and the primary goal is to completely avoid the frustration of traffic and parking. A key consideration for this highly flexible traveler is constantly weighing the need to complete multiple activities in one trip against their strong boredom with being stuck in traffic."
70130259,"That person uses Public transports if: the journey is direct and can be completed without changing vehicles, leveraging their lifelong habit and belief in its social benefits. Use Private modes if: all other options are unavailable or impractical, as they show no experience with or affinity for car travel. Use Soft modes if: the distance is short, allowing for a direct point-to-point journey and potentially avoiding a public transport transfer. A key consideration is that while this person strongly agrees they frequently reconsider their mode choice, this flexibility is constrained by an agreement that they dislike changing modes during a trip, a factor weighed against their strong belief in public transport's community benefits and their lifelong use of it."
70130293,"That person uses Public transports if: the journey is direct and familiar, heading to a location where traffic and parking are known problems, and the schedule does not limit their planned activities. Use Private modes if: the trip requires maximum flexibility to visit multiple places or when punctuality is paramount, as the freedom to go wherever and whenever is highly valued. Use Soft modes if: the trip is short and routine, which conveniently avoids both the traffic and parking frustrations of a car and the potential scheduling constraints of public transport. A primary consideration for this person is the trade-off between the car's perceived reliability and freedom versus their strong dislike for being stuck in traffic and searching for parking. Despite being knowledgeable and comfortable with public transport, they will avoid it for any journey that requires transfers or if they feel it would limit their ability to complete all desired activities."
70130402,"That person uses Public transports if: the journey is predictable and during off-peak hours, which allows them to use their time productively while avoiding the stress of driving. Use Private modes if: the need for personal space and the flexibility to travel to any destination at any time outweighs the significant frustration of traffic and parking. Use Soft modes if: the distance is short, offering a reliable way to avoid both the personal discomfort of crowded vehicles and the hassles of a car. A key consideration for this person is the major conflict between their strong discomfort traveling close to strangers and their equally strong dislike for being stuck in traffic and searching for parking, which means they frequently reconsider their mode of transport based on the specific conditions of each trip rather than relying on a fixed habit."
70130414,"That person uses Public transports if: the route is familiar, direct without requiring transfers, and leads to a destination where traffic and parking are known to be problematic. Use Private modes if: the need for absolute flexibility in destination and timing is the top priority, particularly for non-routine trips. Use Soft modes if: the trip is short and direct, making it the most convenient option to completely bypass the hassles of traffic, parking, and schedules. A major consideration in their choice is a powerful dislike for changing modes of transport during a journey, making directness a critical factor. Their decision is always a trade-off between the car's perceived freedom to go anywhere at any time and the intense frustration they feel when stuck in traffic or searching for a parking space."
70130765,"That person uses Public transports if: it is for their regular and familiar journeys, as they are a lifelong expert user who knows the system and schedules by heart, Use Private modes if: an activity is completely inaccessible by other means, forcing them to use a mode they perceive as unreliable due to the traffic and parking they strongly dislike, Use Soft modes if: the trip is for a short distance where it is more direct than waiting for a bus or train. A key consideration is that while they are a deeply habitual public transport user who values using travel time productively and strongly dislikes traffic, they feel their choice is constrained and sometimes prevents them from doing certain activities."
70130813,"That person uses Public transports if: the route is familiar and allows them to use their travel time productively, especially when it is a reliable way to avoid the extreme boredom of traffic congestion. Use Private modes if: the journey requires maximum flexibility in destination or timing, as they believe it is the only way to go wherever and whenever they want without cancelling activities. Use Soft modes if: the distance is very short and the primary goal is to completely bypass any potential for traffic. A significant consideration is their internal conflict between a strong belief in the car's freedom and an intense dislike for traffic, though a unique factor is their personal acquaintance with public transport drivers, which can strongly influence their choice for a specific route."
70130947,"That person uses Public transports if: they are making a regular, predictable journey, capitalizing on their lifelong experience and positive civic view of public transit, Use Private modes if: the trip demands maximum flexibility to go anywhere at any time or enables activities that would otherwise be cancelled, Use Soft modes if: the distance is short, allowing them to avoid the major frustrations of traffic and parking. The decision is ultimately a trade-off between the absolute freedom they feel a car provides and their strong aversion to being stuck in traffic; a significant factor is their complete comfort with traveling close to strangers, which removes a common barrier to using public transport."
70130969,"That person uses Public transports if: the destination is part of their regular travel and is well-served by the network they know expertly, Use Private modes if: the journey requires a high degree of flexibility in destination or timing that public transport cannot offer, especially when traffic and parking are not major concerns, Use Soft modes if: the trip is over a short distance where walking or cycling is a practical way to avoid the frustrations of traffic and parking. A key consideration is weighing the car's valued freedom to go wherever and whenever against a strong aversion to being stuck in traffic and the hassle of finding a parking space."
70130998,"That person uses Public transports if: it is a habitual trip for which they know the routes and schedules by heart, Use Private modes if: the planned activity is completely inaccessible by any other means, forcing them to overcome their strong dislike of looking for parking, Use Soft modes if: the journey is for a short distance, providing flexibility that public transport schedules do not allow. A key consideration for this lifelong public transport user is that while they are an expert on their regular routes, they agree that transit limits their activities, a frustration that competes with their strong aversion to car parking when choosing a mode of transport."
70140103,"That person uses Public transports if: the journey is routine and can be completed with a single, direct service. Use Private modes if: the trip involves multiple activities or destinations that are impractical to reach otherwise. Use Soft modes if: the destination is close enough for a direct trip, avoiding both vehicle traffic and transit schedules. A critical consideration for this person is their strong aversion to both being stuck in traffic and having to change their means of transport mid-journey; their choice is therefore driven by which mode offers the most direct and least frustrating experience for a specific trip."
70140141,"That person uses Public transports if: the journey is for a regular activity and the destination is well-connected, allowing for productive use of travel time. Use Private modes if: the trip requires absolute flexibility in timing and destination that cannot be met by other means. Use Soft modes if: the distance is short and the primary goal is to efficiently avoid the delays of traffic and the difficulty of parking. A significant consideration is that this individual is a lifelong public transport user who has a very strong aversion to being bored in traffic and the hassle of looking for parking, and they find transit schedules easy to comprehend."
70140142,"That person uses Public transports if: it is for a regular journey where travel time can be used productively, leveraging their expert and lifelong familiarity with the system. Use Private modes if: an activity would otherwise be cancelled due to the public network's limitations, forcing a reluctant choice despite a strong aversion to traffic. Use Soft modes if: the travel covers a short distance, likely for connecting to a public transport station. A key consideration is that this person feels they have no alternative to their habitual mode of transport; they strongly value a productive journey over being stuck in traffic and are very comfortable with transfers and traveling near strangers, making public transport the default unless its constraints are unavoidable."
70140229,"That person uses Public transports if: the journey is a simple, direct trip to a congested area where parking is a significant hassle, and the travel does not restrict their other plans. Use Private modes if: the trip requires flexibility in timing, involves multiple destinations, or is essential for participating in activities they feel are impossible via other means. Use Soft modes if: the trip is for very short-distance, non-essential errands or recreation where convenience is paramount. A key consideration for this person is the conflict between the absolute freedom they feel a car provides and their strong aversion to traffic and searching for parking. Their choice is heavily guided by a desire for a single, uninterrupted mode of travel and a powerful belief that public transport limits their lifestyle, a factor that outweighs their detailed knowledge of the transit network."
70140237,"That person uses Public transports if: it is for a familiar, routine journey that does not require any transfers, leveraging their lifelong habit of using these services. Use Private modes if: their activities are impossible to schedule around public transport limitations, and only when convenient parking is guaranteed. Use Soft modes if: the trip is short and direct, allowing them to completely avoid the hassles of both parking and transfers. A primary consideration is the strong belief that using public transport forces them to cancel activities, which is weighed against a strong dislike for finding parking and changing transport modes during a trip; furthermore, they do not believe a car is a reliable way to be on time."
70140247,"That person uses Public transports if: the destination is easily accessible with a direct and familiar route, allowing them to use their travel time productively, Use Private modes if: the journey requires flexibility in timing or destination that public transport cannot offer, and parking at the destination is guaranteed and convenient, Use Soft modes if: the distance is short and the primary goal is to avoid the hassles of traffic and, especially, parking. A primary consideration is their strong aversion to searching for parking, which significantly deters car use unless parking is assured, alongside a trade-off between the car's perceived freedom and the belief that public transport restricts their activities."
70140281,"That person uses Public transports if: the route is direct, the schedule is clear, and the priority is to have a predictable journey where they can use their time productively. Use Private modes if: the destination is difficult to reach otherwise or when the need for complete flexibility to go anywhere at any time is the most important factor. Use Soft modes if: the distance is short and the main goal is to avoid both traffic congestion and the fixed schedules of public services. A key consideration for this person is the constant trade-off between the car's perceived freedom and their strong aversion to traffic, which they believe makes driving an unreliable method for being on time."
70140294,"That person uses Public transports if: the journey is a regular, direct route for which they are very familiar with the schedules, Use Private modes if: the trip requires flexibility in timing or destination, or when punctuality is perceived as critical, Use Soft modes if: the destination is very close and the trip is part of a simple, established routine. A key consideration is their strong preference for direct travel without transfers, which favors private car use for its flexibility and reliability, although they are perfectly comfortable with public transport for familiar, routine journeys."
70140295,"That person uses Public transports if: the destination is difficult to access by car due to predictable traffic or parking issues, and the journey's fixed schedule does not limit their ability to do other activities. Use Private modes if: the trip requires a high degree of flexibility in timing or destination, or involves multiple stops that are impractical with other modes. Use Soft modes if: the distance is short, allowing them to completely avoid the significant frustrations of traffic and parking. A key consideration is the conflict between the absolute freedom they feel a car provides to go anywhere at any time, and their strong aversion to being stuck in traffic; this leads them to rely on established, habitual choices for different types of journeys rather than frequently re-evaluating their options."
70740047,"That person uses Public transports if: the destination is well-served by the network and the schedule allows for productive use of travel time, leveraging their expert knowledge of routes and timetables, Use Private modes if: the journey requires flexibility for multiple stops or access to locations not easily reached by other means, prioritizing the absolute freedom to go anywhere at any time, Use Soft modes if: the trip is short and the anticipated difficulty of finding parking makes driving more of a hassle. A key consideration for this person is the conflict between the car's unparalleled freedom, which they strongly value, and their belief that it does not guarantee an on-time arrival. While they are exceptionally skilled at navigating the public transport system, their decision is tempered by a notable tolerance for traffic congestion and a comfort with making transfers during a journey."
70740120,"That person uses Public transports if: it's a routine trip on a familiar route for which they feel there is no alternative, Use Private modes if: the journey requires flexibility to go to a new destination or at an unscheduled time, Use Soft modes if: the distance is short enough that it is the most practical and direct choice. A key consideration for this individual is the tension between their identity as a lifelong, knowledgeable public transport user who feels constrained in their daily choices, and their strong appreciation for the absolute freedom a car provides; the ability to use travel time productively is not a motivating factor for them."
70740186,"That person uses Public transports if: the destination has significant parking challenges and a direct route without transfers is available, Use Private modes if: a simple, door-to-door journey is possible and parking at the destination is guaranteed, Use Soft modes if: the destination is nearby and can be reached directly. A primary consideration for this person is their strong dislike for changing transport modes during a trip and for searching for a parking space, which are much more significant factors in their decision than being stuck in traffic, an issue that does not bother them."
70740215,"That person uses Public transports if: the trip is a routine, direct route with no transfers, and the limitations of the schedule do not conflict with their planned activities, Use Private modes if: the journey requires flexibility, reliability, and is a single, direct trip to avoid activity cancellation, Use Soft modes if: the destination is close enough to avoid the boredom of traffic and the complexities or limitations of other modes. A key consideration is this person's strong preference for direct, single-mode journeys, stemming from a dislike of transfers and a feeling that public transport limits their activities. While comfortable traveling with strangers, their choice is ultimately driven by the perceived freedom and reliability of their habitual transport mode, which they feel they are often forced to use."
70740257,"That person uses Public transports if: the journey is to a predictable destination where traffic congestion or parking difficulties are likely, Use Private modes if: the trip requires absolute freedom in route and schedule, particularly to destinations poorly served by other options and where traffic is not a concern, Use Soft modes if: the distance is short, making it the most direct and efficient way to avoid the frustrations of both driving and waiting. The primary consideration for this person is a direct trade-off between the complete freedom a private car offers and their strong aversion to being stuck in traffic and searching for parking. Their decision is heavily influenced by the specific trip's context, as they are exceptionally comfortable traveling near strangers, are untroubled by changing modes of transport during a journey, and feel that public transit does not limit their activities, making it a highly viable alternative to driving."
70740266,"That person uses Public transports if: the destination is well-covered by the network they know by heart, allowing them to use their travel time productively, Use Private modes if: the journey requires absolute flexibility in timing and destination that other modes cannot offer and convenient parking is guaranteed, Use Soft modes if: the distance is short and the main priority is to completely avoid the frustrations of traffic and parking. A critical consideration for this individual, who frequently reconsiders their mode of transport, is their very strong aversion to looking for a parking space, which acts as a significant deterrent to using a car; this is balanced by an expert-level knowledge of public transport schedules, which they know by heart and find simple to navigate, making it an easy and familiar choice."
70740299,"That person uses Public transports if: the destination is well-connected by the network they know well and when a predictable arrival time is essential. Use Private modes if: the destination is not easily accessible by other means or flexibility is the highest priority, provided that parking is guaranteed. Use Soft modes if: the distance is short, for leisure, or to connect with other forms of transport. A key consideration is that their strong dislike for looking for parking often outweighs the car's flexibility, particularly because their expert knowledge of public transport schedules and routes makes it a very simple and reliable alternative."
70740427,"That person uses Public transports if: the journey is predictable and allows for productive use of travel time, leveraging their extensive knowledge of the network. Use Private modes if: the trip requires absolute flexibility to go anywhere at any time, especially to destinations poorly served by other options. Use Soft modes if: the distance is short, allowing them to avoid the frustrations of traffic and parking for local travel. A primary consideration for this individual is that they have an established routine for their usual activities, but their comfort with traveling near strangers and their willingness to change modes during a trip makes public transport a highly viable and frequently chosen option."
80630371,"That person uses Public transports if: the journey is routine to a familiar destination and is perceived as the only viable option available, Use Private modes if: the trip requires high flexibility in schedule or destination and enables participation in multiple activities, Use Soft modes if: the destination is very close and the route is direct, allowing for the avoidance of traffic. A primary consideration for this individual is the strong perception of having no real alternative to their usual mode of transport, creating a powerful travel habit. While they believe the car offers superior freedom and reliability, they also agree that public transport makes the city more welcoming and dislike being stuck in traffic, creating a conflict between practicality and personal values. Their decision is further shaped by a strong preference for direct journeys without transfers, which often favors private vehicle use over potentially complex public transport routes."
90300011,"That person uses Public transports if: the destination has severe parking restrictions or guaranteed traffic congestion, and the journey is direct without requiring any transfers, Use Private modes if: the trip requires flexibility in timing or destination, or when a direct, single-mode journey is the highest priority, Use Soft modes if: the distance is very short, allowing for a completely predictable trip that avoids both traffic and parking issues. The decision is driven by a strong aversion to changing modes mid-journey, being stuck in traffic, and searching for parking; this individual is not motivated by the social benefits of shared transit, meaning their choice is a pragmatic calculation to avoid their most disliked travel hassles."
90300012,"That person uses Public transports if: the journey is direct without requiring any transfers and it is perceived as the only viable option, Use Private modes if: the route is known to be free of traffic and convenient parking is guaranteed at the destination, Use Soft modes if: the distance is short enough for the trip to be efficient and it completely bypasses any potential for traffic or parking difficulties. A primary consideration for this individual is the strong aversion to being stuck in traffic and searching for parking, coupled with a significant dislike for changing modes of transport during a trip; while they tend to stick to a usual mode, they frequently reconsider their options, driven by the desire to minimize these specific travel frustrations."
90300013,"That person uses Public transports if: punctuality is important for a destination within the network, leveraging their belief in its reliability and positive civic impact, Use Private modes if: the destination is remote or the trip requires unparalleled flexibility that outweighs the strong frustrations of traffic, parking, and time uncertainty, Use Soft modes if: the trip is short and local, allowing them to completely avoid the traffic and parking issues they strongly dislike. The primary decision factor is a conflict between the car's freedom and its practical unreliability; they strongly dispute that cars ensure punctuality and hate traffic, while viewing public transport as a non-limiting, lifelong habit that makes the city better."
90300138,"That person uses Public transports if: the route is direct without requiring transfers and the destination is in a congested area with known parking difficulties, Use Private modes if: the trip requires flexibility or the destination is hard to reach by other means, and traffic and parking are not expected to be an issue, Use Soft modes if: the distance is short, allowing for a simple and direct trip that completely bypasses any potential traffic or parking stress. The decision is consistently guided by a strong aversion to specific travel hassles, namely being stuck in traffic, the difficulty of finding a parking space, and the inconvenience of changing transportation modes mid-journey."
90300157,"That person uses Public transports if: their car is completely unavailable and the destination is inaccessible by other means, Use Private modes if: for nearly every journey, as it is their default habit and they perceive it as the most reliable and flexible option, Use Soft modes if: the trip is very short and the hassle of finding car parking is a significant deterrent. A primary consideration is that this individual is a deeply habitual traveler who has not used public transport throughout their life, making decisions based on the strong belief that a car offers unparalleled freedom to go wherever and whenever, ensuring they are always on time."
90300161,"That person uses Public transports if: the journey is a direct, familiar route to a destination with predictable traffic or difficult parking, allowing them to use their travel time productively. Use Private modes if: the trip requires maximum flexibility and punctuality to reach destinations not easily served by other modes, provided traffic and parking are manageable. Use Soft modes if: the trip is short and direct, offering a hassle-free alternative that avoids both traffic and parking problems. A crucial consideration is their strong dislike for changing means of transport during a trip, making them favor direct routes, while their ultimate choice balances the car's convenience against their deep frustration with traffic and the search for parking."
90300331,"That person uses Public transports if: the journey has a simple, direct route and convenience is the main priority, as they are not bothered by traveling near strangers. Use Private modes if: the trip demands absolute flexibility in destination and timing, or when punctuality is perceived as essential. Use Soft modes if: the distance is short and it is the most direct and efficient option for a simple errand. A primary consideration is that this individual strongly believes they have a choice of transport and does not rely on a single, habitual mode; their decision is heavily influenced by a belief in the car's superior flexibility and reliability, making it the preferred option for any journey where control over the schedule is important."
90300344,"That person uses Public transports if: it is the only practical and available option for their regular journeys. Use Private modes if: the destination is not well-connected by other transport options and parking is known to be easy. Use Soft modes if: the travel distance is short, making it convenient for local trips or for accessing public transport hubs. A key consideration for this individual is that they feel compelled to use their current transport mode due to a lack of alternatives, which fundamentally shapes their choices. Despite this constraint, they strongly believe public transit contributes positively to the city's environment, suggesting a supportive attitude towards it."
90300345,"That person uses Public transports if: the journey is routine and the destination is well-served by the network, leveraging their lifelong familiarity and pro-public transit attitude. Use Private modes if: the trip demands a level of flexibility in destination or schedule that other modes cannot offer. Use Soft modes if: the distance is short, allowing for a predictable travel time that completely avoids the traffic they strongly dislike. A major consideration is that this person fundamentally believes car travel is unreliable for punctuality due to a strong aversion to traffic delays, which contrasts with their positive civic view of public transport and pushes them to frequently reconsider their travel choices."
90300367,"That person uses Public transports if: the destination is known to have severe traffic or parking problems, and they are familiar with the route. Use Private modes if: they require flexibility to go anywhere at any time or when they believe it is the only way to be on time and not miss out on activities. Use Soft modes if: the distance is short, and they want to avoid both traffic congestion and the discomfort of being in crowded spaces. A primary consideration is the person's conflict between valuing the car's freedom and reliability against their strong dislike for traffic and searching for parking. While they are knowledgeable about public transport, their choice is significantly influenced by a discomfort traveling close to strangers and a belief that it restricts their activities, despite also feeling it makes the city more welcoming."
90300423,"That person uses Public transports if: the journey is familiar and can be completed on a direct route without transfers. Use Private modes if: flexibility to go anywhere at any time and a guaranteed on-time arrival are paramount, provided that parking is not an issue. Use Soft modes if: the trip is for a short, routine activity where the convenience of door-to-door travel is most important. A significant consideration is their strong dislike for both searching for a parking place and changing transport modes mid-journey, creating a tension between the car's freedom and its practical difficulties, which is weighed against their lifelong, positive attitude toward public transport despite feeling no personal connection to its operators."
90300470,"That person uses Public transports if: the route is clear and it offers a reliable way to bypass traffic congestion, Use Private modes if: the destination is not easily accessible by other means or when the freedom to travel at any moment is the top priority, Use Soft modes if: the journey is short and it is the most efficient option for avoiding localized traffic. A key factor in their decision is a strong dislike for being stuck in traffic, which tempers their appreciation for the car's freedom to go anywhere; importantly, this person is very comfortable traveling close to strangers and feels their activities are not limited by using public transport, making it a strong and frequent choice, although complex schedules can be a deterrent."
90300827,"That person uses Public transports if: the trip is on a familiar, direct route and the travel time can be used productively, Use Private modes if: the destination is difficult to reach by other means or if the trip requires maximum freedom and flexibility, Use Soft modes if: the journey is short and the route is straightforward, prioritizing a simple door-to-door trip. A primary consideration is their strong belief that a car provides the ultimate freedom to go wherever and whenever, yet this is weighed against their expert knowledge of which bus or train to take; notably, they do not have public transport schedules memorized and prefer to avoid trips that involve transfers."
90300910,"That person uses Public transports if: the journey is a familiar, predictable routine where travel time can be used productively, Use Private modes if: the trip requires high flexibility for multiple stops or destinations that are poorly served by other options, and when traffic and parking are not expected to be issues, Use Soft modes if: the distance is short and the goal is to completely avoid the stress of traffic and parking for a local trip. A key consideration in their decision is a very strong dislike for being stuck in traffic and searching for a parking space, which are major deterrents that often override the car's convenience."
90301125,"That person uses Public transports if: the trip is a regular or familiar journey where they know the routes and schedules well, Use Private modes if: the destination is not easily accessible by their known public transport network or the trip requires maximum flexibility, Use Soft modes if: the journey is short and direct, allowing them to avoid the known hassles of other modes like traffic or waiting times. A primary consideration is the person's strong belief that public transport makes the city more welcoming; their choice is also heavily influenced by a strong aversion to being stuck in traffic and searching for parking, while placing no value on using travel time productively."
90301139,"That person uses Public transports if: the journey is predictable to a destination where parking is difficult, and the travel time can be used productively. Use Private modes if: being on time is the absolute priority, the trip requires flexibility, or it is perceived as the only viable alternative. Use Soft modes if: the trip is short and local, allowing them to completely avoid the stress of traffic and parking. A key consideration for this individual is the conflict between their strong belief that a car guarantees punctuality and their desire to use travel time productively; this choice is further complicated by their very poor knowledge of public transport schedules, which acts as a significant practical barrier despite their belief that transit makes the city more welcoming."
90302016,"That person uses Public transports if: the service is direct without any need for transfers and allows for productive use of travel time, Use Private modes if: it is perceived as the only practical or direct alternative for a specific journey, Use Soft modes if: the distance is short and it offers the most straightforward door-to-door option. A significant consideration is that this person strongly dislikes changing their means of transport during a trip and often feels they have no other choice in their mode, yet they are very comfortable traveling close to people they do not know."
90320070,"That person uses Public transports if: the destination is well-served by the network, allowing them to use their travel time productively. Use Private modes if: there is no viable public transport alternative available for a specific journey. Use Soft modes if: the distance is short and the route allows them to completely avoid traffic. The key consideration in their decision is a strong aversion to being stuck in traffic, which is coupled with a firm belief that cars do not offer freedom of movement; while they are ideologically supportive of public transit and frequently reconsider their options, the feeling of having no other alternative is the main exception that dictates their choice."
90320178,"That person uses Public transports if: the destination is well-served by the network, as they are a lifelong, expert user who wants to use their travel time productively. Use Private modes if: a trip is unavoidable to a location with poor public transport access or involves carrying heavy items, as it is not a preferred option. Use Soft modes if: the distance is short and the journey is for a local errand or to connect with a public transport station. A key consideration in their decision is a strong belief that cars are unreliable for arriving on time, combined with a significant dislike for being in traffic and searching for parking. This individual is a highly flexible traveler who knows the public transport system extremely well and is not bothered by transferring between modes or being near strangers, allowing them to actively choose the most efficient option for each journey."
90320344,"That person uses Public transports if: the journey is a routine trip to a familiar destination with a known schedule, allowing travel time to be used productively. Use Private modes if: the trip is time-critical or involves multiple stops, where the need for guaranteed punctuality and flexibility is the highest priority. Use Soft modes if: the travel distance is short, primarily to avoid the hassles of traffic and parking, or as part of a multi-modal journey. A crucial factor in their decision is the strong belief that a car guarantees punctuality, which they feel is compromised by public transport's potential to limit their activities; however, they are not bothered by traveling near strangers or changing transport modes, making them very open to shared options when time is not the overriding concern."
90320560,"That person uses Public transports if: it is their standard choice for almost any trip, leveraging their lifelong expertise of the system to ensure the journey time is used productively. Use Private modes if: it is an exceptional circumstance, such as transporting a heavy item or reaching a destination entirely unserved by other options, where punctuality is not a primary concern. Use Soft modes if: the travel distance is very short or to connect with a public transport station. A significant consideration is their ability to use travel time productively; they will favor public transport because they strongly disagree that cars ensure on-time arrival and do not believe that public transit limits their ability to do activities."
90320647,"That person uses Public transports if: it is for a regular, familiar journey where they know the schedules well, Use Private modes if: the trip requires absolute punctuality to a destination not well-served by their usual transit routes, Use Soft modes if: it is for a very short trip or to connect with their main public transport line. A key consideration is that this person strongly feels they have no alternative to their usual, habitual mode of transport; while they believe public transit improves the city, their lack of confidence in navigating the broader network for unfamiliar destinations reinforces their reliance on established travel patterns."
90320692,"That person uses Public transports if: a direct route is available that does not require changing vehicles, Use Private modes if: the destination is inaccessible by any direct public transport route and the trip is unavoidable, Use Soft modes if: the journey is short and the weather permits, avoiding both traffic and the need for transfers. A critical consideration for this person is their profound dislike for changing modes during a trip, which often outweighs other factors; this, combined with a strong aversion to traffic congestion and searching for parking, reinforces their reliance on a familiar public transport system they feel they have little alternative but to use."
90320748,"That person uses Public transports if: the trip is part of their established daily routine, as they are a lifelong and expert user who feels they have no other practical alternative, Use Private modes if: an activity is impossible to accomplish with public transport, making a car the only option despite a strong aversion to being bored in traffic, Use Soft modes if: the distance is short and the journey is for a local purpose where public transport is less convenient. A key consideration is their extremely ingrained travel habit, as they do not reconsider their mode choice and strongly believe public transport benefits the city, viewing it as their only real option; their intense boredom with traffic is a major deterrent from using private vehicles."
90320760,"That person uses Public transports if: it is for their regular, daily activities, as they are a knowledgeable and habitual user who values using travel time productively, Use Private modes if: they are a passenger in an exceptional circumstance, as they show no evidence of using a personal car, Use Soft modes if: traveling short distances or to connect with the public transport network. A significant consideration is that their choice is heavily influenced by a perceived lack of alternatives and a lifelong habit, which is enabled by their comfort with traveling near strangers and a positive view of public transit's role in the city."
90320845,"That person uses Public transports if: they perceive it as their only viable option for regular journeys, leveraging their familiarity with the network and positive view of its civic benefits. Use Private modes if: the destination is completely inaccessible by other means or a trip's specific needs, like transporting large items, make it the only practical choice. Use Soft modes if: the journey is short and direct, allowing them to completely avoid traffic, parking hassles, and inconvenient transfers. A primary consideration is that this person feels their current transportation choice is dictated by a lack of other options rather than true preference; they are strongly deterred by traffic congestion, the difficulty of finding parking, and journeys that require changing modes."
90321235,"That person uses Public transports if: the route and schedule are well-known, allowing for the journey time to be used productively. Use Private modes if: arriving on time is the absolute priority and the trip can be made when the risks of traffic and parking difficulties are low. Use Soft modes if: the distance is short, making it the most direct and hassle-free option. A key consideration is their strong aversion to being stuck in traffic, which often outweighs the belief that a car ensures punctuality, especially when combined with the significant dislike of searching for a parking space."
90321321,"That person uses Public transports if: the destination is accessible by the network, as this is their default and highly preferred mode, backed by lifelong experience and expert knowledge. Use Private modes if: there is no other feasible option, likely for specific tasks like transporting bulky goods rather than for daily travel. Use Soft modes if: the distance is short, for recreational purposes, or to facilitate the first and last mile of a public transport journey. The decision is overwhelmingly guided by a strong aversion to traffic and the stress of parking, and they do not view cars as a reliable or flexible option; conversely, they are extremely comfortable with all aspects of public transit, from sharing space with strangers to making transfers, and see it as a civic benefit that fully enables their lifestyle."
92460013,"That person uses Public transports if: the trip is a routine journey to a location with known parking difficulties, and they are very familiar with the route and schedule, Use Private modes if: the destination requires maximum flexibility and cannot be reached without potentially canceling other activities, Use Soft modes if: the destination is very close and the trip is too short to justify the hassle of driving and finding a parking spot. A key consideration is that this person feels they have no alternative to their usual mode of transport and strongly values the ability to go wherever and whenever they want, yet they are not at all uncomfortable traveling close to strangers, making public transport a psychologically viable option."
92460014,"That person uses Public transports if: the journey is for a routine activity to a location with predictable traffic and difficult parking, Use Private modes if: the trip requires flexibility for multiple activities or access to destinations they feel are poorly served by other options, Use Soft modes if: the distance is short, allowing them to completely avoid the traffic and parking frustrations they strongly dislike. Despite being very comfortable traveling near strangers and believing public transport improves the city, their decision hinges on a conflict between the car's perceived freedom to enable any activity and a strong aversion to traffic jams and the hassle of parking."
92460117,"That person uses Public transports if: it is a familiar, routine journey where they can leverage their extensive knowledge of the network. Use Private modes if: the destination requires a high degree of flexibility, and convenient parking is guaranteed. Use Soft modes if: the trip is for a very short distance where it is the most simple and direct option. A critical consideration is that while they feel locked into their usual mode of transport, a strong aversion to looking for parking acts as a major deterrent to driving, whereas their excellent knowledge of the transit system and comfort traveling near strangers make public transport an efficient and practical default."
92460281,"That person uses Public transports if: their private vehicle is completely unavailable and it is the only remaining option for a mandatory trip. Use Private modes if: conducting virtually any daily activity, as they perceive it as their only choice for freedom, reliability, and personal comfort. Use Soft modes if: the trip is for recreation or covers an extremely short distance where driving is not feasible. A critical consideration is the person's strong discomfort with traveling near strangers and their conviction that a car is the only mode that offers freedom and ensures punctuality; they are extremely unlikely to change their habits, strongly dislike transfers, and believe public transport would force them to cancel activities."
92460355,"That person uses Public transports if: the destination is in an area where finding a parking place is expected to be difficult, Use Private modes if: the trip requires flexibility and punctuality, as they believe the car allows them to go wherever and whenever they want while ensuring they are on time, Use Soft modes if: the distance is very short and convenience is not a primary concern. A key consideration for this person is the major conflict between their perception of the car as the most reliable and flexible option and their strong dislike for the hassle of finding parking. Although they agree that public transport is good for the city, their choice is ultimately driven by a strong sense of habit and the feeling of having no real alternative for their usual activities, as they very rarely reconsider their mode of transport and have no personal familiarity with public transit staff."
92460361,"That person uses Public transports if: it is the only perceived or available option for their routine travel, Use Private modes if: the destination is poorly served by other means and the need for flexibility is high, Use Soft modes if: the trip is short and direct, allowing for a single-mode journey. The most significant consideration for this person is the strong feeling that they use their current mode of transport because there is no alternative, a decision reinforced by a dislike for being stuck in traffic and searching for parking, as well as a preference for trips that do not require changing modes."
92460638,"That person uses Public transports if: the journey is a highly familiar and routine trip where they feel a sense of community, Use Private modes if: the destination is unfamiliar or the trip is spontaneous, requiring a level of flexibility they do not know how to achieve with other modes, Use Soft modes if: the trip is short and the destination is known to have significant parking difficulties. A primary consideration is the person's conflicting beliefs; they feel a car provides the ultimate freedom to go anywhere, yet strongly disagree that using public transport would limit their activities, suggesting their choice is dictated by a lack of practical knowledge of the transport network for new journeys, despite their strong social and civic appreciation for it."
92460665,"That person uses Public transports if: the journey is to a congested area where traffic and parking are known to be extremely difficult, and a simple, direct route is available. Use Private modes if: the need for absolute flexibility in destination and timing is the top priority, forcing them to accept the high probability of being stuck in traffic and the hassle of parking. Use Soft modes if: the distance is short enough to be traveled quickly, allowing them to completely avoid the frustrations of both traffic and parking without needing to transfer. A primary consideration for this person is the conflict between the absolute freedom to travel anywhere at any time, which they strongly associate with private cars, and their intense dislike for traffic and searching for parking; while they feel they have no alternative to their usual mode, they do not trust it for punctuality and are very comfortable traveling near strangers, indicating a strong potential to switch if a viable alternative is presented."
92460719,"That person uses Public transports if: the trip is routine and predictable, heading to a destination with known parking difficulties, and the service is convenient enough not to restrict their plans, Use Private modes if: the destination is not well-served by other options or when they need maximum flexibility to combine multiple activities in one trip, Use Soft modes if: the distance is very short and the trip is for leisure or a minor errand. A key consideration is their strong belief that they have no real alternative for their travel and that a private car offers unparalleled freedom to go anywhere at any time, which heavily influences their choice; however, this is countered by their agreement that public transport makes the city more welcoming and their significant dislike for the hassle of finding a parking space."
92460819,"That person uses Public transports if: the route is straightforward, as they are motivated by the strong belief that their choice contributes to a more pleasant city, Use Private modes if: the destination is poorly connected by other means and parking is easy and guaranteed, Use Soft modes if: the distance is short and the journey itself is pleasant. A primary consideration is their strong belief that using the bus makes the city more comfortable and welcoming, which is weighed against their view that cars are not a reliable way to be on time and their dislike for looking for a parking place."
95240035,"That person uses Public transports if: it is for a regular, familiar trip where using a private vehicle is not a viable option and the route is direct without requiring transfers, Use Private modes if: the journey requires flexibility in timing and destination, a guarantee of being on time, and a direct door-to-door trip, Use Soft modes if: the destination is very close, making walking the most direct and convenient option for a short, single-purpose journey. A primary consideration is the person's powerful belief that they have no real alternative to their usual mode and that private cars offer complete freedom and punctuality, a view reinforced by a strong dislike for changing transport modes during a journey and the perception that public transport would force them to cancel activities."
95240036,"That person uses Public transports if: the trip is a long, direct journey on a familiar route that allows for productive use of travel time, and where punctuality is not a primary concern, Use Private modes if: the journey requires flexibility in timing and destination, or involves multiple activities that would otherwise be cancelled, Use Soft modes if: the destination is very close, allowing for a simple, direct trip without the need for complex navigation or transfers. A key consideration for this individual is the strong conflict between their desire to use travel time productively and their belief that only a private car offers the freedom and reliability to go wherever and whenever without cancelling activities; they strongly dislike changing modes of transport during a journey and find public transport schedules difficult to understand."
95240138,"That person uses Public transports if: it is their habitual, lifelong mode and they feel they have no alternative for their regular activities. Use Private modes if: arriving on time is the absolute priority and they can gain access to a vehicle for a specific trip. Use Soft modes if: the distance is short and it provides a reliable way to avoid the traffic they strongly dislike. A key consideration is their constant re-evaluation of travel options, stemming from a conflict between feeling trapped in their usual mode and a strong belief that private cars are more punctual, balanced against a deep aversion to traffic."
95240293,"That person uses Public transports if: the destination is served by the network, as they are a highly knowledgeable and lifelong user who is comfortable with transfers and crowds. Use Private modes if: the destination is completely inaccessible by other means and punctuality is not critical, given their belief that cars are unreliable. Use Soft modes if: the trip is for a short distance where walking or cycling is the most direct or pleasant option. A key consideration is that while they are a dedicated public transport user, they frequently re-evaluate their choice for each trip and are strongly motivated by a belief that cars are unreliable for being on time and an intense boredom with traffic."
95240296,"That person uses Public transports if: their activities are planned and the routes are familiar, enabling them to use travel time productively. Use Private modes if: the trip requires absolute freedom and flexibility for spontaneous or complex journeys. Use Soft modes if: the distance is short, especially to avoid parking difficulties or to connect with other forms of transport. The decision is primarily a trade-off between the car's unparalleled freedom to go anywhere and the belief that public transport can limit their activities; however, this person is highly adaptable, being very comfortable with changing transport modes and traveling near strangers, allowing them to choose the most logical option for each journey."
95240363,"That person uses Public transports if: the journey is for a routine activity to a destination well-served by the network, particularly when traffic congestion or parking difficulties are expected. Use Private modes if: the trip's purpose or destination is perceived as impossible to manage with public transport, making the vehicle's flexibility essential despite the high stress from potential traffic. Use Soft modes if: the distance is short, allowing for a trip that completely bypasses the frustrations of both traffic and fixed transit schedules. A crucial factor in their decision is a strong dislike for being stuck in traffic, which heavily discourages car use, yet this is constantly weighed against the perception that public transportation limits the types of activities they can do."
95240423,"That person uses Public transports if: the journey is for a regular or time-sensitive activity, as they are a highly experienced and comfortable lifelong user who knows the system well. Use Private modes if: the trip requires absolute freedom to go to a destination not easily accessible by other means, despite the significant drawbacks they perceive. Use Soft modes if: the distance is short, allowing them to completely avoid the traffic and parking hassles they strongly dislike. A key consideration for this person is the conflict between the car's promise of ultimate freedom to go wherever and whenever, and their strong belief that it is not a reliable way to be on time due to the frustrations of traffic and looking for parking, which causes them to frequently reconsider their choice of transport."
95240547,"That person uses Public transports if: the journey is direct and predictable, allowing them to avoid the stress of traffic, Use Private modes if: there are no viable alternatives or the destination requires maximum flexibility, Use Soft modes if: the distance is short and it is the most effective way to bypass traffic congestion. A primary consideration for this person is the conflict between the absolute freedom a car provides and their strong aversion to traffic congestion; their current travel choice is heavily influenced by a perceived lack of alternatives, even though they are very comfortable sharing space with strangers on public transport."
95240586,"That person uses Public transports if: it is for their regular activities, as they are a lifelong, knowledgeable user and the network serves their needs without limiting their lifestyle. Use Private modes if: they are in a situation with no other viable option, likely relying on a taxi or a ride from another person for a destination inaccessible by other means. Use Soft modes if: the distance is short enough for local errands or to connect with the public transport system. A key consideration for this individual is that while they feel they have no alternative to their main mode of transport, they are very comfortable traveling near strangers and are confident that public transport allows them to do all the activities they want."
95240673,"That person uses Public transports if: the journey is routine and follows a predictable schedule, as they are highly knowledgeable about the network and comfortable with the experience. Use Private modes if: the trip requires absolute flexibility in destination and timing or when being on time is the highest priority. Use Soft modes if: the distance is short or as a convenient part of a multi-modal trip, leveraging their general openness to changing transport means. A key consideration is that this individual strongly believes they always have a choice of transport and is not a captive user of any single mode; their decision weighs the car's perceived advantages of freedom and punctuality against their confidence in a public transport system they do not find limiting or difficult to use."
95240835,"That person uses Public transports if: the destination is not within walking distance but is conveniently served by a direct route. Use Private modes if: it is an exceptional circumstance requiring a taxi or a ride from someone else, as they do not operate a personal vehicle. Use Soft modes if: the destination is close enough to be easily reached by walking or cycling. A key consideration for this individual is their profound lack of strong opinions on travel aspects, combined with the fact that personal car use is not a factor, which frames their transportation choices around simple convenience and necessity rather than a complex evaluation of alternatives."
96040078,"That person uses Public transports if: driving is completely unfeasible due to factors like a destination being inaccessible to cars or having absolutely no parking, as it is considered a last resort. Use Private modes if: it is the default for nearly all travel, perceived as the only viable option that guarantees the freedom, flexibility, and punctuality required for their activities. Use Soft modes if: the destination is extremely close and the trip is a simple, standalone journey. A key consideration for this person is the tension between their intense dislike of traffic and parking hassles and their conviction that the car is the only mode that offers freedom and ensures they arrive on time; they tolerate the car's drawbacks because they feel they have no alternative and believe public transport is too restrictive and would force them to cancel activities."
96040214,"That person uses Public transports if: it is the only available option for a specific, familiar, and direct route, Use Private modes if: they require flexibility in timing and destination or need to guarantee their arrival time, Use Soft modes if: the destination is very close and using a vehicle is completely impractical. A major consideration is that this person is a creature of habit who strongly prefers direct, single-mode journeys and is not open to reconsidering their travel choices; they value the absolute freedom and reliability a car provides and are hindered by a lack of knowledge about the public transport network."
96040355,"That person uses Public transports if: the journey is a familiar route that does not require transfers and allows them to complete all their planned activities, Use Private modes if: the travel is essential for participating in specific activities that are otherwise inaccessible by other means, Use Soft modes if: the destination is nearby, allowing for a direct trip where car parking is a known inconvenience. A primary consideration is the need for a direct journey without transfers; while they are very comfortable traveling with strangers, this is weighed against the belief that public transport can be restrictive and a strong dislike for looking for a parking space."
96040363,"That person uses Public transports if: the journey is direct without requiring transfers and does not restrict their ability to perform other activities. Use Private modes if: flexibility, reliability, and the freedom to go anywhere at any time are necessary, which they feel is most often the case due to a perceived lack of alternatives. Use Soft modes if: the destination is very close and the trip is for a minor, non-essential purpose. A key consideration for this individual is that despite a willingness to reconsider their mode of transport and being completely comfortable traveling close to strangers, they are constrained by a strong belief that only a private car provides absolute freedom and guarantees punctuality, a view reinforced by the fact that they do not dislike searching for parking."
96040381,"That person uses Public transports if: it is a routine journey for which they have expert knowledge of the routes and schedules, allowing them to use their travel time productively, Use Private modes if: a specific activity is completely inaccessible by public transport, forcing them to accept the high probability of being late and the hassle of finding parking, Use Soft modes if: the trip is short enough to completely avoid the traffic and parking issues associated with cars. A key consideration is that this person feels they have no real alternative to their current mode, which is reinforced by a lifelong habit and expert knowledge of the public transport system. Furthermore, their choice is heavily influenced by a strong dislike for being stuck in traffic and searching for parking, coupled with a belief that using a car does not guarantee an on-time arrival, while they feel completely comfortable traveling near strangers."
96040382,"That person uses Public transports if: the destination is well-served by the network, as this is their expertly-known and lifelong primary mode of travel. Use Private modes if: a trip is impossible by other means and requires absolute flexibility, forcing them to tolerate the traffic and parking hassles they strongly dislike. Use Soft modes if: the journey is for a short distance where it is more convenient than waiting for a connection or finding a parking spot. A key consideration is that this person feels they have no real alternative for their travel, a choice reinforced by their extreme dislike of being stuck in traffic and searching for parking, and they strongly disagree that cars ensure a punctual arrival, feeling perfectly comfortable traveling near strangers."
96040452,"That person uses Public transports if: the journey is predictable and allows for productive use of time, leveraging their extensive knowledge of the network to avoid traffic, Use Private modes if: the destination is poorly served by other options or the trip demands absolute freedom and flexibility in route and schedule, Use Soft modes if: the distance is short, enabling a direct door-to-door trip that avoids the complexities of both driving and public transport schedules. A key consideration for this person is the trade-off between the car's unparalleled flexibility to go anywhere at any time and their strong aversion to the stress of traffic and parking; although an expert public transport user who feels it does not limit their activities, they may be deterred by services with schedules they find difficult to understand."
96040496,"That person uses Public transports if: the destination is in a heavily congested area with difficult parking and a direct, transfer-free route is available, Use Private modes if: the journey requires absolute flexibility, guarantees punctuality, or involves activities that they believe are impossible with other modes, Use Soft modes if: the distance is very short, making it the most direct and convenient option for a simple, local trip. A crucial factor is their conviction that they have no real alternative to their private vehicle, as they believe it is the only way to guarantee punctuality and freedom, preventing them from having to cancel activities; this belief persists despite a strong aversion to traffic and a deep dislike for changing modes during a trip."
96040515,"That person uses Public transports if: the destination is easily accessible and the journey does not restrict their ability to complete planned activities, especially when it is a good way to avoid traffic. Use Private modes if: it is their habitual choice for regular activities, driven by a feeling that it is the only viable option to maintain a flexible schedule. Use Soft modes if: the distance is very short, and it is more convenient than dealing with the hassles of their primary mode of transport. A critical factor in their behavior is the strong conviction that they have no real alternative for their travel, making them a creature of habit with a usual mode; this is reinforced by the belief that private vehicles provide essential freedom, while public transport is perceived as too restrictive, forcing them to cancel activities."
96040537,"That person uses Public transports if: the journey is a direct, single-vehicle trip that allows for productive use of time. Use Private modes if: the trip requires flexibility in timing or destination, as they strongly feel they have no other alternative and believe their car provides the freedom to go wherever and whenever. Use Soft modes if: the trip is for recreation or covers a very short distance where a vehicle is impractical. A significant consideration is that this person's choice is deeply habitual and driven by the strong belief that a car is essential for their freedom of activity, though their decision is not influenced by any discomfort with traveling close to strangers."
96040538,"That person uses Public transports if: a journey has a simple, direct route that allows for the productive use of travel time and where using a private vehicle is highly impractical. Use Private modes if: the trip requires absolute flexibility in timing and destination, guaranteed punctuality, and a seamless, door-to-door journey. Use Soft modes if: the destination is very close, making it the most convenient and direct option for a short trip. A primary consideration is the person's strong belief that they have no real alternative to their current, habitual mode of transport, which is compounded by a significant aversion to changing modes during a trip and the fact they have not been a lifelong public transport user."
30860447,"That person uses Public transports if: the journey is direct, on a familiar route, and does not require any transfers. Use Private modes if: the trip demands flexibility in timing and destination, or to avoid changing modes of transport. Use Soft modes if: the distance is short and the route is simple, offering a direct door-to-door option. A key consideration is that their strong dislike for transfers and the perceived freedom of a car to go anywhere at any time often outweighs their lifelong habit of using public transport, especially when faced with schedules they find difficult to understand."
