ID,response
10350017,"That person uses Public transports if: the trip is predictable and allows for productive use of time, as they are a very experienced and comfortable user who sees it as a social good. Use Private modes if: the journey demands absolute flexibility in destination and timing or involves activities that are otherwise inaccessible, provided the risks of traffic and parking problems are minimal. Use Soft modes if: the distance is short and the main objective is to completely avoid the frustrations of traffic and parking for local travel. A key consideration is the person's conflict between the car's perceived freedom and its practical unreliability due to traffic, which they strongly dislike; despite being a lifelong public transport user, their choice is ultimately constrained by a strong belief that it forces them to cancel certain activities."
10350133,"That person uses Public transports if: the destination is well-served by the network and punctuality is more important than flexibility, especially for avoiding predictable traffic. Use Private modes if: the trip requires absolute flexibility in destination or timing, and it is their habitual choice for which they feel there is no viable alternative. Use Soft modes if: the travel distance is very short and the main goal is to avoid the hassle and unpredictability of traffic for a local trip. A key consideration for this individual is their strong belief that they lack alternatives, making them highly reliant on their habitual mode; while they strongly associate private vehicles with the freedom to go anywhere at any time, they disagree that this mode guarantees punctuality, creating a conflict between perceived flexibility and experienced unreliability."
10350199,"That person uses Public transports if: the route is simple and helps to avoid the boredom of traffic congestion, Use Private modes if: the trip requires flexibility in destination or timing to ensure they can complete all desired activities, Use Soft modes if: the distance is short and it is the most convenient way to bypass traffic. A critical consideration for this person is their powerful belief that a car provides the freedom to go wherever and whenever they want, in stark contrast to the perception that using public transport would force them to cancel activities; notably, they are not at all uncomfortable traveling close to people they do not know."
10360009,"That person uses Public transports if: the journey is direct without transfers and allows them to use their travel time productively, Use Private modes if: they need the flexibility to go anywhere at any time, as they feel it is their only viable option for their usual activities, Use Soft modes if: the distance is very short for a minor, non-essential trip. A key consideration is that this individual is deeply set in their travel habits, strongly believing they have no real alternative to their usual mode of transport which provides a crucial sense of freedom, and they are not motivated by the collective benefits of public transport."
10360011,"That person uses Public transports if: the destination is difficult to access by car due to extreme traffic or parking issues, and the journey is direct without requiring transfers, Use Private modes if: it is perceived as the only viable option to maintain their schedule and access all desired activities, Use Soft modes if: the trip is very short and for recreational or non-essential purposes where time and habit are not constraints. A key consideration is that this person feels locked into a habitual mode of transport, viewing it as their only alternative; however, a strong aversion to being stuck in traffic is a significant exception that could compel them to change their routine."
10360023,"That person uses Public transports if: the route is simple and the schedule is exceptionally clear, especially for trips into areas with predictable traffic. Use Private modes if: it is their default choice for most activities, as they feel they have no alternative and strongly value the ability to go wherever and whenever they want. Use Soft modes if: the trip is for recreation or is very short, where the perceived flexibility of a car is not a deciding factor. A key consideration is that this person's choice is governed by a powerful belief that the car provides ultimate freedom, which is contrasted by a strong feeling of having no other viable alternative, a situation reinforced by finding public transport schedules very difficult to understand."
10360095,"That person uses Public transports if: it is the only available option, forcing them to overcome their significant lack of knowledge about the system, Use Private modes if: maximum flexibility in schedule and destination is required, and they do not anticipate severe traffic or parking problems, Use Soft modes if: the distance is short and the main goal is to avoid traffic congestion and the hassle of parking. A critical factor is their strong belief that they have no real alternative to their usual mode, valuing the freedom to go anywhere at any time, even though they intensely dislike traffic; this perception is cemented by a complete unfamiliarity with public transport schedules."
10360162,"That person uses Public transports if: the journey allows for transfers and strict punctuality is not the primary concern, Use Private modes if: being on time is essential and the trip requires maximum flexibility, Use Soft modes if: it is part of a larger multi-modal journey connecting them to other forms of transport. A primary consideration is their strong belief that the car guarantees punctuality, a view unshaken by the hassle of parking, which they do not mind at all. This is balanced by a positive civic attitude towards public transport and a notable willingness to change modes of transport during a single trip, which is a significant enabler for using buses or trains."
10360177,"That person uses Public transports if: driving is impossible or severely restricted and it is the only option available for a necessary trip, Use Private modes if: it is their default for almost any journey, as they feel it is their only alternative and provides essential freedom and flexibility, Use Soft modes if: the trip is for a very short, self-contained distance where using a vehicle is completely impractical. A major consideration for this person is the conflict between the freedom their car provides and their strong dislike for being stuck in traffic. While they believe they have no alternative and that using public transport would limit their activities, their choice is heavily influenced by a profound lack of knowledge of the public transport network, as they do not know the routes or schedules and find them difficult to understand."
10360195,"That person uses Public transports if: their primary vehicle is unavailable and the trip is simple, direct, and will not limit their ability to do other activities, Use Private modes if: the journey requires absolute freedom to go wherever and whenever, and being on time is critical, Use Soft modes if: the destination is extremely close for a single, non-essential purpose where flexibility is not a concern. A crucial consideration is the person's strong belief that their car provides complete freedom and ensures punctuality, while a key factor preventing a mode change is their conviction that using public transport would force them to cancel activities, making them resistant to reconsidering their habitual choice."
10360212,"That person uses Public transports if: the destination has severe parking restrictions and traffic congestion, and a direct, easy-to-understand, single-vehicle route is available, Use Private modes if: they need to follow their established routine and feel they have no other viable option to guarantee flexibility and punctuality, Use Soft modes if: the trip is for a very short distance where the hassle of taking a car, particularly finding parking, outweighs the convenience. This person is highly resistant to changing their habits and strongly dislikes any trip that requires a transfer. A primary consideration is their profound frustration with traffic and the search for parking, which conflicts with their feeling of having no alternative to their usual mode of transport. Any alternative must be exceptionally simple and direct, as they have a very poor understanding of the public transport network and find its schedules difficult to comprehend."
10360225,"That person uses Public transports if: the journey is predictable along a direct, familiar route, which allows for productive use of travel time. Use Private modes if: the trip demands absolute flexibility in destination and timing that other modes cannot provide. Use Soft modes if: the trip is short, allowing for a simple door-to-door journey that avoids the hassles of traffic, parking, or transit schedules. A key consideration for this person is the constant trade-off between the car's freedom to go anywhere at any time and a strong aversion to traffic and searching for parking; their choice is further constrained by a significant preference for direct journeys without transfers, regardless of the transport mode."
10360236,"That person uses Public transports if: a direct route is available that allows them to use their travel time productively, especially when parking at the destination is a known challenge. Use Private modes if: they require absolute freedom and flexibility in their schedule and destination, or when they believe it is the only viable option to complete all their desired activities. Use Soft modes if: the trip is for a very short distance where the significant hassle of finding a parking spot outweighs the convenience of driving. A key consideration for this person is the major conflict between their belief that a car provides essential freedom to go anywhere and their strong dislike for finding parking; while they feel they often have no alternative to their usual transport and that public transit limits their activities, their desire to be productive during a trip and their comfort traveling with others are powerful motivators for choosing a non-car option when it is convenient."
10360415,"That person uses Public transports if: their private vehicle is completely unavailable and there is no other conceivable alternative for an essential journey. Use Private modes if: they are traveling for almost any purpose, as it is their default mode which they believe provides complete freedom and is their only viable option. Use Soft modes if: the trip is recreational or for a very short distance where using a car would be highly impractical. A critical consideration is that this person is a creature of habit who feels they have no real choice in transport, strongly believing their car allows them to go wherever and whenever they want, while simultaneously having no knowledge of the public transport system, which they perceive as too complex to understand."
10360464,"That person uses Public transports if: it is their habitual choice for routine travel, supported by their extensive knowledge of the system and a lack of other viable options, Use Private modes if: it is the only option available for a trip where public transport does not exist, Use Soft modes if: the destination is close enough to avoid a complex journey involving transfers. A key consideration for this person is their strong dislike for changing the mean of transport during a trip, and their choice is heavily influenced by the belief that they have no alternative to their usual mode of transport."
10360465,"That person uses Public transports if: it is the only available option for a mandatory trip, forcing them to use a system they perceive as restrictive and confusing, Use Private modes if: access to a car is possible, as this is seen as the ideal way to ensure freedom, punctuality, and the ability to complete all desired activities, Use Soft modes if: the destination is extremely close and the trip does not conflict with their preference for simple, direct travel. A critical consideration is that this person strongly feels they have no alternative to their current mode of transport, which dictates their choices more than any other factor; they are primarily driven by a desire for direct journeys and the belief that a car offers superior freedom, while not being deterred by the presence of strangers."
10360532,"That person uses Public transports if: the trip is simple and direct to a location where traffic is guaranteed to be heavy and parking is extremely difficult, and only if it does not restrict their planned activities. Use Private modes if: their activities require a high degree of flexibility in timing and location, which they believe is their only viable option for their lifestyle. Use Soft modes if: the journey is for a very short-distance errand where the convenience of walking or cycling outweighs the hassle of driving and parking. A key consideration for this person is that they feel captive to their usual mode of transport, strongly believing they have no alternative and that using public transport would force them to cancel activities; however, this habit is challenged by their strong boredom with being stuck in traffic, though a switch is unlikely given they do not know public transport schedules by heart and are comfortable traveling near strangers."
10360533,"That person uses Public transports if: their private vehicle is unavailable or if the destination is completely inaccessible by car due to extreme parking constraints, Use Private modes if: it is their default and habitual choice for almost any trip, as they perceive it as the only option that offers complete freedom and flexibility, Use Soft modes if: the travel distance is exceptionally short, making the use of a car completely impractical. A key consideration is that while they are a habitual driver who strongly values the freedom a car provides, they feel captive to this choice and are highly frustrated by the inevitable traffic and parking problems. They are not deterred by traveling with strangers, but their negative view of public transport's contribution to the city and a lack of network knowledge prevent them from seeing it as a viable alternative."
10360574,"That person uses Public transports if: it is the only option available for a very simple and direct trip, as they are unfamiliar with the system and find it restrictive. Use Private modes if: flexibility is needed to go anywhere at any time, which they feel is their only viable option for their activities. Use Soft modes if: the distance is very short and the trip is for leisure, allowing them to avoid the traffic they strongly dislike. A significant consideration is the conflict between the freedom their car provides and their intense boredom with traffic, which is compounded by a strong belief that public transport is too complex and would force them to cancel activities, leaving them feeling like they have no other real choice."
10360575,"That person uses Public transports if: it is a regular and familiar trip for which they have memorized the schedule and driving is not a practical alternative, Use Private modes if: the journey requires flexibility in timing or destination and is perceived as the only viable option to avoid cancelling activities, Use Soft modes if: the destination is very close and the trip is simple, requiring no transfers or complex navigation. A key consideration for this individual is the powerful belief that they have no alternative to their usual transport and that only a private car provides the freedom to go anywhere at any time, a conviction held so strongly it outweighs their intense dislike of being stuck in traffic. This perspective is reinforced by their view that using public transportation would force them to cancel activities and that its schedules are difficult to understand."
10540009,"That person uses Public transports if: their destination is on the network, as this is their default and well-understood mode, likely due to a lack of other options. Use Private modes if: the location is completely inaccessible by other means, forcing them to use a mode they find restrictive and unreliable. Use Soft modes if: the distance is short, allowing them to connect to public transport or completely avoid the traffic they strongly dislike. A major consideration is that they are very comfortable traveling near people they do not know and are confident in navigating public transport routes; this is coupled with a strong conviction that cars do not offer freedom and an intense dislike for being stuck in traffic."
10540066,"That person uses Public transports if: the destination is known to have significant traffic and parking difficulties, and a direct, simple route is available. Use Private modes if: the trip requires flexibility in timing or destination, or involves activities that are difficult to coordinate with public transport schedules. Use Soft modes if: the journey is for a short distance where the hassle of driving and parking outweighs the car's convenience. The overriding consideration is their strong belief that the car provides unparalleled freedom and flexibility; this preference is only challenged by their strong aversion to traffic and the hassle of finding parking, as they are not a habitual public transport user and do not view travel time as an opportunity to be productive."
10540067,"That person uses Public transports if: the destination is easily accessible without transfers and parking is known to be a significant challenge, Use Private modes if: absolute flexibility in destination and timing is the top priority or when multiple activities are planned, Use Soft modes if: the journey is short and to a location where traffic or parking would make driving inconvenient. A key consideration is that their choice is heavily driven by the strong belief that a car provides complete freedom to go wherever and whenever they want, a perspective that is reinforced by the fact they are not a lifelong public transport user and do not view travel time as an opportunity to be productive."
10540128,"That person uses Public transports if: it is the only available option for a direct, single-vehicle journey, Use Private modes if: flexibility in destination and timing is needed to maintain their planned activities, Use Soft modes if: the destination is nearby and the journey is for recreation or non-time-sensitive errands. A critical consideration is the person's powerful conviction that a private car is the only way to go wherever and whenever they want, viewing it as essential for their lifestyle; this is reinforced by a strong aversion to changing modes of transport during a trip and a profound lack of knowledge about public transport schedules."
10540169,"That person uses Public transports if: it is the only viable option for a specific destination and the trip is simple enough not to conflict with their activity schedule. Use Private modes if: the journey is crucial for maintaining a schedule of activities that would otherwise be canceled, leveraging the perceived freedom to travel anywhere at any time. Use Soft modes if: the destination is close and the trip is for a simple, single purpose that doesn't require carrying goods. A critical consideration is the person's powerful conviction that they have no real alternative to their current mode and that using public transport would severely restrict their lifestyle by forcing them to cancel activities, a belief that overrides their stated dislike for traffic."
10540178,"That person uses Public transports if: their private vehicle is completely unavailable and it is the only possible way to make an essential trip, Use Private modes if: this is their default choice for virtually all travel, as they perceive it as the only option that offers the freedom and reliability needed to conduct their activities, Use Soft modes if: the destination is exceptionally close, making a car journey impractical. A key consideration is the person's powerful belief that they have no alternative to the car to maintain their lifestyle and that it guarantees punctuality, a viewpoint they do not reconsider; however, this preference is strongly challenged by their intense dislike of searching for parking, and their negative perception of public transport is reinforced by a complete lack of lifelong experience with the system."
10540188,"That person uses Public transports if: the travel is for a regular, habitual activity for which they feel they have no other alternative, Use Private modes if: a vehicle becomes available and is necessary to avoid cancelling activities that are inaccessible by their usual transport, Use Soft modes if: the journey is short, direct, and avoids the complexities of schedules or the boredom of traffic. A major consideration is that this person is extremely bored by being stuck in traffic, which would be a significant deterrent to car use, yet they also find unfamiliar public transport schedules very difficult to understand, limiting their travel to well-known routes."
10540215,"That person uses Public transports if: their primary mode is unavailable and the destination is easily accessible via a single, direct route, Use Private modes if: it is the only perceived option to complete all necessary activities without compromise, Use Soft modes if: the trip is for recreation or covers a very short distance where driving is more inconvenient. A key consideration is the person's powerful conviction that they have no alternative to their usual transport and that using public transit would force them to cancel activities, even though they strongly believe buses make the city more welcoming; this choice is reinforced by their unfamiliarity with the public transport network and a general reluctance to reconsider their travel habits."
10540216,"That person uses Public transports if: their usual private vehicle is completely unavailable for a simple and direct trip that does not compromise their activity schedule. Use Private modes if: this is the default choice for virtually all activities, as it is perceived as the only option that provides the freedom to go wherever and whenever they want. Use Soft modes if: the trip is for recreation or a non-essential task over a very short distance where convenience and time are not factors. A key consideration is their strong belief that they have no alternative to their current means of transport and that using public transit would force them to cancel activities, which, combined with a reluctance to reconsider travel habits, makes them highly dependent on their usual mode."
10540271,"That person uses Public transports if: their private vehicle is unavailable and the destination is directly served without compromising their planned activities, Use Private modes if: they feel it is the only viable option to maintain their schedule and freedom of movement, Use Soft modes if: the trip is exceptionally short and for a non-essential or recreational purpose. A critical consideration is the person's strong belief that they are locked into their usual mode of transport because they have no other alternative, which is reinforced by their highly habitual travel patterns and the conviction that using public transport would force them to cancel activities."
10540306,"That person uses Public transports if: the route is familiar and direct, especially to destinations where parking is a known problem, Use Private modes if: the destination is not well-served by other options and the freedom to travel at any time is the highest priority, Use Soft modes if: the trip is short and routine, making it the most convenient way to avoid traffic and parking. A significant consideration is that while the person strongly believes a car provides the freedom to go wherever and whenever, they do not believe it guarantees punctuality and are unlikely to frequently reconsider their habitual travel choices."
10540514,"That person uses Public transports if: there is no perceived alternative for a journey and the specific route is familiar and direct, Use Private modes if: they need flexibility in timing and location or when a journey cannot be completed without transfers, Use Soft modes if: the destination is very close and easily accessible by foot or bike. A major consideration is that this person is very rigid in their travel choices, feeling they are often forced into a specific mode with no alternative. They strongly value the freedom and punctuality offered by a car and prefer direct journeys, while they find public transport schedules very confusing and believe the service restricts their ability to do certain activities."
10540515,"That person uses Public transports if: the destination is in a congested area where finding parking is difficult, as a way to avoid the stress of traffic. Use Private modes if: it is perceived as the only available option for a specific trip, particularly when flexibility is needed for destinations not well-served by other means. Use Soft modes if: the journey is short, making it the most convenient way to completely bypass the frustrations of both traffic and parking. A significant consideration is that this person's choices are governed by a powerful aversion to being stuck in traffic and searching for parking, yet they often feel compelled to use their current mode out of habit and a belief that they have no other real alternative for their main trips."
10540516,"That person uses Public transports if: the destination is well-served by the network and the journey time is predictable, allowing them to avoid the major frustrations of traffic and parking. Use Private modes if: the trip requires a high degree of flexibility in timing and destination that other modes cannot offer, particularly for locations poorly served by public transit. Use Soft modes if: the distance is short, providing a reliable way to completely bypass the stress of traffic congestion and the difficulty of finding parking. A primary consideration for this individual is their profound dislike of being stuck in traffic and searching for a parking space, factors that strongly steer them away from using a car, especially since they are a highly confident and knowledgeable user of the public transport system."
10540548,"That person uses Public transports if: it is the only option available for a specific trip and does not compromise their planned activities, despite finding schedules difficult to understand. Use Private modes if: it is perceived as the only means to maintain flexibility to go wherever and whenever they want, which they feel is necessary to avoid canceling activities. Use Soft modes if: the destination is very close, allowing them to avoid the traffic and parking hassles they dislike. A critical consideration for this individual is the strong belief that they use their current transportation because they have no other alternative, and they are convinced that using public transport would significantly limit their freedom and activities."
10540660,"That person uses Public transports if: the journey is direct without any changes and the schedule information is exceptionally clear, especially for destinations with severe parking problems. Use Private modes if: flexibility in timing and destination is needed and being on time is considered essential. Use Soft modes if: the destination is within a very short distance where driving would be impractical. A significant consideration is that this individual feels compelled to use their current transport mode, perceiving a lack of viable alternatives, which is rooted in the strong conviction that a private car offers ultimate freedom and reliability—a belief shaped by a lifetime of not using public transport and finding its schedules confusing."
10540672,"That person uses Public transports if: the journey is simple, direct, and does not require transfers, as this minimizes the challenge of navigating an unfamiliar system. Use Private modes if: the trip demands flexibility in timing or destination, allowing them to maintain their planned activities without compromise. Use Soft modes if: the destination is nearby, and they anticipate significant traffic or parking difficulties that would make driving inconvenient. A key consideration is the person's strong belief that the car offers unparalleled freedom to go wherever and whenever, which contrasts sharply with their practical lack of knowledge about public transport routes and schedules, making this unfamiliarity a major barrier to its use."
10540675,"That person uses Public transports if: it is a practical and available option for their destination, as they are a highly experienced and proficient user who believes in its civic benefits. Use Private modes if: the journey cannot be accomplished effectively by public transport, forcing them to use a car when they feel there is no other alternative to reach their destination or achieve necessary flexibility. Use Soft modes if: the distances are short, particularly for connecting to public transport hubs or for local trips where parking is a known hassle. A significant consideration is the tension between their strong pro-public transport values and their perception of the car's absolute freedom; despite being a highly competent public transport user who feels it does not limit their activities, their ultimate choice is often governed by a powerful sense that for certain trips, there is simply no alternative to the mode they select."
10540774,"That person uses Public transports if: it is the only available option and the journey is direct without requiring any changes, Use Private modes if: flexibility, reliability, and the ability to maintain their schedule of activities are the primary needs, Use Soft modes if: the destination is extremely close and the hassle of finding a parking spot is greater than the convenience of driving. A critical consideration is that this person strongly believes they have no alternative to their usual means of transport and rarely reconsiders their choice, making them very habit-bound; they feel a car is necessary to avoid canceling activities, even though they dislike searching for parking."
10540806,"That person uses Public transports if: the trip is direct without any need for transfers and there is a perceived lack of any other viable option, Use Private modes if: the destination is difficult to reach by other means or when the flexibility to travel at any time is the top priority, despite the hassles of traffic and parking, Use Soft modes if: the trip is short and the route is simple, allowing them to completely avoid the frustrations of traffic, parking, and complex schedules. A primary consideration for this person is a strong feeling of being constrained, believing they often have no alternative for their travel choices and therefore rarely reconsider them; while they value the freedom a car provides, they strongly dislike the associated hassles of traffic and parking, and a significant barrier to using public transport is their lack of confidence in navigating the system and an aversion to journeys requiring transfers."
10980080,"That person uses Public transports if: the service is available, as they are a very knowledgeable and confident user who feels they have no other real alternative. Use Private modes if: a journey is absolutely necessary and no other option exists, particularly for destinations where traffic and parking are not issues. Use Soft modes if: the distance is short, as this provides flexibility while avoiding the significant frustrations of traffic and parking. A major consideration is that this person is strongly motivated by their intense dislike of being stuck in traffic and searching for parking, and they do not believe that using a car guarantees an on-time arrival."
11460060,"That person uses Public transports if: the destination is in a congested area with significant parking difficulties, and the route is well-known to them, Use Private modes if: the trip requires high flexibility, involves multiple destinations, or they perceive it as the only viable option to avoid canceling activities, Use Soft modes if: the distance is short and the primary goal is to completely avoid traffic and parking hassles. A key consideration for this person is the conflict between the car's perceived freedom and the significant hassles of traffic and parking; while they feel captive to their usual mode and believe public transport limits their activities, they will make an exception because they find schedules exceptionally easy to understand and are very knowledgeable about the system, making it a practical choice to avoid driving frustrations."
14050047,"That person uses Public transports if: the route is simple, direct, and allows them to avoid predictable, heavy traffic, Use Private modes if: the journey demands maximum flexibility in destination and timing and they feel they have no other viable alternative, Use Soft modes if: the distance is short and a predictable, on-time arrival is essential. A critical consideration for this individual is the tension between their strong belief in the car's go-anywhere freedom and their intense dislike of traffic congestion; however, a major barrier to change is their profound unfamiliarity with public transport, as they strongly feel its schedules are difficult to understand and have never regularly used it."
14050133,"That person uses Public transports if: the journey is a familiar routine on a direct route that allows for the productive use of travel time. Use Private modes if: the trip requires high flexibility, guaranteed punctuality, or access to destinations and activities perceived as difficult to reach otherwise. Use Soft modes if: the journey is short, direct, and serves as a convenient alternative to a car trip where parking is a known difficulty. A crucial consideration for this person is their strong aversion to changing modes of transport during a journey, coupled with a powerful belief that the car provides ultimate freedom and guarantees punctuality, making any direct, door-to-door option the ideal."
14050180,"That person uses Public transports if: there is absolutely no alternative and the route is simple, as they feel forced into it rather than choosing it. Use Private modes if: the trip requires flexibility in timing and destination or if punctuality is important, making this their habitual and default choice for nearly all activities. Use Soft modes if: the travel is for very short-distance recreation or non-urgent errands where the car is inconvenient. A primary consideration is that this person's behavior is governed by the strong belief that their car provides unparalleled freedom to go wherever and whenever they want and guarantees they will be on time, whereas a key exception preventing a change in mode is their complete lack of knowledge of the public transport schedules they would need to use."
14050182,"That person uses Public transports if: the destination is known to have significant traffic and parking difficulties, and the journey can be completed on a familiar, direct route without transfers, Use Private modes if: the trip requires maximum flexibility in timing and destination, or when other options are perceived as too restrictive for their planned activities, Use Soft modes if: the distance is short, and it allows them to completely avoid the anticipated stress of traffic congestion and the hassle of finding a parking spot. A key consideration for this individual is the conflict between the belief that a private car offers ultimate freedom to go anywhere at any time and a strong aversion to being stuck in traffic; while not a lifelong public transport user, their complete comfort with traveling among strangers makes it a viable alternative whenever the car's convenience is outweighed by its operational hassles."
14050186,"That person uses Public transports if: the destination is known for significant traffic congestion and difficult parking, and a direct route without transfers is available, Use Private modes if: the trip requires flexibility in timing and destination, and they perceive the risk of traffic and parking difficulties to be low, Use Soft modes if: the destination is very close, making a direct, short trip feasible to avoid the hassle of driving and parking altogether. A primary consideration for this individual is their strong preference for a single, uninterrupted mode of travel for any given journey, as they do not like transfers; this is weighed against their strong belief in the car's freedom and punctuality and their equally strong aversion to traffic and searching for parking, which are the main triggers for deviating from their usual habits."
14050193,"That person uses Public transports if: the route is familiar and the schedule information is clear, allowing them to leverage their positive view of shared transit. Use Private modes if: the destination is poorly served by other options, and the journey guarantees an escape from traffic congestion and parking difficulties. Use Soft modes if: the distance is short, providing a simple and predictable way to travel for local activities. A primary consideration for this individual is their strong aversion to being stuck in traffic and searching for parking. While they are perfectly comfortable traveling with strangers and making transfers between different modes of transport, a key exception is their frustration with complicated schedules, which acts as a significant barrier. Ultimately, their travel choices are heavily influenced by habit and a desire to avoid stress, rather than seeing travel as a limitation on their activities."
14050226,"That person uses Public transports if: the trip is routine and on a familiar route, fostering a sense of community, Use Private modes if: the journey is complex, requires flexibility, or travels to an area where public transport schedules are difficult to understand, Use Soft modes if: the travel distance is short and the destination is conveniently located. A primary consideration for this person is the trade-off between the social comfort of knowing some public transport drivers on their regular routes and the difficulty they find in understanding certain bus schedules, which discourages them from using those services for unfamiliar journeys."
14050250,"That person uses Public transports if: the route is straightforward, they have clear directions, and the primary goal is to avoid the stress of traffic or parking. Use Private modes if: timeliness is essential and the trip requires multiple stops or carrying items that they feel are unmanageable on other modes. Use Soft modes if: the distance is short and the destination is easily accessible, allowing them to bypass both traffic and the complexities of a transit system they are unfamiliar with. A key consideration for this person, who frequently reconsiders their travel options, is their strong aversion to being stuck in traffic; however, their decisions are significantly impacted by a profound lack of knowledge of public transport routes and schedules, despite being very open to making transfers and not believing a car provides absolute travel freedom."
19130080,"That person uses Public transports if: their private car is unavailable and it is the only alternative for the trip. Use Private modes if: the journey requires flexibility in destination and timing without forcing a change in their planned activities. Use Soft modes if: the destination is very close, allowing for a short and direct trip. A critical consideration is that this person strongly dislikes changing their means of transport during a journey and believes public transport is too restrictive for their lifestyle, making the ability to travel directly without compromising activities a deciding factor."
19130149,"That person uses Public transports if: the journey is a predictable and regularly repeated trip, for which they have memorized the routes and schedules, allowing them to bypass traffic. Use Private modes if: the trip requires flexibility, involves multiple destinations, or is perceived as the only option to guarantee punctuality and participation in all planned activities. Use Soft modes if: the distance is short and walking or cycling is the most direct way to avoid the significant frustration of traffic congestion and parking difficulties. A major consideration for this individual is their rigid, habit-based travel pattern, as they do not reconsider their mode choice and feel they have no alternative. They strongly believe the car offers unparalleled freedom and punctuality, viewing public transport as a significant constraint on their activities. However, this is balanced by a strong aversion to traffic, and while they find public transport schedules generally confusing, they have memorized the specific routes they use regularly, creating a clear exception for these familiar journeys."
19130202,"That person uses Public transports if: the destination is known to have severe traffic and extremely difficult parking, and the journey is a simple trip to a single location. Use Private modes if: the trip requires absolute flexibility in timing and destination, or involves chaining multiple activities that would be impossible on a fixed schedule. Use Soft modes if: the trip is for recreation or over a very short distance where efficiency is not a concern. A primary consideration is the conflict between the complete freedom they feel a private car provides and their strong dislike for being stuck in traffic and searching for parking; however, their choice is ultimately constrained by a firm belief that they have no viable alternative, perceiving that public transport would force them to cancel planned activities."
19130205,"That person uses Public transports if: the destination is a congested area with severe parking difficulties and a simple, direct route is known, allowing travel time to be used productively. Use Private modes if: the journey requires flexibility in timing or destination and can be completed without transfers. Use Soft modes if: the distance is short enough for a local trip where the certainty of avoiding traffic and parking issues is paramount. A key consideration is that while the person strongly values the go-anywhere, anytime freedom of a car, this is weighed against an intense dislike for being stuck in traffic and the frustration of finding parking. Despite believing public transport benefits the city, a profound lack of knowledge about schedules and a strong preference for direct travel without transfers act as major deterrents to its use."
19130238,"That person uses Public transports if: the destination is conveniently accessible by the network, especially for trips where traffic congestion and parking difficulties are anticipated, Use Private modes if: the journey demands maximum flexibility in route or schedule, or for destinations not adequately served by other options, Use Soft modes if: the distance is short enough to make walking or cycling a practical way to avoid both traffic and parking challenges. The final choice is often a pragmatic decision weighing the car's highly-valued freedom to travel anywhere at any time against a strong dislike for traffic congestion; importantly, a high level of comfort traveling close to unknown people removes any social barrier to choosing public transport."
19130578,"That person uses Public transports if: the journey is a highly predictable and repetitive routine for which they have memorized the specific schedule and route, Use Private modes if: the trip requires guaranteed punctuality and the flexibility to go anywhere at any time, Use Soft modes if: the distance is very short for a non-essential trip with no time constraints. A key consideration is the person's strong belief that they have no alternative to their car, which they see as essential for freedom and arriving on time; conversely, a major factor preventing them from using public transport more widely is their conviction that the schedules are difficult to understand, creating a significant informational barrier."
19130685,"That person uses Public transports if: the destination is in a highly congested area with extremely difficult parking, and a direct, single-vehicle route is available that does not compromise their planned activities. Use Private modes if: the trip is part of their established routine and requires the flexibility to reach destinations or maintain a schedule that they believe other modes cannot support. Use Soft modes if: the trip is for a very short, local errand where taking a car would be more inconvenient due to parking and traffic. A key consideration is that while they feel locked into their current mode of transport and strongly value the car's freedom to go anywhere at any time, their choice is heavily influenced by a deep dislike for traffic congestion and the frustration of searching for parking. They are also unwilling to change transport modes during a journey, making direct, single-vehicle trips a near necessity."
19130766,"That person uses Public transports if: their private vehicle is unavailable and there is absolutely no other option, Use Private modes if: it is their habitual choice for nearly all trips, valued for its flexibility and reliability, Use Soft modes if: the trip is extremely short or for recreational purposes. The key consideration is that this person strongly believes they have no alternative to their current mode of transport, which is reinforced by their unfamiliarity with public transport schedules and a history of not using these services."
19130798,"That person uses Public transports if: the destination is in a highly congested area where finding parking is known to be extremely difficult, and the inconvenience of driving outweighs their discomfort with shared travel. Use Private modes if: the trip requires absolute punctuality and the flexibility to go wherever and whenever they want, as this is their default and most trusted option. Use Soft modes if: the distance is very short and the journey is simple, allowing them to completely avoid the frustrations of both traffic and parking. A significant consideration is the conflict between their strong belief that a car provides freedom and timeliness and their intense boredom and frustration with being stuck in traffic, which undermines that reliability."
19130855,"That person uses Public transports if: the destination is known to have difficult parking or severe traffic, the route is familiar, and the travel time can be used productively. Use Private modes if: the top priority is flexibility in destination and schedule, and a reliable arrival time is essential. Use Soft modes if: the travel distance is short, allowing them to completely avoid the stress of traffic and the difficulty of finding parking. A primary consideration for this person is the powerful belief that their car offers unparalleled freedom to go wherever and whenever they desire, which often outweighs the significant drawbacks they perceive, such as traffic boredom and parking hassles; this preference is reinforced by their disagreement with having a deep, lifelong familiarity with public transport systems and their schedules."
19130933,"That person uses Public transports if: the journey is a familiar, routine trip that can be completed on a single, direct route, Use Private modes if: there is no public transport option for an essential journey, Use Soft modes if: the destination is close enough to be reached in one short, direct trip. A key consideration for this person is their preference for habitual travel; while they are a lifelong public transport user who is very comfortable traveling with strangers and finds schedules easy to understand, they strongly dislike changing modes during a trip and do not know the network well beyond their regular routes, viewing cars as an impractical option."
19130963,"That person uses Public transports if: the journey is direct without transfers and it bypasses traffic congestion and parking issues, Use Private modes if: the destination is not easily accessible by other means or when maximum flexibility is required for the trip, Use Soft modes if: the trip is short and the destination is nearby, making it the most efficient way to avoid both traffic and parking. A primary consideration for this individual is a strong aversion to changing modes during a trip, as they are a creature of habit who rarely reconsiders their usual transportation choice; while they strongly value the car's freedom to go anywhere at any time, they are equally deterred by the prospect of being stuck in traffic."
19650025,"That person uses Public transports if: the journey is a regular, predictable trip to a location where driving and parking are known to be inconvenient, Use Private modes if: the trip requires flexibility in timing or destination, and they believe it is the only viable option for their activities, Use Soft modes if: the destination is extremely close, making any other mode impractical. A key consideration for this person is their extremely rigid travel habits and the strong belief that they have no alternative to their usual mode of transport. While they value the absolute freedom and perceived reliability of a private car, this choice is heavily compromised by a strong dislike for being stuck in traffic and the hassle of finding parking. A notable exception to their car dependency is their willingness to use public transport, for which they have good knowledge, but likely only for specific, routine trips where the downsides of driving are unavoidable and the public transport option is direct, as they dislike transfers."
19650026,"That person uses Public transports if: their primary mode is unavailable or impractical and a simple, direct public transport route is the only viable alternative, Use Private modes if: the trip requires flexibility in timing, the ability to visit multiple locations, or is perceived as the only way to maintain their full schedule of activities, Use Soft modes if: the distance is very short, making it more convenient than the effort of driving and finding a parking spot. A primary consideration is that this person is highly resistant to changing their habits, strongly believing that a private car is essential for freedom and to avoid cancelling activities; this reliance persists despite a strong dislike for traffic and is reinforced by an unwillingness to make transfers and a profound lack of knowledge about how the public transport system works."
19650041,"That person uses Public transports if: there is a simple, direct route available and driving is completely impractical or impossible, Use Private modes if: the journey requires absolute flexibility in destination and timing to accommodate various activities, Use Soft modes if: the distance is very short, making it the most direct and simple way to avoid traffic. A primary consideration is their strong belief that only a car provides the freedom to go wherever and whenever they want, which is reinforced by a significant lack of knowledge about the public transport system, which they find confusing and believe would restrict their activities, and a strong aversion to changing modes of transport during a journey."
19650059,"That person uses Public transports if: driving is completely impossible and no other private option exists, due to a profound lack of knowledge of the system and the belief that it restricts their activities. Use Private modes if: the trip demands absolute freedom in destination and timing, and punctuality is perceived as critical. Use Soft modes if: the destination is extremely close for a routine trip where driving and parking would be impractical. A significant consideration is that this individual is a deeply habitual driver who strongly values the autonomy and reliability of their car, yet they also strongly dislike being stuck in traffic; however, they are highly unlikely to switch modes as they do not reconsider their choices and believe public transportation is confusing and would force them to cancel activities."
19650138,"That person uses Public transports if: it is for a deeply ingrained, repetitive journey for which they perceive no other viable option, Use Private modes if: the trip requires flexibility in destination, timing, or the ability to run multiple errands, Use Soft modes if: the journey is for a very short and predictable distance where traffic can be avoided. A primary consideration for this individual is their strong conviction that a car offers complete freedom to travel anywhere at any time, which they feel is not possible with public transport. Despite being a lifelong user of public transport, they are not knowledgeable about the system and feel it would limit their activities, making the car their default choice for any trip that deviates from their established routine."
19650224,"That person uses Public transports if: a direct, transfer-free service is available and the destination is difficult to access by car due to severe traffic or parking constraints, Use Private modes if: the journey is part of their regular routine or requires the flexibility to go anywhere at any time, as they feel it is the only option that accommodates all their activities, Use Soft modes if: the trip is short enough that walking or cycling is more convenient than the effort of driving and parking. A critical consideration for this individual is their strong dislike for changing modes during a trip and the belief that public transport is too restrictive; therefore, they will almost always default to their private car unless an alternative offers a significantly more convenient, direct journey that avoids the specific annoyances of traffic and parking."
19650242,"That person uses Public transports if: the trip destination is easily accessible and the schedule allows them to complete all planned activities without compromise, Use Private modes if: the trip is complex or to a location poorly served by other options, making them feel it is the only way to avoid canceling activities, Use Soft modes if: the trip is over a short distance where the significant hassles of traffic and parking can be completely avoided. A key consideration is the person's internal conflict: they feel captive to their private vehicle to maintain freedom of activity, despite strongly disliking the associated traffic and parking issues, and are simultaneously very comfortable traveling with strangers and believe in the societal benefits of public transport."
19650257,"That person uses Public transports if: it is their default and habitual choice for regular activities, particularly when they feel it is their only available option. Use Private modes if: the destination is poorly served by public transit or if using it would force them to cancel specific activities. Use Soft modes if: the journey is for a short distance or to connect between public transport services. A key consideration is that this person's choice is heavily influenced by a perceived lack of alternatives for their usual trips, yet this is coupled with a strong civic belief that public transit improves the city and a complete comfort with traveling in close proximity to strangers."
19650328,"That person uses Public transports if: the journey is for a regular activity on a familiar route, allowing them to avoid traffic and use their travel time productively. Use Private modes if: the trip requires maximum flexibility to go anywhere at any time, and both a traffic-free route and easy parking are anticipated. Use Soft modes if: the distance is short, enabling them to completely avoid the frustrations of traffic, parking, and crowded spaces. A key consideration is the person's very strong dislike of being stuck in traffic and searching for a parking space, which acts as a major deterrent to driving; however, this is weighed against their discomfort with being in close proximity to strangers on public transport, making the final choice highly sensitive to the specific time of day and expected crowding levels."
19650447,"That person uses Public transports if: the journey is routine on a familiar route where schedules are well-known, Use Private modes if: the journey requires maximum flexibility in timing and destination or involves multiple stops, Use Soft modes if: the journey is short, and the goal is to avoid both traffic congestion and crowded vehicles. A primary consideration is their strong belief in the absolute freedom a private car provides, which is weighed against a significant dislike for being stuck in traffic and searching for parking. Furthermore, their choice is heavily influenced by a discomfort with traveling close to strangers and a lack of confidence in navigating unfamiliar public transport routes, creating a strong preference for direct, single-mode journeys."
19650448,"That person uses Public transports if: the journey is a regular, familiar route with a known and direct schedule, Use Private modes if: the trip requires flexibility in timing or destination and goes beyond their routine travels, Use Soft modes if: the destination is very close, making driving impractical due to parking or traffic. A key consideration is the person's powerful belief that a private car offers ultimate freedom to travel anywhere at any time, which is reinforced by their discomfort with traveling near strangers and a lack of confidence in navigating unfamiliar public transport routes, despite having a strong personal connection to their regular commute."
19650490,"That person uses Public transports if: their primary private vehicle is unavailable, as they are knowledgeable about the system but feel constrained by it, Use Private modes if: the journey requires absolute certainty of arriving on time and the flexibility to maintain their full schedule of activities, Use Soft modes if: the trip is for a single, simple purpose to a very nearby destination. A significant consideration for this person is their highly ingrained travel habit, as they do not reconsider their mode and strongly believe they have no alternative to their usual transport, viewing the car as essential for punctuality and feeling that public transport would force them to cancel activities."
19650491,"That person uses Public transports if: the destination is well-served and using it allows them to avoid the boredom of traffic congestion, a situation they dislike. Use Private modes if: they require guaranteed punctuality and flexibility for their routine travel, as they perceive no other viable alternative. Use Soft modes if: the travel distance is short and it is the most convenient option for a non-routine trip, likely for recreation or to avoid localized traffic. A key consideration is that the person is highly resistant to changing their established travel routines, but this habit is not based on a lifelong aversion to public transit; in fact, they are notably comfortable traveling near strangers, and because they do not view travel time as an opportunity to be productive, the primary motivation to change would be avoiding a negative experience like traffic rather than gaining productive time."
19650511,"That person uses Public transports if: their destination is well-served and using a car is impractical, viewing it as a necessary option rather than a preference. Use Private modes if: they need flexibility in their schedule and destination, and to ensure they can complete all planned activities without compromise. Use Soft modes if: the journey is short and allows them to avoid the boredom of traffic congestion. A primary consideration is the person's strong preference for direct, single-mode journeys to maintain a flexible schedule, which they believe is only possible with a private car. While they are completely comfortable traveling near strangers, they perceive public transport as too restrictive and feel they have no viable alternative to their current, habitual mode of transport."
19650699,"That person uses Public transports if: their private vehicle is completely unavailable and it is the only remaining option, Use Private modes if: the trip can be made, as this is their default and habitual choice for all activities, Use Soft modes if: the destination is extremely close, making a vehicle impractical. A crucial consideration is the person's powerful conviction that they have no alternative to their current mode of transport, which they strongly feel provides the freedom to go wherever and whenever they choose. Uniquely, this individual strongly disagrees that being stuck in traffic is boring, removing a significant deterrent to driving, and their decision is reinforced by a strong aversion to changing their means of transport during a single trip."
19730078,"That person uses Public transports if: it is their lifelong, habitual choice for regular activities, as they are highly knowledgeable about the network and feel it provides access to everything they need without compromise. Use Private modes if: the destination is inaccessible by their usual network or the trip is at a time when services are not running, leveraging the perceived freedom to go anywhere at any time. Use Soft modes if: the journey is very short, or when connecting between different public transport services. A key consideration for this person is that their behavior is driven by a deep, lifelong habit of using public transport, which they feel is their only alternative; this is reinforced by their expert knowledge of the system, their comfort traveling with strangers, and the strong belief that public transport does not limit their activities."
19730085,"That person uses Public transports if: the route is prone to heavy traffic congestion and a reasonably direct service they are familiar with is available, Use Private modes if: the journey requires a strong guarantee of punctuality and flexibility where traffic is not anticipated to be an issue, Use Soft modes if: the distance is very short and time constraints are not the primary concern. A key consideration is the person's strong feeling of having no alternative mode of transport, which can override their preferences. They face a significant conflict between their intense dislike of traffic and their belief that the car is the most reliable way to be on time, and their decisions are not influenced by the potential to use travel time productively."
19730119,"That person uses Public transports if: the trip is a simple, direct route and using a private vehicle is impossible or highly impractical, Use Private modes if: the journey requires flexibility in timing, destination, or multiple stops, as this is their default choice to maintain freedom and control, Use Soft modes if: the destination is very close, allowing the trip to be combined with exercise and therefore be a productive use of time. A key consideration for this individual is the strong belief that a private car allows them to go wherever and whenever they want, a feeling reinforced by the perception that public transport is restrictive and would force them to cancel activities. Although they frequently reconsider their travel options, this choice is heavily influenced by a lack of knowledge of public transport schedules and a tolerance for common driving frustrations like traffic and parking."
28000144,"That person uses Public transports if: it is a practical and familiar route, aligning with their positive social view of the service, Use Private modes if: the journey is not well-served by other options, requiring the flexibility and reliability they associate with a personal vehicle, Use Soft modes if: the trip is short and non-essential, where efficiency is not the main goal. A key consideration is that the person feels constrained to a usual mode of transport due to a lack of alternatives, which conflicts with their strong belief that public transport benefits the city; their choice is guided more by perceived necessity than preference, and their connection to public transit is based on civic principle rather than personal interaction."
28000344,"That person uses Public transports if: it is part of their established routine to a destination well-served by the network, Use Private modes if: there is no practical public transport or soft mode alternative and the risk of traffic is minimal, Use Soft modes if: the distance is short and the weather permits, allowing for a predictable travel time. A key consideration is that this person is a habitual traveler who strongly dislikes being stuck in traffic, viewing it as a primary reason why cars are an unreliable means of being on time."
28000363,"That person uses Public transports if: the journey is a regular, familiar route where travel time can be used productively, Use Private modes if: the trip demands maximum flexibility to go anywhere at any time, Use Soft modes if: the travel distance is short and convenience is the main priority. A significant consideration is that this individual is unusually unbothered by being stuck in traffic or having to look for a parking space, while simultaneously holding a strong belief that a car provides the ultimate freedom to go wherever and whenever they want."
28000366,"That person uses Public transports if: the route is direct without any transfers and allows for productive use of time, especially to destinations where traffic and parking are known problems. Use Private modes if: the journey is complex or no direct public transport alternative is known or available, making it the default option despite its perceived drawbacks. Use Soft modes if: the distance is short, offering a reliable and stress-free way to avoid both traffic congestion and the challenge of navigating the public transport system. The person's choice is primarily driven by a strong desire to avoid being stuck in traffic and the frustration of searching for parking; however, this is balanced by a strong preference for direct, single-mode journeys and a lack of familiarity with public transport schedules and routes, which reinforces their established travel habits."
28000460,"That person uses Public transports if: it is their default and preferred option for any regular journey, leveraging their expert knowledge of routes and schedules. Use Private modes if: it is the only available option for a specific destination, as they are seen as unreliable and inconvenient. Use Soft modes if: the distance is short or to connect to the public transport network. A significant consideration is their strong belief that public transport improves the city, contrasted with their conviction that cars are unreliable for being on time and that searching for parking is a major deterrent; furthermore, they are completely comfortable traveling close to people they do not know."
28000700,"That person uses Public transports if: the destination is well-connected, allowing for productive use of travel time while avoiding the stress of traffic and parking, Use Private modes if: the destination is not easily accessible by other means or when maximum flexibility in timing and route is essential, Use Soft modes if: the distance is short, the weather is favorable, and the goal is to avoid traffic congestion entirely for local errands or leisure. A primary consideration is the strong desire to avoid traffic boredom, reinforced by a pro-social attitude towards public transportation and a complete comfort with sharing space with unknown individuals, making crowded buses or trains a non-issue."
28240008,"That person uses Public transports if: a direct and well-known route is available and using a private vehicle is clearly impractical, Use Private modes if: they require the freedom to go wherever and whenever they want, which is their default choice driven by a feeling of having no other option, Use Soft modes if: the travel is for recreation or over a very short distance where time is not a factor. A key consideration for this person is their behavior is deeply ingrained, as they do not frequently reconsider their travel choices and hold a strong conviction that their car provides unparalleled freedom, which is compounded by the belief that they have no real alternatives."
28240046,"That person uses Public transports if: it is the only available option for a direct journey where the limitations on their schedule are acceptable, Use Private modes if: flexibility, punctuality, and a direct door-to-door trip are required to maintain their schedule, Use Soft modes if: the trip is short and simple, allowing them to avoid the frustration of traffic. A key consideration for this person is their strong belief that they have no real alternative for their trips, making their choice rigid; they perceive private vehicles as essential for freedom and punctuality, and feel that using public transport would force them to cancel activities, a conviction that overrides their comfort traveling with strangers and their good knowledge of the transit system."
28240111,"That person uses Public transports if: it provides a direct route that fits their schedule without limiting their planned activities, Use Private modes if: flexibility is essential and public transport options would force them to cancel or alter their activities, Use Soft modes if: the trip is for a short distance and the weather is favorable, allowing for a direct journey. A key consideration for this individual is the strong preference for a direct, single-mode journey, as they intensely dislike transfers. This is weighed against a deep aversion to being stuck in traffic. While they are very knowledgeable about public transport and comfortable with crowds, their final decision is often dictated by a feeling of having no other alternative that allows them to complete all their planned activities."
28240302,"That person uses Public transports if: the destination is impractical for a car due to issues like parking or when their primary vehicle is unavailable, leveraging their excellent knowledge of the system for these specific journeys. Use Private modes if: this is the default for nearly all trips, as they feel it is their only viable option and strongly value the freedom and reliability it provides. Use Soft modes if: the trip is over a very short, functional distance where driving would be illogical. A critical consideration is that this person is a highly habitual traveler who strongly believes they have no alternative to their current mode of transport and is not deterred by looking for a parking space. Despite this car dependency, they also strongly agree they know the public transport system very well, indicating they are a capable, though infrequent, user when circumstances demand it."
28240378,"That person uses Public transports if: a reliable on-time arrival is critical, as they are knowledgeable about the network and comfortable with transfers. Use Private modes if: the trip requires absolute flexibility in destination or timing, or for routine travel where they perceive no other viable option. Use Soft modes if: the trip is for a very short, non-essential journey where efficiency is not the main concern. A key consideration is the person's internal conflict: they are a habitual user of a primary mode they feel captive to, valuing the car for its freedom to go anywhere but strongly disagreeing that it ensures punctuality, all while being very comfortable with the aspects of public transit that deter many others, such as proximity to strangers and making transfers."
28240485,"That person uses Public transports if: the route is well-known and presents a clear convenience advantage over driving, Use Private modes if: the priority is the absolute freedom to travel anywhere at any time and to guarantee punctuality, Use Soft modes if: the trip is for leisure or covers a very short distance where driving is impractical. A significant consideration is the person's powerful belief in the car's superiority for freedom and reliability, making it the default option; while they are knowledgeable about public transport and comfortable traveling with strangers, they do not believe it provides a wider community benefit and will therefore only choose it for reasons of pure personal convenience."
28240632,"That person uses Public transports if: the journey is routine and well-served by a network they know intimately, particularly when the goal is to avoid traffic congestion. Use Private modes if: the trip requires maximum flexibility to reach multiple or poorly-served destinations and enables activities that would otherwise be impossible. Use Soft modes if: the journey is over a short distance where avoiding the stress of traffic and parking is the main priority. The critical consideration for this individual is a trade-off between their identity as a lifelong, highly comfortable public transport user and the car's perceived freedom; they strongly believe a car allows them to go wherever and whenever, preventing them from having to cancel activities, even though they intensely dislike being stuck in traffic and searching for parking."
28240756,"That person uses Public transports if: the journey is for a regular activity on a familiar, direct route that does not require transfers, particularly if driving would involve traffic. Use Private modes if: the trip requires flexibility in timing and destination where parking is not an issue and traffic is expected to be light. Use Soft modes if: the distance is short, and the goal is to have a simple door-to-door journey that completely avoids the possibility of traffic or parking hassles. The most critical factor in their decision is a strong aversion to being stuck in traffic, which is weighed against the convenience of a car; this is compounded by a clear dislike for looking for a parking space and having to change modes of transport during a single trip."
28240798,"That person uses Public transports if: the trip is for a regular activity on a familiar route where they can be productive, especially when traffic is a concern, Use Private modes if: the destination is not well-served by other means or the trip requires significant flexibility that outweighs the high risk of traffic delays, Use Soft modes if: the distance is short, allowing for a predictable journey that completely avoids the frustrations of traffic and parking. A key consideration for this person is their intense dislike of traffic, leading them to believe cars are not a reliable way to be on time, which is reinforced by a strong sense of routine as they feel they have no alternative to their usual transportation method and do not frequently reconsider their options."
28240997,"That person uses Public transports if: it is a routine journey for which they have an expert-like knowledge of the routes and schedules, Use Private modes if: the destination is entirely inaccessible by the public network or there is a need to transport bulky items, Use Soft modes if: the travel distance is short, especially when connecting to public transport stops. A key consideration for this person is their strong conviction that private cars are unreliable for arriving on time, which is a significant deterrent. They are extremely comfortable with making transfers and traveling in proximity to others, making public transit an ideal fit for their highly habitual travel patterns, which they are unlikely to change unless forced by a major external disruption to their usual service."
28241048,"That person uses Public transports if: the journey is routine and predictable, allowing them to use their travel time productively. Use Private modes if: the trip is non-routine and requires a high degree of flexibility to reach a destination not well-served by public transport. Use Soft modes if: the distance is short, enabling a direct trip that avoids both traffic and the inconvenience of transfers. A key consideration is that this individual is a deeply ingrained, lifelong public transport user who feels they have no other real alternative for their main activities and is very comfortable traveling near strangers; however, an exception would be made for a private mode when the need for absolute freedom to go anywhere, anytime outweighs the known hassles of traffic and parking."
28241131,"That person uses Public transports if: the route is direct without transfers and avoids the stress of traffic and parking, Use Private modes if: the trip requires flexibility for multiple activities or the destination is poorly served by other options, Use Soft modes if: the distance is short, and the primary goal is to avoid the frustrations of traffic and parking. A key consideration is that this person feels they have no real alternative to their usual mode of transport and believes public transportation would limit their activities; while they are perfectly comfortable traveling near strangers, they strongly dislike journeys that require transfers."
28420050,"That person uses Public transports if: it is the only available option for a specific, familiar route, despite finding the system generally confusing, Use Private modes if: the destination is inaccessible by other means and punctuality is not a primary concern, Use Soft modes if: the trip is short and it is the only practical or available option for that specific journey. A defining consideration for this individual is the strong feeling of having no real alternative for their travel, which is influenced by their belief that cars are unreliable for arriving on time and that public transport schedules are difficult to understand."
30330172,"That person uses Public transports if: the journey requires a predictable arrival time and the destination is well-served by the network, as they are a confident and experienced user, Use Private modes if: the destination is inaccessible by other means or they need to transport bulky items, accepting the high probability of delays and parking issues, Use Soft modes if: the trip is short enough to completely avoid the stresses of traffic and parking. This person is a highly flexible traveler who believes they have multiple transport options and frequently reconsiders their choice, with a primary consideration being their strong aversion to traffic and searching for parking, as they firmly believe that using a car does not guarantee an on-time arrival."
30330216,"That person uses Public transports if: the route is simple, direct, and allows them to avoid predictable traffic, provided no transfers are needed. Use Private modes if: the journey requires flexibility in destination or timing and is unlikely to encounter significant congestion. Use Soft modes if: the destination is close, making for a short, direct, and convenient trip. The most significant factors influencing their choice are a strong aversion to being stuck in traffic and a profound dislike for changing their means of transport during a journey."
30330238,"That person uses Public transports if: the journey is routine and familiar, allowing them to use their travel time productively. Use Private modes if: the trip demands a high degree of flexibility in destination or timing that other modes cannot offer. Use Soft modes if: the trip is for a short distance where the inconvenience of finding parking for a car would outweigh the benefits of driving. A key consideration is the conflict between their appreciation for the car's freedom to go anywhere at any time and their strong dislike for looking for a parking space; furthermore, their choice is heavily influenced by lifelong habits and a distinct comfort with traveling in close proximity to strangers."
30330302,"That person uses Public transports if: the route is direct without transfers and the destination is in a congested area with limited parking, making the convenience worth the proximity to strangers. Use Private modes if: the journey requires flexibility in timing or destination, personal space is a priority, and the route is free of significant traffic or parking challenges. Use Soft modes if: the trip is short and a direct, convenient door-to-door journey is possible. A primary consideration is the constant conflict between the valued freedom and personal space of a car and the strong dislike for traffic and parking hassles; additionally, their strong aversion to changing transport modes makes any journey requiring a transfer a major deterrent."
30330369,"That person uses Public transports if: the journey is predictable and allows for productive use of time, leveraging their lifelong comfort with the system. Use Private modes if: the destination is poorly served by other options or when the absolute freedom to travel anywhere at any time is the main priority. Use Soft modes if: the distance is short and the trip is to a location where parking is a known hassle. A key consideration is their strong conviction that cars are not reliable for being on time and their distinct dislike for finding a parking space, contrasting with their comfort traveling near people they do not know."
30330409,"That person uses Public transports if: it is for a regular and familiar journey where they can use their travel time productively, Use Private modes if: the destination is poorly served by the public network or the trip requires transporting large items, making it the only viable alternative, Use Soft modes if: the trip is over a short distance, allowing them to completely avoid traffic and complex schedules. A key consideration for this individual is their adaptability; they are very comfortable traveling close to strangers and making transfers, but they are strongly deterred by being stuck in traffic and the difficulty of finding parking, which leads them to frequently reconsider their transportation options based on the specific journey's constraints."
30330535,"That person uses Public transports if: the journey is routine, direct, and allows for the productive use of travel time. Use Private modes if: the trip requires a high degree of flexibility in timing or destination that other modes cannot accommodate. Use Soft modes if: the trip is short and the main objective is to avoid traffic congestion and the search for parking. A key consideration is that this person is highly habitual and does not reconsider their mode choice, making decisions based on a strong conflict between the absolute freedom a car provides and the desire to use travel time productively while avoiding the boredom of traffic."
30330536,"That person uses Public transports if: the journey is predictable, allowing them to use their travel time productively and avoid the boredom of traffic. Use Private modes if: the trip demands complete flexibility in destination and timing, or involves activities they feel would be impossible otherwise. Use Soft modes if: the trip is short and direct, especially to destinations where parking is a known hassle, thus avoiding traffic altogether. A key consideration is that this person is highly habitual and strongly dislikes reconsidering their transportation choices, meaning their decisions are a long-standing compromise between the absolute freedom they perceive a car offers and their intense dislike for being stuck in traffic."
30330558,"That person uses Public transports if: the journey is routine or time-sensitive, as they have an expert-level knowledge of the schedules and can use the travel time productively. Use Private modes if: the destination is poorly served by other options or the trip requires maximum flexibility in timing and location, despite potential delays. Use Soft modes if: the distance is short, allowing them to completely bypass the traffic and parking hassles they dislike. A key consideration is that this person actively chooses from several alternatives and is not a captive user; their decision weighs their deep, memorized knowledge of public transport schedules against the car's flexibility, which they view as unreliable for arriving on time."
30330569,"That person uses Public transports if: it is for a regular and familiar journey, as they are a confident, lifelong user who is comfortable with the system. Use Private modes if: the trip requires a high degree of flexibility in destination or timing that public transport cannot offer. Use Soft modes if: the distance is short, allowing them to completely avoid the frustrations of traffic and parking. A key consideration is the conflict between the car's theoretical freedom to go anywhere and their strong frustration with traffic, which leads them to believe cars are not reliable for being on time; this is weighed against their ingrained, positive social attitude towards public transport as a benefit to the city."
30330631,"That person uses Public transports if: the destination has poor parking and the route is prone to traffic, allowing them to use their travel time productively, Use Private modes if: the trip requires a high degree of flexibility in timing and destination, and when traffic congestion and parking difficulties are not anticipated, Use Soft modes if: the distance is short, allowing for a predictable and stress-free journey that completely avoids traffic and the search for parking. A key consideration is the strong aversion to both being stuck in traffic and searching for parking, which conflicts with a strong discomfort traveling close to unknown people; they do not believe a car guarantees an on-time arrival."
30330653,"That person uses Public transports if: the journey is to a familiar destination, as they are a highly experienced and confident user who knows the system's routes and schedules very well. Use Private modes if: the trip requires absolute freedom to go to a destination not covered by public transport, despite the risk of delays. Use Soft modes if: the distance is short and they want to avoid traffic, or as a way to connect to a train or bus. A defining consideration for this person is their strong willingness to combine different transport modes in a single trip; this flexibility, paired with a significant dislike for being stuck in traffic, means they will often choose a multi-step public transport journey over driving."
30330674,"That person uses Public transports if: the destination has severe parking difficulties or their private vehicle is unavailable. Use Private modes if: flexibility in schedule and destination is required to complete all planned activities. Use Soft modes if: the destination is very close and the trip is for a single purpose, making it the most direct option. A primary consideration is that this person is very set in their ways and feels they have no alternative to their usual transport; they strongly value the car's freedom to go wherever and whenever, but this is weighed against a strong dislike for searching for a parking space."
30330725,"That person uses Public transports if: a direct, single-vehicle route is available and perceived as a clear and simple alternative to their usual mode, Use Private modes if: it is perceived as the only viable option to reach a destination, offering a sense of freedom for a direct, single-mode journey, Use Soft modes if: the trip is short and self-contained, representing the most direct and obvious choice. A key consideration is the person's strong aversion to changing transport modes during a journey, as they are highly habitual and do not reconsider their choice. While they feel they have no alternative to their usual mode, they strongly dislike the hassle of parking and believe public transport is good for the city, indicating a potential opening for a very simple, direct alternative."
30330770,"That person uses Public transports if: the journey is familiar and can be completed on a single, direct route without any transfers, as they are a lifelong and knowledgeable user of their regular lines. Use Private modes if: the destination is not easily accessible by a direct public transport route, and the trip can be made at a time when the risk of traffic and parking difficulties is low. Use Soft modes if: the distance is short enough for a direct, door-to-door journey, which allows them to avoid both traffic and the potential complexity of transit schedules. A critical consideration for this individual is their strong aversion to changing their means of transport mid-journey, meaning they will almost always prioritize a direct trip over a faster but multi-part one; furthermore, their intense dislike of being stuck in traffic and searching for parking are major deterrents to using a car."
30330778,"That person uses Public transports if: the destination is well-served by the network they know intimately, as this is their familiar and preferred option, Use Private modes if: the journey is to a remote location not covered by public transit or requires transporting heavy goods, Use Soft modes if: the trip is short and weather permits, providing a simple alternative to waiting for public transport or dealing with car-related hassles. However, the primary consideration is their constant re-evaluation of transport modes for each trip; this choice is heavily influenced by their strong belief that public transport improves the city and their deep, lifelong familiarity with the system, contrasted with their disagreement that cars guarantee punctuality."
30330798,"That person uses Public transports if: the destination is accessible by the network, as they are highly proficient and comfortable with the system, Use Private modes if: a trip is impossible via other means, for example when transporting bulky items or going to a completely unserved location, Use Soft modes if: the distance is short or as part of a multi-modal journey to connect with a bus or train. A major consideration for this individual is their strong, lifelong habit and pro-social attitude towards public transit, combined with a firm belief that private cars are neither flexible nor reliable for arriving on time."
30330821,"That person uses Public transports if: it is for any regular or predictable journey, as they are a deeply knowledgeable and lifelong user of the system. Use Private modes if: the destination is completely inaccessible by any other means and they are a passenger, as they strongly believe cars are unreliable and not a source of freedom. Use Soft modes if: the trip is short and routine, likely for local errands or to connect with a public transport hub. A key consideration for this person is their combination of being a creature of habit who knows public transport schedules by heart and their strong disagreement with the idea that cars provide freedom or punctuality, making them exceptionally loyal to their established travel patterns."
30330833,"That person uses Public transports if: the destination is well-served by the network and the journey allows for productive use of time, especially when traffic congestion is expected, Use Private modes if: the trip requires flexibility that other modes cannot offer and both traffic and parking are guaranteed to be hassle-free, Use Soft modes if: the distance is short and the weather is suitable, as this completely avoids the primary frustrations of traffic and parking. A key consideration is that while they may have a usual mode for their activities, they frequently reconsider their choice because they strongly dislike being stuck in traffic and searching for a parking space, and feel they always have alternative options available."
30330951,"That person uses Public transports if: the destination is on a familiar, direct route, allowing travel time to be used productively, Use Private modes if: the trip requires a level of flexibility in timing or destination that the public transport network cannot accommodate, Use Soft modes if: the journey is short and the destination is nearby, offering the most straightforward door-to-door option. This person's choice is strongly guided by an aversion to being stuck in traffic and searching for parking, coupled with a clear preference for direct journeys without transfers; they are very confident in their knowledge of the public transport system and do not believe it restricts their activities, which strongly favors its use over a car for routine travel."
30332010,"That person uses Public transports if: the destination has significant parking challenges and the journey is direct and familiar, allowing them to leverage their extensive knowledge of the system. Use Private modes if: the trip requires maximum flexibility for multiple activities or destinations, and the need for personal space is paramount. Use Soft modes if: the distance is short and the trip is to a congested area, completely avoiding both parking hassles and proximity to strangers. A primary consideration is the conflict between their strong belief in the car's freedom to go anywhere at any time and the severe limitations they feel public transport imposes on their activities, versus their intense dislike of searching for parking. Furthermore, a significant personal factor is their profound discomfort when traveling close to people they do not know, which clashes with their lifelong use and deep knowledge of the public transport system, whose schedules they find very easy to understand."
30860032,"That person uses Public transports if: the journey is simple and direct without requiring transfers, and it is the only option available. Use Private modes if: the trip demands flexibility in timing and destination, as this is their habitual choice and it ensures personal space away from strangers. Use Soft modes if: the destination is nearby, making the predictable hassles of traffic and parking with a car impractical. A significant consideration for this individual is the conflict between the freedom to travel anywhere at any time, which they value highly, and their strong dislike for being stuck in traffic or searching for parking; they do not consider the car a reliable means of being on time and feel that using public transport would limit their activities."
30860141,"That person uses Public transports if: the journey is regular and follows a familiar, predictable route for which they know the schedules, Use Private modes if: the trip is non-routine or to a destination not well-served by other means, where the freedom to go anywhere at any time is the main priority, Use Soft modes if: the trip is short and presents itself as the most direct or only practical option. A key consideration for this person is the feeling of being constrained by a lack of alternatives, and while they are a habitual public transport user, they strongly agree that the ability to go wherever and whenever is a major advantage of having a car."
30860145,"That person uses Public transports if: the trip is routine and the schedule allows them to use their travel time productively without limiting their plans. Use Private modes if: the journey requires a level of flexibility in timing or destination that public transport cannot accommodate, preventing them from having to cancel activities. Use Soft modes if: the distance is short and the inconvenience of finding parking for a car is a primary concern. A key consideration is that while this person is a lifelong public transport user who is completely comfortable traveling close to strangers, their primary reason to choose a car is the strong belief that public transport can be restrictive and force them to cancel activities they would otherwise do."
30860167,"That person uses Public transports if: the destination has severe traffic and parking difficulties and the trip is simple enough not to limit their activities, Use Private modes if: the journey requires flexibility in timing and destination to ensure all activities can be accomplished, Use Soft modes if: the distance is short and the convenience of avoiding traffic and parking challenges outweighs driving. A key consideration for this person is the conflict between the freedom and punctuality they get from a car and their strong dislike for traffic and finding parking; this is compounded by a feeling that they have no real alternative and that public transport would significantly restrict their lifestyle."
30860215,"That person uses Public transports if: the destination is in a congested area with difficult parking and the route is familiar and does not limit their planned activities, Use Private modes if: the trip requires maximum flexibility in timing and destination where other options are perceived as too restrictive, Use Soft modes if: the distance is short, making it the most convenient way to avoid the frustrations of traffic and parking. A key consideration is their strong belief that a private car provides unparalleled freedom to go wherever and whenever they want, contrasted by a completely impersonal relationship with public transport services, as they do not know any of the drivers."
30860227,"That person uses Public transports if: the destination is known for heavy traffic congestion, making the frustration of driving outweigh the discomfort of being near strangers, Use Private modes if: the journey is a routine activity where control over timing and personal space are the main priorities, Use Soft modes if: the distance is short, allowing for a predictable trip that completely avoids both traffic and crowded vehicles. A major consideration is that their intense boredom with traffic is in direct conflict with their discomfort around unknown people, meaning their choice is often based on which negative factor is less impactful for a specific trip; furthermore, since they do not use travel time productively, they will always favor the most familiar and direct option available."
30860246,"That person uses Public transports if: the journey is familiar and direct, especially to an area with predictable traffic or difficult parking. Use Private modes if: the trip requires flexibility for multiple stops or is to a destination poorly served by other means. Use Soft modes if: the distance is short and the goal is to guarantee avoidance of traffic and parking delays. The primary consideration is that this person is a highly flexible and expert traveler who strongly dislikes being stuck in traffic, causing them to constantly re-evaluate and choose the most time-predictable mode for any given journey."
30860265,"That person uses Public transports if: the trip is a routine journey on a direct route, especially to a destination where traffic and parking are known problems. Use Private modes if: the journey requires absolute flexibility in timing or destination that cannot be met by other transport options. Use Soft modes if: the destination is very close, allowing for a direct trip that completely bypasses the frustrations of both traffic and parking. A key consideration is the conflict between their strong belief in the car's freedom to go anywhere at any time and their intense frustration with being stuck in traffic, which results in them sticking to habitual travel patterns because they feel they often have no real alternative."
30860310,"That person uses Public transports if: the journey is predictable and direct, allowing them to leverage their expert knowledge of schedules and use their time productively. Use Private modes if: the trip requires significant flexibility in timing and destination or when the need for personal space is paramount. Use Soft modes if: the distance is short, as this allows for a direct journey that avoids both traffic congestion and crowded vehicles. A primary consideration is their strong aversion to being stuck in traffic, but this is carefully weighed against a significant discomfort with traveling close to strangers and a general dislike for transfers, which influences their day-to-day choice."
30860533,"That person uses Public transports if: the destination has severe parking difficulties or is subject to heavy traffic, provided a direct route without transfers is available, Use Private modes if: it is their habitual choice for almost all regular activities, as they feel it is their only option for reliable and flexible travel, Use Soft modes if: the journey is over a very short distance where the hassle of driving and parking is impractical. A primary consideration is their strong, habitual conviction that they have no viable alternative to their usual mode of transport, though they are strongly deterred by heavy traffic and the difficulty of finding parking, and dislike journeys that require changing between different modes."
30860539,"That person uses Public transports if: the destination is accessible via the network, as they are highly knowledgeable about the system and feel it benefits the city, Use Private modes if: the journey requires a level of flexibility that public transport cannot offer, despite potential delays, Use Soft modes if: the distance is short, providing a reliable way to avoid the traffic they dislike. A major consideration for this individual is that while they feel they have no alternative mode for their usual trips, this is strongly supported by their belief in the civic good of public transport and a complete comfort traveling close to strangers, while being strongly deterred by the boredom and unreliability of traffic jams associated with private cars."
30860540,"That person uses Public transports if: the destination is well-served by the network and the schedule allows for all planned activities, Use Private modes if: public transport is not a viable option, forcing them to cancel or significantly alter activities they need to do, Use Soft modes if: the trip is short and the weather is favorable, allowing them to avoid the hassles of traffic and parking. A primary consideration for this individual is the conflict between their expertise and their constraints; despite being a highly knowledgeable public transport user who is comfortable with transfers and traveling near strangers, their choice is ultimately dictated by a strong belief that public transport forces them to cancel certain activities, creating situations where they feel they have no other alternative, even though they strongly dislike being stuck in traffic and searching for parking."
30860545,"That person uses Public transports if: the route is familiar and well-connected, allowing them to use travel time productively while guaranteeing an escape from traffic congestion, Use Private modes if: the trip is essential for activities that are otherwise impossible via public transport, and the journey can be made at a time that avoids traffic and parking issues, Use Soft modes if: the distance is short, as this provides a reliable way to completely avoid the frustration of both traffic and parking. A critical deciding factor is their profound dislike of being stuck in traffic, which is reinforced by their complete comfort with traveling near strangers and their lifelong expertise with the public transport network, though they will revert to a car if their activities are too constrained by transit schedules."
30860726,"That person uses Public transports if: it is their deeply ingrained, lifelong habit for regular travel, supported by their expert knowledge of necessary routes and schedules. Use Private modes if: a destination is completely inaccessible by their usual means, making it a rare choice of last resort. Use Soft modes if: the travel is for very short distances or to connect with their primary public transport service. A key consideration for this individual is the strong conflict between their feeling of having no alternative to public transport and their belief that this mode severely restricts their activities, yet they are completely unwilling to reconsider their travel habits."
30860762,"That person uses Public transports if: driving is impractical and the destination is easily accessible by a familiar, direct route, Use Private modes if: the journey requires flexibility in timing and destination, and punctuality is a priority, Use Soft modes if: the distance is very short and the trip is for leisure or a non-urgent errand. A key consideration is their strong belief that a private car offers unparalleled freedom to travel anywhere at any time and ensures they will be on time, which forms the basis of their habitual, and infrequently reconsidered, travel choices."
30860804,"That person uses Public transports if: the journey is simple, direct without requiring transfers, and information about the route and schedule is exceptionally clear. Use Private modes if: the trip demands flexibility in timing and destination or when punctuality is perceived as critical, making this their default choice. Use Soft modes if: the distance is very short and the destination has known parking difficulties that would make driving inconvenient. A key consideration for this individual is the conflict between their strong feeling of having no alternative to their habitual mode and their equally strong belief in the civic benefits of public transport; they are a reluctant driver whose primary barrier to change is a significant lack of familiarity with how the public transport system works."
31320316,"That person uses Public transports if: their private vehicle is completely unavailable and there is no other alternative, as they feel forced into their current mode. Use Private modes if: the trip requires absolute freedom and flexibility in destination and timing, which is their default assumption for nearly all travel. Use Soft modes if: the destination is extremely close for a utilitarian trip or for purely recreational purposes. A key consideration is that their behavior is dictated by a strong conviction that the car provides ultimate freedom, and this is compounded by a deep-seated resistance to changing their habits and a complete lack of concern about the difficulties of parking."
31320455,"That person uses Public transports if: a direct route without transfers is available and driving is completely impractical, Use Private modes if: the journey requires flexibility in destination and timing, and punctuality is essential, Use Soft modes if: the destination is very close, allowing for a short, direct trip. A significant consideration is that this person feels they have no real alternative to their usual mode of transport, valuing the freedom and reliability of a private car while being strongly deterred by the discomfort of traveling near strangers and the inconvenience of changing transport modes during a journey."
31320685,"That person uses Public transports if: the destination is accessible via a familiar and direct route that does not require complex transfers, Use Private modes if: there is no viable public transport option available, forcing an alternative they perceive as unreliable, Use Soft modes if: the distance is short enough to be covered directly, avoiding both vehicle parking and public transport transfers. A primary consideration is their deep familiarity and confidence with the public transport system, which they find very easy to navigate and believe benefits the city, contrasted by their strong disagreement with the idea that cars are a reliable means of being on time."
31320757,"That person uses Public transports if: the destination is well-served by the network for a regular or time-sensitive activity, Use Private modes if: the journey requires maximum flexibility for destinations or schedules not covered by other modes, Use Soft modes if: the distance is short and the trip is in a congested area where avoiding traffic and parking is a priority. A major factor influencing their choice is the strong belief that using public transport contributes to a more comfortable and welcoming city; conversely, they will not rely on a private car for time-critical travel as they disagree it is a reliable way to be on time and feel their travel choices are genuine options, not a result of having no alternative."
31320758,"That person uses Public transports if: it is their default mode for almost any journey, relying on their expert knowledge of routes and schedules built over a lifetime of use. Use Private modes if: the destination is completely inaccessible by other means and they are likely a passenger, as they do not seem to use a car. Use Soft modes if: the trip is over a short distance where walking is more convenient, or for connecting to a public transport stop. A major consideration for this person is their strong aversion to being stuck in traffic, which is supported by their deep confidence in navigating the public transport system and their comfort with traveling near strangers and making transfers."
31320760,"That person uses Public transports if: the destination is well-served by the network and the priority is to have a predictable travel time, avoiding the stress of traffic and parking. Use Private modes if: the trip requires maximum flexibility in destination or timing that cannot be met by other options, particularly for complex or non-routine journeys. Use Soft modes if: the distance is short, allowing for a reliable door-to-door journey that completely bypasses traffic and parking issues. The central conflict in their decision-making is balancing the strong belief that a car offers ultimate freedom to go wherever and whenever against a strong aversion to being stuck in traffic, which they feel makes driving unreliable for arriving on time."
31320887,"That person uses Public transports if: the trip is direct without requiring a transfer and they want to contribute positively to the urban environment, Use Private modes if: the journey requires maximum flexibility for time and destination or involves multiple stops, Use Soft modes if: the distance is short and the main goal is to completely avoid the frustrations of traffic and parking. However, the decision is heavily influenced by a strong desire to avoid both traffic congestion and the need to change modes of transport during a single journey, creating a conflict between the car's perceived freedom and its practical frustrations."
31321476,"That person uses Public transports if: the journey is well-served by the network and can be completed with a single, direct service, leveraging their extensive knowledge of routes and schedules. Use Private modes if: the destination is inaccessible by public transport or the trip occurs when services are not running, and strict on-time arrival is not the primary concern. Use Soft modes if: the trip is short and allows for a simple door-to-door journey for local activities. A primary consideration is their strong dislike for changing modes of transport during a single trip, which may lead them to seek a direct route. Additionally, their choice is heavily influenced by a firm belief that private cars are unreliable for ensuring punctuality and do not offer true freedom of movement, making them a mode of last resort."
31321488,"That person uses Public transports if: it is their habitual choice for nearly all activities, as they are a dedicated lifelong user who knows the system perfectly and feels they have no other alternative. Use Private modes if: there is an absolute lack of any other option, as they strongly reject the idea that cars provide freedom or punctuality. Use Soft modes if: the trip is for a short distance, especially when connecting to a bus or train, since they are very comfortable with making transfers. A significant consideration is their ability to use travel time productively, a choice reinforced by their strong personal comfort traveling near strangers and their conviction that they have no alternative to their usual mode of transport."
31321590,"That person uses Public transports if: the journey is direct without transfers and leads to a destination where traffic congestion or parking are likely issues, Use Private modes if: the destination is not well-served by other means and offers guaranteed and easy parking, Use Soft modes if: the travel distance is short and the route is simple. A key factor in their decision-making is a strong aversion to looking for a parking space, which will heavily discourage car use. Furthermore, while they are a confident and lifelong public transport user, they do not know the schedules by heart, suggesting a reliance on frequent services or digital tools for planning."
39010096,"That person uses Public transports if: the journey is a direct route to a familiar destination and when avoiding traffic is a priority, Use Private modes if: the destination is not well-served by other modes or when maximum flexibility in schedule and route is required, Use Soft modes if: the distance is short and the trip is direct, allowing them to completely bypass potential traffic. However, the decision is heavily influenced by their strong belief that a car provides ultimate freedom to go wherever and whenever, a factor that often overrides other considerations except when traffic is a significant concern."
39020001,"That person uses Public transports if: the journey is routine and follows a route where their expert knowledge of the network and schedules can be used, Use Private modes if: the trip requires a high degree of flexibility in timing or destination that public routes cannot accommodate, Use Soft modes if: the distance is short, for local errands, or as a component of a longer multi-modal journey. A primary consideration in their choice is their deep, personal familiarity with the public transport system, knowing exactly which services to take and even some of the drivers, which is uniquely balanced against the fact that they are completely unbothered by being in traffic or by the challenge of looking for a parking space."
39110438,"That person uses Public transports if: the route is direct, the travel time can be used productively, and it bypasses traffic. Use Private modes if: the destination is otherwise inaccessible or when absolute flexibility is paramount. Use Soft modes if: the trip is for a short, predictable distance. A major consideration for this person is their strong dislike for traffic and parking, which makes them doubt a car's ability to be on time; therefore, they will frequently reconsider their options, weighing the car's freedom against the practical convenience of other modes which they feel do not limit their activities."
39110449,"That person uses Public transports if: it is their habitual choice for daily activities, as they are highly confident with the routes and schedules, Use Private modes if: there is absolutely no public transport option available and they can travel as a passenger, Use Soft modes if: the journey is for a short distance or to connect with a bus or train station. A key consideration is their strong belief that they lack other alternatives, which is reinforced by a dislike of traffic and a conviction that cars are not reliable for punctuality; this makes their lifelong, knowledgeable use of public transport, where they are comfortable around strangers, the default choice."
39110450,"That person uses Public transports if: the destination is difficult to access by car due to traffic and parking, and the journey is simple and does not compromise their activity schedule, Use Private modes if: they need the flexibility to reach destinations or participate in activities that are not well-served by other options, Use Soft modes if: the destination is very close and the trip is for a minor errand, making it the most convenient and hassle-free choice. A primary consideration is their strong belief that they have no alternative to their usual mode of transport, as public transportation would limit their activities, even though they dislike the traffic and parking hassles associated with driving and do not consider the car to be a reliable way to be on time."
39110459,"That person uses Public transports if: the destination is well-served by the network, allowing for productive use of travel time and the completion of all planned activities, Use Private modes if: the planned activities would otherwise have to be canceled due to the limitations of public transport schedules or network coverage, Use Soft modes if: the distance is short, serving as an efficient way to connect to public transport or to avoid being stuck in traffic on local trips. A key consideration is the conflict between their deep-seated expertise and comfort with public transport—including transfers and traveling with strangers—and the significant limitations it imposes on their activities, forcing frequent re-evaluation of their choices."
39110781,"That person uses Public transports if: the route is familiar and offers a direct service, allowing them to avoid the boredom of traffic congestion. Use Private modes if: the trip requires maximum flexibility to go anywhere at any time, particularly to destinations not easily accessible by other means. Use Soft modes if: the distance is short, which guarantees a direct trip without the risk of traffic delays. A significant consideration is their strong aversion to being stuck in traffic, which is weighed against the freedom a private car offers; however, the final decision is heavily guided by a strong preference for direct, single-mode journeys, as they dislike changing transport during a trip."
39110815,"That person uses Public transports if: the journey is part of a regular routine to a destination well-served by the network, leveraging their extensive knowledge of the system and the ability to use travel time productively. Use Private modes if: the destination is not easily accessible by other means or the trip demands a high degree of flexibility that other modes cannot provide. Use Soft modes if: the travel distance is short, primarily to avoid the strongly disliked frustrations of traffic and parking. A key consideration for this person is weighing the car's benefit of going anywhere at any time against their strong dislike for being stuck in traffic and searching for parking, as they do not believe a car guarantees an on-time arrival."
39110816,"That person uses Public transports if: it is their default and habitual mode for regular trips, as they are a knowledgeable lifelong user who can use the travel time productively. Use Private modes if: the destination is inaccessible by other means or if using public transport would force the cancellation of essential activities, making it a reluctant last resort. Use Soft modes if: the distance is short, as it provides a reliable way to completely avoid the traffic and parking hassles they strongly dislike. A primary consideration in their choice is a strong aversion to being stuck in traffic and searching for parking, combined with being completely comfortable traveling near strangers; however, an exception to their habitual use of public transport is made when its network limitations would force them to forego activities."
39110987,"That person uses Public transports if: the destination is congested with difficult parking and the route is direct, as long as it does not limit their ability to complete all their planned activities. Use Private modes if: flexibility, a strict schedule, and the ability to travel anywhere at any time are the top priorities, as they feel it is their only viable option. Use Soft modes if: the trip is short and local, allowing them to completely avoid the disliked experiences of being in traffic and searching for a parking space. A key consideration for this person is the major conflict between the freedom and reliability they get from their car versus their strong aversion to traffic and parking hassles, which is heavily influenced by the belief that using public transport would restrict their activities."
39111356,"That person uses Public transports if: the destination is well-served by a network they know expertly and can navigate with confidence. Use Private modes if: the trip requires absolute flexibility to reach a destination poorly served by other options, making it a choice of necessity. Use Soft modes if: the travel distance is short, making it the most efficient choice for local trips or for connecting to transit hubs. A significant consideration is that this individual is a highly competent and lifelong public transport user who strongly feels it does not limit their activities; however, they will use a car for its freedom to go anywhere despite disliking traffic and parking, often feeling they have no other alternative for that specific journey."
39120016,"That person uses Public transports if: their private vehicle is completely unavailable for a trip where parking is known to be impossible, Use Private modes if: it is their habitual choice for virtually all activities, as they feel it is their only option for freedom and punctuality, Use Soft modes if: the destination is extremely close and the trip is not time-sensitive. A primary consideration is that this individual feels captive to their current mode of transport, valuing the car's ability to go anywhere at any time, yet they strongly dislike the boredom of being stuck in traffic. Their choice is heavily influenced by a lack of familiarity with the public transport network and a discomfort with traveling close to unknown people, making them very unlikely to reconsider their habits."
39120435,"That person uses Public transports if: it is their habitual mode for routine journeys where they are familiar with the schedules and network. Use Private modes if: they are a passenger in someone else's vehicle or for destinations that are not served by their usual transportation options. Use Soft modes if: the destination is nearby, making it the most convenient and direct option for a short trip. A key consideration is that their mode choice is heavily influenced by a perceived lack of alternatives, yet their comfort with traveling around strangers makes their habitual reliance on shared transport a viable long-term behavior."
39120458,"That person uses Public transports if: the destination is well-served by the network, allowing them to avoid the frustrations of traffic and parking, Use Private modes if: the journey requires maximum flexibility in route or timing that other modes cannot offer, particularly when traffic and parking are not expected to be issues, Use Soft modes if: the travel distance is short and the main goal is to completely bypass the stress of traffic and the difficulty of parking. A significant consideration in their choice is the trade-off between the unparalleled freedom of a private car and their strong dislike for being stuck in traffic or searching for parking; their excellent knowledge of and comfort with the public transport system makes it a very strong alternative whenever driving becomes a hassle."
39120509,"That person uses Public transports if: the journey is routine and they are highly familiar with the direct routes, allowing them to use the travel time productively, Use Private modes if: the trip requires absolute flexibility to go to a destination not well-served by their known transit network, Use Soft modes if: the destination is close and the trip is short enough to be the most convenient door-to-door option. A primary consideration is their exceptional comfort traveling among strangers combined with their expert knowledge of the public transport system; however, this is balanced by a strong dislike for changing modes of transport during a single trip and the hassle of searching for parking."
42270059,"That person uses Public transports if: the route is straightforward and familiar, and avoiding traffic is a priority, Use Private modes if: the destination is difficult to reach by other means or when the schedule requires maximum flexibility, Use Soft modes if: the travel distance is short and convenience is the main goal. A key consideration is the person's strong belief that a private car provides the ultimate freedom to go wherever and whenever they want; however, while they are comfortable traveling with strangers, a significant factor limiting their use of public transport is their lack of knowledge about which specific routes to take."
42270121,"That person uses Public transports if: the journey is on a familiar network, as they are a knowledgeable and lifelong user who believes in its social benefits. Use Private modes if: it is the only practical option for a specific destination, as they strongly doubt the car's ability to provide freedom or ensure punctuality. Use Soft modes if: the trip is for a short distance or as a seamless part of a multi-modal journey, given their comfort with transfers. A key consideration is their deeply ingrained belief system; they agree that public transport improves the city and strongly disagree that cars provide unique freedom or reliability, however, a specific exception that could deter them is encountering schedules that are difficult to understand for an unfamiliar route."
42270214,"That person uses Public transports if: the journey is for a regular activity and can be completed on a familiar, direct route without transfers, Use Private modes if: the trip requires absolute flexibility in destination and timing that cannot be met by other options, Use Soft modes if: the journey is short, direct, and habitual. A primary consideration is that this person strongly dislikes transfers and will favor any single-mode journey; while they find cars unreliable for punctuality, they will make an exception for the flexibility it provides for non-routine trips, though their complete comfort traveling among strangers makes public transport a highly viable and frequent choice."
42270323,"That person uses Public transports if: it is their primary and habitual choice for most regular journeys, as they have used it their entire life and find it effective and non-restrictive for their activities. Use Private modes if: there is no viable public transport route available, and the destination is inaccessible by walking or cycling, forcing a choice out of necessity rather than preference. Use Soft modes if: the distance is short, the weather is favorable, and it can either cover the entire journey or serve as a convenient connection to a public transport hub. A significant consideration is that this individual is a lifelong public transport user who feels they often have no other viable option for their regular travel; their choice is reinforced by a strong aversion to traffic-related delays, a perception that cars are not reliable for arriving on time, and a high comfort level with transfers and traveling near strangers."
42270851,"That person uses Public transports if: the journey is a regular and familiar commute where they know the schedules by heart, Use Private modes if: the trip is complex with multiple stops or goes to a destination where public transport is perceived as limiting their activities, Use Soft modes if: the distance is short, allowing them to completely avoid the frustrations of traffic and parking. A key consideration for this person is weighing the car's benefit of going wherever and whenever they want against their strong dislike for being stuck in traffic and the hassle of searching for a parking space."
42270878,"That person uses Public transports if: the journey is routine, allows for productive use of time, and the destination has known parking difficulties. Use Private modes if: the trip requires absolute flexibility in timing and destination or when punctuality is critical. Use Soft modes if: the distance is short, allowing them to avoid the frustrations of traffic and parking for local errands. A key consideration for this person is the trade-off between the absolute freedom their car provides and its major drawbacks of traffic and parking; even with a lifetime of using public transport, they will avoid it for any trip that might restrict their activities, a feeling reinforced by their lack of detailed knowledge of schedules."
42270907,"That person uses Public transports if: the journey is direct with no transfers and allows them to avoid predictable traffic, Use Private modes if: the trip requires maximum flexibility in destination or timing and can be completed as a single, door-to-door journey, Use Soft modes if: the distance is short and allows for a direct trip without changing modes. A key consideration is the person's intense dislike for changing their means of transport during a trip, combined with a strong belief that their car provides ultimate freedom to go wherever and whenever they want; their travel choices are very deliberate and habitual, as they do not reconsider their options frequently."
42270996,"That person uses Public transports if: the destination is well-served by a familiar route, allowing for productive travel time and avoiding traffic or parking hassles, Use Private modes if: the destination is not accessible via their regular transit network, or when a direct, hassle-free journey is guaranteed without traffic or parking difficulties, Use Soft modes if: the travel distance is short and the route is direct, offering a simple and predictable alternative to other modes. A primary consideration is the strong aversion to being stuck in traffic and searching for parking, coupled with a belief that cars are not reliable for punctuality; however, the choice of public transport can be negatively influenced by schedules that are perceived as difficult to understand, reinforcing a reliance on familiar, habitual routes."
42271015,"That person uses Public transports if: the destination is on a familiar, regular route with a well-known schedule and the trip does not require complex multi-stop activities, Use Private modes if: the trip involves multiple activities or goes to a destination that would otherwise be inaccessible, granting them maximum flexibility, Use Soft modes if: the trip is short and simple, and neither the flexibility of a car nor the productivity of public transport is the main priority. A key consideration for this individual is the fundamental conflict between the belief that a car allows them to go wherever and whenever, and the feeling that using public transport would force them to cancel certain activities; this tension means they do not have a single usual mode of transport and frequently reconsider their options for each journey."
42271144,"That person uses Public transports if: it is for a regular journey or a distance too far to walk, as they are highly proficient in navigating the network, Use Private modes if: they are a passenger in someone else's vehicle for a trip to a destination not serviced by their usual means, Use Soft modes if: the destination is close enough that walking is more efficient than taking a bus or train. A key consideration is that this individual is a deeply ingrained, lifelong public transport user who finds the system exceptionally easy to understand; therefore, their choice is heavily reinforced by the ability to use travel time productively and is not influenced by car-related factors which are entirely outside their experience."
42271272,"That person uses Public transports if: the destination is well-served by the network they know intimately, leveraging their lifelong experience and comfort with the system, Use Private modes if: public transport is not a viable option for the specific trip, forcing them to use an alternative out of necessity rather than preference, Use Soft modes if: the distance is short and the journey is simple enough to be the most convenient choice. A significant consideration is that this individual is not a creature of habit and frequently reconsiders their mode of transport; however, they often feel their final choice is dictated by a lack of practical alternatives for a specific journey. Their comfort with traveling near strangers and lack of concern about finding parking makes them adaptable to whichever mode is available."
42280033,"That person uses Public transports if: the trip is routine and follows a familiar, well-known route, particularly when avoiding traffic congestion and parking is a priority. Use Private modes if: the destination is poorly served by the public network or when the need for absolute freedom in timing and destination is paramount. Use Soft modes if: the journey is short, and the goal is to completely avoid the frustrations of traffic and parking. A key consideration for this person is the trade-off between the belief that a car provides ultimate freedom to go anywhere at any time and a strong aversion to being stuck in traffic; this choice is heavily influenced by a positive view of public transport's community benefits and a lack of discomfort when traveling close to unknown people."
42280034,"That person uses Public transports if: the journey is predictable and allows them to avoid the boredom of traffic congestion, Use Private modes if: the trip demands maximum flexibility for route or schedule that public transport cannot match, Use Soft modes if: the distance is short, making it the most efficient way to avoid both traffic and parking. A primary consideration is weighing the car's unparalleled freedom to go anywhere at any time against their strong dislike of being stuck in traffic; this choice is heavily influenced by their expert-level knowledge of the public transport system and their comfort traveling close to strangers, making it a very appealing alternative."
42280110,"That person uses Public transports if: it is their default and lifelong habit for any regular activity, as they are a highly competent user who believes it does not limit their lifestyle. Use Private modes if: it is the only available option for a unique journey, given their dislike of traffic, parking hassles, and a lack of faith in the car's punctuality. Use Soft modes if: the trip is short and local, likely to connect with the public transport network or for quick errands. A significant consideration is that this person is deeply set in their ways and rarely reconsiders their travel choices, as they strongly feel that using the bus is good for the city, are perfectly comfortable traveling near strangers, and do not believe that public transport forces them to cancel activities."
42280200,"That person uses Public transports if: the destination is in a heavily congested area with severe parking difficulties, and the trip itself does not require flexibility or multiple stops. Use Private modes if: flexibility in destination and timing is needed, as they perceive it as the only viable option that supports their lifestyle and activities. Use Soft modes if: the journey is short enough to completely avoid the frustrations of traffic and the search for parking. A key consideration for this person is the conflict between the car's perceived freedom and its practical drawbacks; they feel locked into their choice due to a belief that public transport is restrictive and confusing, despite being highly frustrated by traffic and parking and not trusting their car to be on time."
42280217,"That person uses Public transports if: the journey is direct without transfers on a familiar route that is unlikely to be crowded. Use Private modes if: flexibility is the top priority for a complex trip where other options are not viable, and the risks of traffic and parking difficulties are low. Use Soft modes if: the distance is short to medium, as this allows them to avoid traffic, parking, and proximity to unknown people. A key consideration for this person is the conflict between their strong aversion to traffic and parking and their discomfort with traveling close to strangers; they are further deterred from public transport by a dislike of transfers and a lack of confidence in navigating the network, which they feel limits their activities."
42280523,"That person uses Public transports if: it is a regular, familiar trip where they feel there is no alternative, Use Private modes if: the journey requires flexibility to maintain their schedule of activities, Use Soft modes if: the trip is for very short distances where other modes are impractical. A primary consideration is their conviction that their travel choices are forced, as they strongly believe public transport is too restrictive for their activities and they do not reconsider their established habits, despite being unbothered by traffic or the need to transfer between transport modes."
42280650,"That person uses Public transports if: the destination is well-connected by the network and the schedule is predictable, allowing for productive use of travel time. Use Private modes if: the destination is inaccessible by other means or if they need to transport large items, particularly when the trip can be made outside of peak hours to avoid traffic. Use Soft modes if: the journey is short, for leisure, or to connect with public transport services. A crucial consideration is their very strong aversion to the unpredictability of car travel; they firmly believe cars are not a reliable way to be on time and strongly dislike the stress of being stuck in traffic and searching for parking."
42340021,"That person uses Public transports if: the journey is direct, does not require transfers, and fits conveniently into their schedule without limiting other activities, Use Private modes if: the trip requires flexibility in timing or destination, which represents their habitual and preferred choice for most travel, Use Soft modes if: the destination is very close and easily reachable for a simple, direct trip. A primary consideration is that this person strongly values the freedom to go wherever and whenever they want, and their reliance on a usual mode of transport is a deliberate choice, as they firmly believe they are not limited by a lack of alternatives."
42340104,"That person uses Public transports if: the destination is efficiently covered by the network, leveraging their extensive knowledge of routes and comfort with transfers. Use Private modes if: the destination is inaccessible by other means or they need to transport bulky items, as they dislike the hassle of parking. Use Soft modes if: the distance is short, especially for connecting to public transport or for local errands. A key consideration for this person is their remarkable flexibility, as they constantly re-evaluate their travel options rather than sticking to a single habit. Their choice is heavily influenced by a deep confidence in navigating the public transport system, feeling completely unconstrained by its structure, the need for transfers, or traveling close to strangers."
42340125,"That person uses Public transports if: the service is available and provides a way to avoid traffic, as they are very comfortable sharing space with other people. Use Private modes if: it is the only perceived option for a journey and the risk of traffic congestion is minimal. Use Soft modes if: the distance is short, as this offers a reliable way to bypass traffic entirely. A primary consideration in their choice is a strong dislike for being stuck in traffic, coupled with a distinct lack of discomfort when traveling near strangers, though their decision is often constrained by the feeling that they have no other viable alternative."
42340129,"That person uses Public transports if: a direct route without transfers is available, allowing for productive use of travel time. Use Private modes if: it is their habitual choice, perceived as the only viable option to maintain their freedom of activity and go wherever they need to. Use Soft modes if: the journey is short and direct, providing a convenient way to avoid traffic congestion. A key consideration is their strong conviction that they have no alternative to their current transport mode, which makes them highly resistant to change; this is compounded by a strong dislike for changing transport modes during a trip and a belief that using public transport would restrict their activities."
42340223,"That person uses Public transports if: the journey is a familiar routine for which they feel there is no other viable option. Use Private modes if: the trip requires a high degree of flexibility or the destination is poorly connected, provided that traffic congestion and parking difficulties are expected to be minimal. Use Soft modes if: the distance is short, allowing for a direct trip that bypasses the frustrations of traffic and parking. A key consideration is the constant tension between the car's unparalleled freedom to go anywhere at any time and a strong aversion to traffic and the hassle of finding parking. This person's choices for their usual activities are heavily influenced by a feeling of having no real alternative, creating a strong habit even without knowing specific public transport schedules by heart."
42340373,"That person uses Public transports if: it is the only service that connects them to their destination, Use Private modes if: it is the only available option, especially in areas with limited service from other modes, Use Soft modes if: the trip is for a very short distance where other modes are impractical. A key consideration for this individual is their reliance on a usual means of transport, which they feel they use because no other alternatives are available for their activities."
44630015,"That person uses Public transports if: the trip is part of their regular routine on a well-known route, allowing them to use their travel time productively and avoid traffic. Use Private modes if: the trip requires flexibility to reach destinations not easily accessible by public transport or would otherwise lead to cancelling activities. Use Soft modes if: the distance is short, and the goal is to efficiently avoid local traffic and the hassle of finding a parking spot. A primary consideration for this person is their strong desire to use travel time productively and their deep dislike for being stuck in traffic, making their familiar public transport system the habitual choice; however, they make an exception when the unique flexibility of a private car is necessary to accomplish specific activities."
44630160,"That person uses Public transports if: the destination is well-served by the network and the trip's purpose does not require multiple complex stops, as they are a highly proficient and comfortable user. Use Private modes if: the journey requires maximum flexibility in timing and destination that public transport cannot accommodate. Use Soft modes if: the distance is short, allowing them to completely avoid the traffic and parking hassles they dislike. This individual is a strong advocate for public transport who feels very comfortable traveling near strangers, yet their choice is often swayed by the belief in the car's absolute freedom, a decision that is significantly tempered by a strong aversion to looking for a parking space."
44630249,"That person uses Public transports if: the journey is a routine part of their daily life for which they feel there is no practical alternative, Use Private modes if: the destination is poorly served by public transport, making it the only way to avoid cancelling essential activities, Use Soft modes if: the journey is short enough to be completed entirely on foot or by bike, avoiding the need for any other mode of transport. A key consideration for this person is their profound dislike for changing transport modes during a trip and the strong feeling that public transport limits their personal activities. Although they are a lifelong public transport user who believes it makes the city more welcoming, they are deeply frustrated by this perceived lack of flexibility and feel they have no real choice, while simultaneously being strongly deterred from driving by the boredom of traffic and the hassle of finding parking."
44630329,"That person uses Public transports if: the destination is inaccessible or prohibitively difficult to reach by car due to extreme traffic or lack of parking, and the journey is long enough to make productive use of the travel time. Use Private modes if: the trip requires flexibility in timing and destination, a guarantee of personal space, and a direct, single-mode journey. Use Soft modes if: the trip is for a very short, non-critical purpose where the effort of using a car is clearly excessive. A major consideration is a strong aversion to traveling in close proximity to unknown people, which heavily discourages the use of public transport, coupled with a deeply held belief that a private car offers unparalleled freedom to travel anywhere at any time, making it the default choice despite an acknowledged boredom with traffic."
44630393,"That person uses Public transports if: the route is direct, requires no transfers, and goes to a destination where traffic congestion and parking are known to be significant problems. Use Private modes if: the journey requires flexibility in timing, destination, or involves multiple stops, making it their default choice for complex or unfamiliar travel. Use Soft modes if: the trip is short and local, where the primary motivation is to completely avoid the frustrations of traffic and parking. A key consideration is the person's powerful belief that their car provides ultimate freedom to go wherever and whenever they want, a view that is challenged only by their strong dislike for traffic jams and the hassle of finding parking. This reliance on a private car is further reinforced by a preference for direct journeys without transfers and a perception that public transport limits their activities."
44630507,"That person uses Public transports if: the route is routine, direct, and well-known, as they are a habitual user but lack detailed system knowledge. Use Private modes if: the destination requires maximum flexibility in timing and location, despite the known annoyances of traffic and parking. Use Soft modes if: the distance is short, allowing for a simple, one-mode journey that avoids the complexities of other options. A primary consideration for this individual is their lack of practical knowledge about the transit network, as they strongly disagree with knowing which bus or train to take, which overrides their belief that public transport is good for the city and does not limit their activities."
44630513,"That person uses Public transports if: the trip is direct without requiring transfers and its schedule does not limit their ability to perform other activities, Use Private modes if: the journey requires flexibility in timing and destination or when punctuality is critical, Use Soft modes if: the distance is short and it allows them to avoid traffic congestion for a direct journey. A primary consideration for this individual is the strong aversion to changing modes during a trip, prioritizing direct journeys above all else; they value the freedom and perceived punctuality of a private vehicle, believing it enables more activities, but are also notably bored by traffic congestion."
44640117,"That person uses Public transports if: the destination is well-served by the network and the trip is routine, as they are highly knowledgeable and comfortable with shared transit, Use Private modes if: the trip requires maximum flexibility in timing or destination, or for destinations poorly connected by other means, Use Soft modes if: the distance is short and the primary goal is to avoid the frustration of traffic and the hassle of parking. The primary consideration for this person is weighing the car's valued freedom to go anywhere at any time against their strong dislike for traffic and the hassle of parking."
44640299,"That person uses Public transports if: the trip is time-sensitive and to a destination where traffic or parking is a known issue, Use Private modes if: the journey requires maximum flexibility and freedom in route or timing, Use Soft modes if: the distance is short and the goal is to completely avoid traffic and parking concerns. The primary consideration for this person is weighing the strong belief that their car offers ultimate freedom to go wherever and whenever against the reality that it is not a reliable way to be on time. A key factor enabling alternatives is that they find public transport schedules very easy to understand, removing a common barrier to use."
44640315,"That person uses Public transports if: the destination has severe parking difficulties and predictable traffic congestion, provided the journey is direct without transfers. Use Private modes if: the trip requires maximum flexibility or involves multiple stops, where the freedom to go anywhere at any time outweighs the significant hassle of finding parking. Use Soft modes if: the journey is for a very short, predictable distance where driving would be completely impractical. A key consideration for this individual is the conflict between their high value on the car's flexibility and their strong aversion to looking for parking and making transfers; although they find public transport schedules easy to understand, a lack of confidence in navigating the system and a discomfort with crowds are major barriers, reinforcing their habitual use of a single mode of transport."
44640316,"That person uses Public transports if: the journey is familiar and follows a direct route that does not require transfers, leveraging their extensive knowledge of the system for routine trips. Use Private modes if: a vehicle is available and punctuality is absolutely essential for a specific destination, making the reliability of a car outweigh the hassle of traffic and parking. Use Soft modes if: the destination is close enough to make the trip short, thereby avoiding the discomfort of crowds on public transport and the stress of traffic in a car. A key consideration for this person is the significant conflict between their high competence with the public transport system and their strong aversion to its social and practical drawbacks, such as being close to strangers and the inflexibility of the service which they feel limits their activities. They are constantly re-evaluating their options due to a feeling of having no ideal alternative, and because they disagree that travel time can be productive, they will always prioritize the most direct and least annoying route."
44640437,"That person uses Public transports if: the journey can be completed using the network they know intimately, allowing for productive use of time and reinforcing their belief in its community benefits. Use Private modes if: it is the absolute last resort for reaching a destination inaccessible by other means, forcing them to use a mode they find unreliable for timeliness and inconvenient due to parking. Use Soft modes if: the distance is short, it serves as a connection for a longer public transport journey, or they desire a simple and direct trip. A key consideration is that while they are a highly proficient and lifelong public transport user who is very comfortable traveling with strangers, they will reconsider their choice if they believe using transit would force them to cancel activities that a car would enable. This is weighed against their strong conviction that cars are not punctual and their deep dislike for the hassle of finding a parking spot."
44640462,"That person uses Public transports if: the destination is reachable via the familiar network, allowing for a productive and direct journey. Use Private modes if: there is an absolute absence of a public transport option for a necessary trip, as they feel they have no other choice for their daily travel. Use Soft modes if: the journey is for a very short distance, such as walking to a local stop or for neighborhood errands. A key consideration is that this person's behavior is dictated by a lifelong habit of using public transport, which they perceive as their only viable option; they strongly dislike changing their means of transport during a trip, making the simplicity of the journey a critical factor in their decision."
44670195,"That person uses Public transports if: the destination is familiar and known for significant traffic and parking issues, allowing travel time to be used productively, Use Private modes if: the journey demands high flexibility in timing and location or involves multiple destinations, Use Soft modes if: the distance is short enough to completely avoid the frustrations of traffic, parking, and crowded vehicles. A primary consideration is their strong aversion to being stuck in traffic and the hassle of finding parking, which strongly discourages car use; however, this is weighed against a personal discomfort with traveling near strangers and a perception that public transport is restrictive, even while believing it makes the city better. Their unfamiliarity with schedules suggests any use of public transport is a deliberate decision for a specific trip rather than a default routine."
44670208,"That person uses Public transports if: it is for a regular, habitual journey, as they are a lifelong and expert user who knows the system intimately, Use Private modes if: their planned activities are inaccessible or would have to be canceled due to the limitations of the public transport network, Use Soft modes if: the destination is very close, making it the most practical and direct option. The critical deciding factor is functional; despite being a deeply habitual public transport user who knows the system and even some drivers, they will switch to a private vehicle if they believe the transit network will prevent them from carrying out their desired activities."
44670378,"That person uses Public transports if: the journey is a routine trip on a familiar and direct route, allowing them to avoid traffic and use their time productively, Use Private modes if: the trip requires a high degree of flexibility, involves multiple destinations, or when the need for personal space is the top priority, Use Soft modes if: the distance is short and the primary goal is to have a predictable travel time that completely bypasses traffic congestion. A major consideration for this person is the significant trade-off between their strong discomfort traveling close to strangers and their intense boredom when stuck in traffic; while they strongly value the freedom a car provides to go anywhere at any time, they do not believe it is a reliable way to be on time, forcing a constant evaluation between personal space and punctuality."
44670522,"That person uses Public transports if: the destination is on a regular, familiar route, especially when traffic congestion is expected, Use Private modes if: the trip requires maximum flexibility in destination and schedule, and the risk of traffic delays is low, Use Soft modes if: the trip is short, and avoiding traffic is a higher priority than speed or carrying capacity. A key consideration for this individual is the conflict between the convenience of going anywhere at any time with a private vehicle and their strong aversion to being bored in traffic; they do not perceive public transport as limiting their activities, suggesting they will switch from their usual mode of transport if it helps them avoid congestion on a familiar route."
44690159,"That person uses Public transports if: the journey allows for productive use of time and is direct, especially to destinations with anticipated traffic or parking difficulties, Use Private modes if: the trip requires a high degree of flexibility in timing and destination that other modes cannot offer, Use Soft modes if: the travel distance is short and the main goal is to bypass local traffic and parking hassles. A critical consideration for this individual is the trade-off between the unparalleled freedom of a private car, which they value highly, and their intense dislike for being stuck in traffic; their decision is strongly guided by the opportunity to be productive during a journey, a factor that, combined with a positive social attitude towards public transit, makes it a highly appealing alternative to driving."
44690327,"That person uses Public transports if: they are making regular and predictable journeys, as they are a confident, lifelong user of the system, Use Private modes if: the destination is not well-served by other means or when absolute flexibility in timing and route is required, provided that traffic congestion is not expected, Use Soft modes if: they are making short, local trips where the goal is to avoid the stress of traffic and the difficulty of finding parking. A primary consideration is the person's deep-seated habit of using both public transport and the car, coupled with a powerful belief in the car's absolute freedom; however, the ultimate deciding factor is their profound aversion to traffic congestion, which will strongly influence them to abandon the car in favor of another mode if delays are anticipated."
47120308,"That person uses Public transports if: the destination is easily accessible via a direct, simple route and driving is impossible due to extreme traffic or a complete lack of parking, Use Private modes if: the trip is essential for their activity schedule, especially for destinations poorly served by other modes, and when the journey is expected to be free of traffic with easy parking, Use Soft modes if: the journey is short and the route is safe, allowing them to completely avoid the frustrations of both traffic and restrictive schedules. The deciding factor is a trade-off between freedom and frustration; they feel compelled to use a car to avoid canceling activities—believing it allows them to go anywhere, anytime—even though they strongly dislike traffic and parking and do not trust it to be on time."
47120376,"That person uses Public transports if: the journey is for a regular activity and the route is well-known, allowing them to use their travel time productively. Use Private modes if: the destination is poorly served by other options or when the need for flexibility and guaranteed punctuality outweighs their strong dislike of traffic and parking hassles. Use Soft modes if: the distance is short enough to be more efficient than waiting for a bus or finding a parking spot. A primary consideration is their strong aversion to being stuck in traffic and a desire to use travel time productively, which makes a mode's reliability and potential for multitasking a deciding factor."
47120549,"That person uses Public transports if: the service is convenient and allows for the completion of all planned activities, as this is their lifelong and preferred method of travel, Use Private modes if: the trip is complex or the destination is poorly served by public transport, making a car necessary to avoid cancelling activities, Use Soft modes if: the journey is short, providing a simple way to avoid the traffic and parking problems they dislike. The main consideration for this person is the conflict between their identity as a lifelong public transport user who is very comfortable with crowds and their acknowledgment that private cars offer a unique freedom to go anywhere, anytime, which prevents them from having to cancel activities."
47120603,"That person uses Public transports if: the destination has severe traffic and parking problems that make driving more inconvenient than their discomfort with crowded spaces, Use Private modes if: the trip requires flexibility in timing and destination, as they feel it is their only viable and habitual option for unrestricted travel, Use Soft modes if: the journey is for a very short, local errand where the hassle of finding parking would take longer than the trip itself. The person's choice is overwhelmingly dictated by a strong belief that they have no real alternative to their usual transport and that a car provides ultimate freedom, but a key consideration is their complete unfamiliarity with public transport schedules, which makes it an unfeasible option for them."
47120604,"That person uses Public transports if: their private car is unavailable and they feel they have no other choice for a simple, direct journey, Use Private modes if: the trip requires a high degree of flexibility in timing and destination that they believe is essential to complete their activities, Use Soft modes if: the destination is very close and the hassle of finding a parking spot outweighs the convenience of driving. A key consideration for this individual is their strong belief that they have no real alternative to their car, which they value for the freedom to go wherever and whenever they want, despite disliking traffic and the search for parking; this behavior is reinforced by a complete unfamiliarity with public transport schedules and a discomfort with traveling in close proximity to strangers."
47120644,"That person uses Public transports if: the destination is prone to traffic and has difficult parking, and the trip can be accomplished with familiar routes, Use Private modes if: the trip requires a high degree of flexibility in timing or destination that other modes cannot offer, and traffic is expected to be light, Use Soft modes if: the distance is short, allowing them to completely avoid the frustrations of traffic and parking. However, the decision is heavily influenced by a strong aversion to being stuck in traffic and the hassle of parking, which often leads them to favor public transport, a mode they view as a positive contribution to the city."
47120849,"That person uses Public transports if: it is the only perceived option for their regular journeys, which allows them to use the travel time productively. Use Private modes if: a trip is absolutely impossible by other means and can guarantee punctuality, which they believe is unlikely. Use Soft modes if: the distance is very short, so the travel time does not interfere with their need to be productive. A critical consideration for this person is that their choice is governed by a strong sense that they have no alternative, combined with a powerful need to use their travel time productively; they will strongly resist any mode they feel is unreliable for on-time arrival and are unconcerned about traveling near people they do not know."
47120924,"That person uses Public transports if: the destination is accessible via a familiar and direct route, leveraging their lifelong experience and knowledge of the system. Use Private modes if: an essential trip has no viable public transport alternative, as they are generally deterred by traffic and parking. Use Soft modes if: the journey is short and direct, offering a clear way to avoid the frustrations of traffic. A key consideration is their strong aversion to changing the mean of transport during a trip, which will often be the deciding factor against a multi-leg journey, even if they are very bored by traffic and know the public transport system well."
47130066,"That person uses Public transports if: the destination is easily and directly accessible via a familiar route whose schedule is well-known. Use Private modes if: the journey is non-routine, goes to a location not well-served by direct public transport, or requires maximum flexibility in timing and location. Use Soft modes if: the trip is very short and the destination is close enough that finding parking for a car would be more hassle than the journey itself. A primary consideration for this person is their deep-rooted habit and expert-level knowledge of their regular public transport routes, contrasted with a strong belief that a private car is essential for freedom and flexibility on any non-standard journey; while they dislike searching for parking and changing transport modes, they are unusually tolerant of being in traffic."
47130471,"That person uses Public transports if: the destination is completely inaccessible by car and the route is simple and direct with no transfers, Use Private modes if: flexibility and personal space are the highest priorities and the arrival time is not critical, Use Soft modes if: the trip is short and predictable, which allows them to avoid both traffic and proximity to strangers. A primary consideration is the conflict between valuing the absolute freedom of a private car and the strong belief that it is unreliable for arriving on time due to traffic; this is compounded by a strong discomfort with traveling near strangers and a preference for direct journeys."
47130729,"That person uses Public transports if: the journey is part of their regular routine, as they are highly familiar with the routes and schedules and value the sense of community on their trip. Use Private modes if: the trip is to a novel or poorly-served destination where the absolute freedom to travel anywhere at any time is the main priority. Use Soft modes if: the travel is for short distances or to get to and from their main public transport stop. A major consideration is that this person is a highly habitual traveler who strongly believes in the civic good of public transport; their choice is a conscious preference, as they disagree with the idea that they have no other alternatives."
47130823,"That person uses Public transports if: the journey is a direct route to a destination with known parking difficulties and the trip does not involve multiple activities that would be constrained by schedules, Use Private modes if: the trip requires maximum flexibility, involves several stops, or when punctuality is critical, Use Soft modes if: the trip is short and the goal is to avoid the hassle of driving and parking for a simple journey. A primary consideration is their strong belief that a car allows them to go wherever and whenever they want, though this is balanced by their comfort with traveling near strangers and their dislike for finding a parking space."
50260039,"That person uses Public transports if: it is for daily and routine travel, as they are a highly knowledgeable and lifelong user who feels it meets all their needs, Use Private modes if: a destination is completely inaccessible by other means or they are a passenger in someone else's vehicle, as they do not have regular access to one, Use Soft modes if: traveling short distances or connecting to public transport stops as part of a multi-modal journey. A key consideration is that this individual is exceptionally comfortable traveling close to strangers, and their choice is strongly reinforced by an expert-level knowledge of schedules and a personal familiarity with the public transport system, which they feel is their only viable alternative."
50260077,"That person uses Public transports if: it is the most available or practical option for their destination, particularly when they anticipate parking will be difficult. Use Private modes if: the destination is not easily accessible by public transport and has readily available parking, as being stuck in traffic is not a concern for them. Use Soft modes if: the distance is short, as this avoids the hassle of either finding a parking spot or navigating complex transit schedules. A key consideration for this person is their feeling of being constrained by a lack of transportation alternatives, even though they are open to frequently reconsidering their choice. Their decision is heavily influenced by a strong dislike for finding parking, which discourages car use, and the fact that they are not bothered by traffic, which makes driving more tolerable. Furthermore, they do not believe using public transport limits their activities, making it a viable and often necessary choice."
50260131,"That person uses Public transports if: the journey is predictable and allows for the productive use of travel time, leveraging their expert knowledge of routes and schedules. Use Private modes if: there are no other practical alternatives available for a specific destination or schedule. Use Soft modes if: the distance is short, allowing them to completely avoid the traffic that they strongly dislike. A key consideration is that while they are a highly proficient and routine public transport user who values productivity, they have not used it their entire life and frequently reconsider their options, meaning their choice is pragmatic and could change if their needs are no longer met."
50260165,"That person uses Public transports if: the journey can be completed on a single, familiar route without transfers. Use Private modes if: the destination is completely inaccessible by other means and parking is not an issue. Use Soft modes if: the destination is close enough to make it the most direct and simple option. A key consideration is that this person strongly dislikes changing their means of transport during a trip; while they feel they often travel without a real alternative and are a very experienced public transport user, this desire for a direct, single-mode journey is the most critical factor in their decision."
50260166,"That person uses Public transports if: it is their habitual mode for nearly all regular travel, as they perceive it as their only viable option and are highly comfortable with the system. Use Private modes if: a destination is entirely unreachable by their usual network or they are a passenger, since they do not see significant advantages in car ownership. Use Soft modes if: the journey is for very short distances where transit is inefficient or for recreational trips. A key consideration is that the person's behavior is anchored in the strong belief that they have no other alternative for their travel; this is reinforced by their complete comfort with traveling among strangers and their conviction that their chosen mode does not restrict their lifestyle or activities."
50270016,"That person uses Public transports if: the journey is direct and on a familiar route that does not require transfers, particularly when it is not crowded. Use Private modes if: the primary need is for freedom and flexibility in destination and schedule, and precise, on-time arrival is not the most critical factor. Use Soft modes if: the distance is short to medium, allowing for a reliable and direct door-to-door journey. A major consideration is their strong dislike for changing transport modes mid-trip and their discomfort traveling near strangers, forcing them to constantly weigh the car's flexibility against their belief that it does not guarantee punctuality."
50270271,"That person uses Public transports if: the journey is direct and avoids the stress of traffic and parking, especially for destinations in congested areas, Use Private modes if: the destination is not well-served by other options or when maximum flexibility is needed, provided that traffic and parking are not expected to be a problem, Use Soft modes if: the distance is short, as it provides a direct and efficient way to avoid both traffic congestion and the difficulty of finding parking. A key consideration is their strong aversion to traffic, which directly conflicts with the freedom they value in a car; although comfortable with public transport, they are not a routine user who knows schedules by heart, indicating they make a pragmatic choice for each trip to find the most direct and stress-free option."
50270287,"That person uses Public transports if: the destination is well-served by the network and the trip allows for a fixed schedule, Use Private modes if: the trip involves multiple stops or activities that are constrained by public transport schedules and routes, Use Soft modes if: the trip is short and local, allowing them to avoid the hassles of traffic and parking. A key consideration for this individual is their identity as an expert and advocate for public transport, demonstrated by their strong belief in its civic benefits and their profound comfort and familiarity with the system; they know the network expertly, are not bothered by traveling with strangers, and even feel a sense of community with its staff. Therefore, any decision to use a car is a significant exception, driven not by preference but by a pragmatic need for flexibility to accomplish specific activities that they feel are impossible via public transit."
50270288,"That person uses Public transports if: it is their regular, habitual trip and the route is well-served by a direct connection, Use Private modes if: the destination is not easily accessible by public transport or when the trip requires a high degree of flexibility that their usual mode cannot offer, Use Soft modes if: the trip is very short and it is the most direct and convenient way to reach the destination. A major consideration is their strong preference for direct, single-mode journeys, as they dislike transfers. While they are a lifelong and expert public transport user who is very comfortable with crowds, they feel constrained by this habit and strongly value the go-anywhere flexibility of a car, despite their intense dislike for being stuck in traffic."
50270408,"That person uses Public transports if: the destination is accessible via a single, direct route, especially when avoiding traffic is a priority. Use Private modes if: the journey requires maximum flexibility in timing and destination, and being on time is critical. Use Soft modes if: the distance is short, the weather is good, and the trip is for leisure or has no strict time constraints. A primary consideration for this person is their strong preference for direct travel without changing modes, and while they value the car's convenience, their dislike for traffic congestion and their belief that bus schedules are not difficult to understand makes a direct public transport route a compelling alternative."
50270426,"That person uses Public transports if: the route is direct without requiring transfers, traffic is predictably bad, and the travel time can be used for productive tasks. Use Private modes if: the journey requires a high degree of flexibility in destination or timing and traffic congestion is not a primary concern. Use Soft modes if: the trip is short and the main goal is to avoid traffic on a direct route. The decision is ultimately a trade-off between the strong belief in the car's freedom to go anywhere at any time and an intense dislike for being stuck in traffic; a significant consideration is the ability to use travel time productively, though this choice is not influenced by any belief in the societal benefits of public transportation."
50270436,"That person uses Public transports if: the journey is routine and time-sensitive, allowing them to leverage their extensive knowledge of the system and use the travel time productively. Use Private modes if: the trip is complex with multiple stops or to a destination where the flexibility of a private vehicle outweighs the risk of traffic delays. Use Soft modes if: the distance is short and the primary goal is to completely avoid any potential traffic. A major consideration is that this person's choice is driven by a strong aversion to being stuck in traffic, a factor reinforced by their complete comfort traveling near strangers and an expert-level, memorized knowledge of the public transport schedules they regularly use."
50270475,"That person uses Public transports if: the destination is accessible and using it aligns with their strong pro-social values, Use Private modes if: the trip is impossible by other means, requires transporting heavy items, and has guaranteed parking with a flexible arrival time, Use Soft modes if: the distance is short, making it the most direct and convenient option. A key consideration for this individual is their exceptional flexibility, as they frequently reconsider their travel choices rather than relying on habit. Their decision is strongly driven by the belief that public transport makes the city more welcoming and they are very comfortable traveling near strangers, while being heavily discouraged from car use by a strong dislike for finding parking and the conviction that cars are unreliable for being on time."
50270502,"That person uses Public transports if: it is for a regular, planned journey, as they are a highly experienced and lifelong user who feels they have no other viable alternative. Use Private modes if: a trip requires a high degree of flexibility to reach destinations not covered by public transport, but only when parking is known to be easy. Use Soft modes if: the travel is for a short distance or to connect with a public transport service. A critical factor in their decision is a strong dislike for searching for a parking space, which heavily discourages car use, reinforcing their feeling of being constrained to their usual mode of transport out of necessity."
50270638,"That person uses Public transports if: the trip is to a single, well-known destination, allowing them to avoid traffic and use their travel time productively, Use Private modes if: the trip requires absolute freedom to go anywhere at any time or involves activities they feel are inaccessible otherwise, Use Soft modes if: the trip is for a very short distance where avoiding traffic is the main priority. A key consideration is that this person feels they have no alternative to their current transport and strongly believes that using public transport would force them to cancel activities, which conflicts with their strong desire to use travel time productively and their intense dislike of being stuck in traffic."
50760043,"That person uses Public transports if: the destination is well-served by their familiar routes and parking is known to be difficult, Use Private modes if: the journey requires a high degree of flexibility or involves destinations outside of their usual public transport network, Use Soft modes if: the trip is for a short distance where driving would be inconvenient. A primary consideration for this individual is the trade-off between the car's unparalleled freedom to go anywhere at any time and their awareness that it is not a reliable mode for being on time due to traffic and parking challenges."
50760131,"That person uses Public transports if: it is for a recurring trip where they know the specific route and schedule by heart, Use Private modes if: they require flexibility in timing or destination, as they perceive it as their only viable option for most journeys, Use Soft modes if: the trip is short and to a location where finding parking is a known inconvenience. A key consideration is the person's powerful belief that their usual mode is a necessity, offering unparalleled freedom to go anywhere at any time, a view strongly reinforced by an exceptional tolerance for traffic delays. While they are very comfortable traveling close to strangers, this does not override the conviction that they lack a true alternative."
50760132,"That person uses Public transports if: they have absolutely no other choice and the trip does not restrict their other activities, Use Private modes if: it is the only way to maintain their lifestyle and access all their desired activities without compromise, Use Soft modes if: the destination is very close, making other modes impractical, and it is part of their established routine. A key consideration is that this person is a creature of habit who strongly believes using public transportation would force them to cancel activities, making it a highly restrictive option; conversely, they are uniquely untroubled by being stuck in traffic, which is a significant factor in their mode choice."
50760209,"That person uses Public transports if: the journey is to a destination with predictable traffic congestion and parking challenges, and can be completed using a direct route without transfers. Use Private modes if: the trip requires a high degree of flexibility, involves multiple stops, or goes to a location poorly served by public transit. Use Soft modes if: the distance is short, making it the most efficient way to avoid the frustrations of traffic and parking for local errands. A key consideration for this individual is the constant trade-off between the car's unparalleled freedom to go anywhere at any time and their strong boredom with being stuck in traffic; however, their exceptional comfort with traveling close to strangers makes public transport a very viable and low-stress alternative when the downsides of driving are significant."
50760210,"That person uses Public transports if: the destination is well-served by a direct route and avoiding traffic congestion or parking hassles is a priority, Use Private modes if: the journey requires maximum flexibility in timing and destination that public transport cannot offer, Use Soft modes if: the trip is short and direct, allowing for complete avoidance of both traffic and parking. The primary consideration for this person is the trade-off between the car's total freedom and their strong dislike for being stuck in traffic and searching for parking; they are a creature of habit who greatly prefers direct, single-mode journeys, but are not deterred by crowds as they are comfortable traveling near strangers."
50760429,"That person uses Public transports if: the journey is to a destination with likely traffic congestion or difficult parking, as they are a highly confident and experienced user, Use Private modes if: the trip requires absolute freedom in destination and timing, especially to areas not well-served by other options, and when traffic is not a primary concern, Use Soft modes if: the distance is short, allowing them to completely avoid the traffic and parking they dislike. A key consideration for this person is the trade-off between the absolute freedom to go anywhere at any time with a car and their strong aversion to being stuck in traffic; their decision is highly pragmatic, as they feel very comfortable with strangers on public transport and do not believe it limits their ability to do activities."
50760485,"That person uses Public transports if: the journey is for a regular activity on a familiar, direct route where travel time can be used productively, Use Private modes if: the destination is poorly served by public transport or the trip demands absolute flexibility in timing and location, Use Soft modes if: the distance is short and the weather is accommodating. A key consideration is the person's exceptionally strong and positive personal connection to public transport, to the point of knowing the drivers, which they weigh against a strong dislike for trips requiring transfers and the high value they place on the car's freedom to go anywhere at any time."
50780009,"That person uses Public transports if: it is a familiar journey, leveraging their lifelong expertise and deep knowledge of the system for routine travel. Use Private modes if: the trip requires a high degree of flexibility to avoid cancelling activities or the destination is not well-served by other means. Use Soft modes if: the destination is nearby, allowing for a direct journey that avoids transfers and the hassles of traffic or parking. A key consideration for this lifelong public transport user is weighing the car's ability to enable more activities against their conviction that it is unreliable for arriving on time."
50780010,"That person uses Public transports if: the journey is routine and follows a familiar route where they feel a high degree of comfort and predictability, Use Private modes if: arriving on time is the absolute top priority or the destination is not easily accessible by their regular public transport network, Use Soft modes if: the trip is for a short distance where convenience is the primary concern. A key consideration is the conflict between their deep, lifelong familiarity with public transport, where they even know some drivers, and the strong belief that only a car guarantees punctuality; for any time-critical travel, they will choose the car despite disliking traffic and the hassle of parking."
50780013,"That person uses Public transports if: the journey is a familiar, routine trip on a direct route for which they feel they have no other choice, Use Private modes if: the travel requires flexibility in timing or destination, involves multiple stops, or enables activities they feel are impossible with public transport, Use Soft modes if: the distance is very short and it is a functional necessity, not as a preferred mode for a complete journey. A critical consideration is their strong aversion to changing modes during a trip and the perception that public transport severely restricts their activities; therefore, despite being a highly knowledgeable public transport user, they will default to a private car for any non-routine travel to maintain flexibility."
50780056,"That person uses Public transports if: the destination is not easily accessible by car and the journey is direct without requiring any changes, Use Private modes if: the journey requires flexibility in timing or destination, or when personal space is a priority, Use Soft modes if: the trip is for a very short distance, making it the most direct and convenient option. A key consideration is that this person is very habit-driven and rarely reconsiders their transportation choices, strongly valuing the freedom to travel wherever and whenever they want and disliking having to change their means of transport during a journey. Conversely, they are strongly deterred by the discomfort of traveling close to unknown people and a belief that using public transport would limit their activities."
50780087,"That person uses Public transports if: their destination is well-served by the familiar network, allowing for a predictable and productive journey. Use Private modes if: an activity is fundamentally inaccessible by public transport, making it an unavoidable choice despite significant drawbacks. Use Soft modes if: the trip is short and convenience is paramount, avoiding the complexities of both parking and public transit schedules. A key consideration is the conflict between their transport preference and activity choice; while they are highly proficient with public transit, they recognize it can be limiting, but are strongly deterred from driving by a hatred of finding parking and a distrust in the car's punctuality."
50780088,"That person uses Public transports if: the destination is well-served by the network, leveraging their lifelong expertise and belief in its positive community impact, Use Private modes if: the destination is inaccessible by public transport or the trip demands a level of flexibility that other modes cannot offer, Use Soft modes if: the distance is short enough to make it the most direct way to avoid traffic and parking. A key factor is their strong aversion to traffic and the view that cars are unreliable for punctuality, which contrasts with their deep, lifelong familiarity with public transport, a mode they find empowering and beneficial for the city."
50780404,"That person uses Public transports if: the destination is served by a simple, direct route and avoiding traffic congestion is a primary goal. Use Private modes if: the journey requires maximum flexibility in timing and destination, allowing them to go anywhere at any time. Use Soft modes if: the trip is short enough to be completed directly, providing a simple alternative to sitting in traffic. A critical factor in their decision is a strong aversion to changing modes during a trip, combined with the belief that a personal vehicle offers unparalleled freedom; furthermore, they do not consider their travel time as an opportunity to be productive and are not a routine public transport user who has memorized schedules."
52720041,"That person uses Public transports if: the journey is direct without transfers and allows them to avoid the boredom of traffic, Use Private modes if: flexibility in timing and destination is paramount, guaranteeing a punctual, door-to-door trip, Use Soft modes if: the distance is short and the weather is good, making for a simple and efficient trip. A primary consideration is their deep-seated belief that the car provides absolute freedom to travel anywhere at any time, a view strongly supported by their indifference to parking challenges; however, their comfort traveling near strangers and dislike for traffic makes them receptive to other modes for simple, direct journeys."
52720109,"That person uses Public transports if: the route is direct and familiar, and parking at the destination is a known hassle, Use Private modes if: flexibility is essential to accomplish multiple activities or reach destinations poorly served by other means, Use Soft modes if: the trip is short and they want to avoid the hassles of both parking and complex transit schedules. A primary consideration for this person is the significant conflict between their strong dislike of looking for a parking place and the belief that using public transport would force them to cancel certain activities, creating a difficult trade-off between convenience and flexibility."
52720183,"That person uses Public transports if: the route is simple, direct, and a clear way to avoid predictable and boring traffic jams, Use Private modes if: the trip requires absolute freedom and flexibility in timing or destination, making it their default and habitual choice, Use Soft modes if: the distance is very short and the purpose is casual or recreational. A primary consideration is the person's strong belief that a car provides unparalleled freedom to go wherever and whenever, which is reinforced by a deep-seated habit of not reconsidering their mode of transport; they would only make an exception for a non-car mode if the alternative is extremely simple, as they do not know public transport schedules by heart."
52720229,"That person uses Public transports if: the destination has guaranteed and significant parking difficulties and the journey does not limit their planned activities, Use Private modes if: the trip requires flexibility in timing and destination, as this is their default choice driven by a sense of freedom and lack of alternatives, Use Soft modes if: the trip is short and the inconvenience of finding parking for a car is greater than the effort of walking or cycling. A key consideration for this person is the major conflict between the absolute freedom they believe a car provides and their strong dislike of looking for parking, coupled with a rare tolerance for being stuck in traffic."
52720539,"That person uses Public transports if: the journey is direct without transfers and the schedule is simple, as they are comfortable traveling with strangers but find complex timetables difficult to understand, Use Private modes if: the trip requires maximum flexibility to go anywhere at any time, or involves activities that would be impossible with public transport, Use Soft modes if: the distance is short, allowing for a direct journey that completely avoids the boredom of traffic congestion. A major consideration is the tension between their strong belief that a car provides ultimate freedom and their intense dislike for being stuck in traffic; this is compounded by a strong aversion to changing modes during a trip, which often makes the car the default for any non-simple journey."
52720549,"That person uses Public transports if: the journey is a familiar and direct route, allowing them to leverage their knowledge of the system to avoid the hassles of traffic and parking, Use Private modes if: the trip requires maximum flexibility in destination or timing that a direct public transport route cannot offer, Use Soft modes if: the distance is short enough that walking or cycling is the most convenient way to avoid traffic and parking altogether. A significant consideration is that this individual feels they often have no alternative to their usual mode and strongly dislikes changing means of transport during a trip; this preference for a direct journey is weighed against their appreciation for the car's go-anywhere freedom and their strong dislike of traffic and searching for parking."
52730081,"That person uses Public transports if: driving is completely impractical due to extreme traffic or a total lack of parking, and a direct, single-mode journey is available. Use Private modes if: the trip requires flexibility in timing and destination, as this is their habitual mode which they feel they have no viable alternative to. Use Soft modes if: the destination is very close, making the effort of using a car impractical. A key consideration is that while the person strongly believes their car provides the freedom to go wherever and whenever, this is challenged by their intense boredom with being stuck in traffic."
53060657,"That person uses Public transports if: the destination is easily accessible by the network and the trip's complexity does not limit their planned activities, Use Private modes if: the trip requires maximum flexibility, involves destinations poorly served by public transport, and when easy and guaranteed parking is available, Use Soft modes if: the distance is short and it can be conveniently combined with a public transport journey. A primary consideration for this person is the trade-off between the absolute freedom a car provides and the significant hassle of finding parking, which they strongly dislike; despite being a lifelong and expert public transport user who is very comfortable with crowds and transfers, they will opt for a private car if they feel public transport would restrict their ability to participate in certain activities."
53060716,"That person uses Public transports if: it is their habitual and default choice for virtually all trips, supported by lifelong experience and extensive knowledge of the system. Use Private modes if: there is an absolute absence of any other option, as they strongly feel cars are unreliable, inconvenient for parking, and do not provide freedom. Use Soft modes if: the travel distance is short or to connect with the public transport network. A critical consideration is that this person's choice is fundamentally shaped by the strong belief they have no alternative, a view reinforced by their comfort with crowds on transit and a deep-seated aversion to the hassles and perceived unreliability associated with private cars, even if it means forgoing some activities."
54200016,"That person uses Public transports if: the trip is for a regular activity along a familiar route where they can avoid traffic and use their time productively, Use Private modes if: the destination is not well-served by public transport or if the journey's complexity requires the unique flexibility of a car, Use Soft modes if: the distance is short, and the main goal is to avoid the delays of traffic and the hassle of parking. A key consideration is that while this individual is a deeply habitual, lifelong public transport user who is very comfortable traveling with strangers, their choice can be swayed by the car's perceived freedom to go anywhere at any time; however, their strong aversion to being stuck in traffic serves as a powerful deterrent against choosing private transport."
54200070,"That person uses Public transports if: the route is familiar, direct without any changes, and goes to a destination where traffic and parking are known to be significant problems, Use Private modes if: the trip requires maximum flexibility to go anywhere at any time and parking at the destination is easy and guaranteed, Use Soft modes if: the distance is short, allowing for a simple, direct journey that completely avoids traffic and parking issues. A major consideration for this person is their strong preference for a single mode of transport for any given journey, balanced against a deep dislike for being stuck in traffic and searching for a parking space; while they are a creature of habit who values the freedom a car provides, their use of the bus is limited by a strong feeling that its schedules are difficult to understand and a complete lack of personal connection with the service."
54200161,"That person uses Public transports if: the journey allows for the productive use of travel time, capitalizing on their deep, lifelong knowledge of the system's routes and schedules. Use Private modes if: the trip demands the absolute freedom to go wherever and whenever necessary, a core benefit they strongly recognize. Use Soft modes if: the distance is short or when connecting between other forms of transport, as they are very comfortable with making transfers. A significant consideration is that while they are a dedicated public transport user who believes in its civic benefits, their choice is not based on habit; they frequently reconsider their options and are strongly guided by the car's promise of total flexibility versus the ability to use travel time productively on a train or bus."
54200227,"That person uses Public transports if: the destination is well-served by the network they are familiar with, as they are a knowledgeable and habitual user with a positive social attitude towards it, Use Private modes if: punctuality is the highest priority for a trip where they perceive a low risk of traffic or parking challenges, Use Soft modes if: the distance is short and it is the most efficient way to avoid the traffic they strongly dislike. A key consideration is their strong aversion to being stuck in traffic, which makes them favor alternatives to the car, especially since they do not believe public transport limits their activities or that a private car offers ultimate freedom."
54200327,"That person uses Public transports if: the destination has significant parking challenges or the route is prone to heavy traffic, allowing for productive use of travel time. Use Private modes if: the journey requires maximum flexibility in timing and destination, or when public transport is perceived as too limiting for their planned activities. Use Soft modes if: the trip is short and the hassles associated with driving, such as traffic and parking, are significant. The primary consideration is the person's powerful belief in the car's freedom to go anywhere at any time; however, this choice is reconsidered when faced with major travel impediments, especially since they are not opposed to making transfers between different modes of transport."
54200407,"That person uses Public transports if: the destination is well-served by a direct route where driving would involve traffic or difficult parking, Use Private modes if: the trip demands flexibility in time or location that public transport cannot provide, allowing for activities that would otherwise be missed, Use Soft modes if: the journey is short and offers the most direct way to bypass traffic and parking challenges. The primary consideration for this person is weighing the car's freedom to go anywhere at any time against their strong dislike for traffic and parking hassles; their lifelong, expert knowledge of the public transport system makes it a very viable alternative when the frustrations of driving are high."
54200489,"That person uses Public transports if: the journey is direct without requiring any transfers and when avoiding traffic is a priority, Use Private modes if: the trip requires flexibility in destination and timing where punctuality is not the main concern, Use Soft modes if: the travel distance is short and the route is familiar, providing a reliable way to avoid traffic. A key consideration for this person is their strong aversion to changing modes of transport during a trip, which is balanced against their belief that cars are not reliable for being on time due to the boredom and unpredictability of traffic."
54200490,"That person uses Public transports if: the trip is a familiar, direct, and routine journey for which they feel they have no viable alternative, Use Private modes if: the journey requires flexibility in timing and location to accomplish multiple activities that are not on a direct route, Use Soft modes if: the trip is short, direct, and allows them to avoid the boredom of traffic congestion. A key consideration is the person's strong preference for direct, single-mode travel, as they strongly dislike transfers and feel that public transportation limits the activities they can do. Although they have used public transport their entire life, their poor knowledge of the network and schedules prevents them from using it for anything beyond their established routine."
54200662,"That person uses Public transports if: the trip is direct and does not limit their schedule, allowing them to act on their strong belief that public transit improves the city. Use Private modes if: the journey requires absolute freedom in timing and destination, or is part of a chain of activities that would otherwise be cancelled. Use Soft modes if: the trip is short and routine, where avoiding traffic is the primary goal. A significant consideration is the tension between their strong valuation of the car for personal freedom and their equally strong pro-social belief in public transport; their decision is often a trade-off between the car's practical utility and their positive personal connection with local transit services, especially since the hassle of parking is not a deterrent for them."
54200781,"That person uses Public transports if: it is the only perceived option for their regular and well-known journeys, Use Private modes if: the need for personal space and privacy is paramount and the destination is not easily served by their known public transport network, Use Soft modes if: the journey is short and allows them to travel alone, thereby avoiding both traffic and other people. A key consideration is the constant conflict between their strong dislike of being stuck in traffic and their intense discomfort when traveling close to strangers; even though they are a very experienced user of their specific public transport routes, their decision is ultimately a trade-off between these two powerful negative factors."
54200981,"That person uses Public transports if: the destination is conveniently served by a familiar, direct route without transfers, allowing them to use their travel time productively. Use Private modes if: the trip requires flexibility, involves destinations not easily reached by their known public transport lines, or when the freedom to go anywhere at any time is the priority. Use Soft modes if: the journey is short and direct, where the effort of driving and parking or using public transport is greater than the travel time itself. A critical consideration for this person is their strong aversion to changing transport modes during a trip. Even though they are an expert public transport user who knows schedules by heart and finds them easy to understand, they highly value the car's freedom to go wherever and whenever, which often makes it their choice for any journey that is not a simple, one-seat ride on a familiar public transport route."
54201091,"That person uses Public transports if: driving is completely impractical due to severe congestion or guaranteed lack of parking, and the journey is a very simple, direct trip. Use Private modes if: the trip is part of their regular routine, requiring a high degree of flexibility in destination or timing which reinforces their feeling of having no other viable option. Use Soft modes if: the distance is short enough that the significant hassle of traffic and finding parking outweighs the convenience of using a car. A primary consideration is the person's powerful attachment to the car for its perceived freedom to go anywhere at any time, despite their strong aversion to traffic congestion and a dislike for parking; this habit is reinforced by a belief they have no alternative, which is compounded by a complete lack of knowledge of public transport routes and schedules."
54260043,"That person uses Public transports if: the destination has significant parking difficulties and a direct route is available that does not limit their planned activities, Use Private modes if: the trip requires maximum flexibility in timing and destination to accommodate various activities, Use Soft modes if: the journey is for short, local trips where driving and finding parking would be a greater inconvenience. A primary consideration for this person is their strong belief that the car provides ultimate freedom to go wherever and whenever they want; however, a key exception to typical driver behavior is their high tolerance for traffic, which removes a major deterrent to using their car."
54260044,"That person uses Public transports if: the car is completely unavailable, the destination is known to have severe parking problems, and the journey is direct without requiring any transfers, Use Private modes if: the trip requires any flexibility in timing or destination, as this is their default mode which they feel is their only viable option, Use Soft modes if: the destination is very close, making the hassle of driving and finding parking greater than the convenience. This individual is a deeply habitual driver who feels they have no alternative and strongly values the car's flexibility to go wherever and whenever they want; a critical consideration is their belief that public transport is so restrictive it would force them to cancel activities, coupled with a strong aversion to changing modes mid-journey, though their primary frustration with driving is a profound dislike for searching for a parking space."
54260076,"That person uses Public transports if: there is no other viable option for the trip, forcing them to rely on their knowledge of the system. Use Private modes if: the journey requires absolute flexibility in destination and timing to avoid canceling personal activities. Use Soft modes if: the distance is short, allowing for a direct, independent journey that avoids both traffic and crowds. The primary consideration for this person is a conflict between their strong belief that a car offers unparalleled freedom and their intense aversion to being stuck in traffic, which is matched by an equal discomfort with traveling close to strangers on public transport."
54260217,"That person uses Public transports if: the trip is part of their established daily routine on a familiar network, Use Private modes if: the destination is not well-served by other modes or requires maximum flexibility in timing and location, Use Soft modes if: the journey is short and avoiding traffic congestion or parking difficulties is the priority. A key consideration is that while they strongly value the car's freedom to go anywhere, their decision is ultimately governed by being a lifelong public transport user who is completely comfortable traveling near strangers and has a strong aversion to being stuck in traffic."
54260229,"That person uses Public transports if: the journey is a familiar, single-destination trip where the schedule is well-known and does not restrict their plans, Use Private modes if: their activities require the flexibility of multiple stops that are incompatible with public transport schedules, particularly when they can travel outside of peak hours to avoid traffic and parking problems, Use Soft modes if: the trip is short and local, allowing them to completely bypass the frustrations of traffic, parking, and crowded public vehicles. A primary consideration is the conflict between strongly believing public transport benefits the city and feeling it severely limits their activities; therefore, the decision is ultimately guided by a powerful aversion to being stuck in traffic and searching for parking, a sentiment that is only overridden when trip complexity makes other options impractical."
54260241,"That person uses Public transports if: it is their default choice for nearly all routine journeys, as they are a highly proficient and lifelong user. Use Private modes if: there is no other alternative for a specific destination, and likely only as a passenger. Use Soft modes if: the journey is for a short distance, for recreation, or to access the public transport network. A significant consideration is their identity as a lifelong public transport expert who knows the system intimately, contrasted with a strong conviction that cars do not offer freedom of movement, making private vehicle use an extremely unlikely choice."
54260349,"That person uses Public transports if: it is their default mode for regular journeys where they can use travel time productively, Use Private modes if: the destination is not easily accessible by other means and the need for absolute flexibility outweighs the strong dislike of traffic, Use Soft modes if: the journey is for a short distance where avoiding traffic congestion is a priority. A significant consideration is that this person is a lifelong public transport user who feels a personal connection to the service and strongly disagrees that it limits their activities; their choices are heavily influenced by a strong aversion to being stuck in traffic."
54260389,"That person uses Public transports if: it is the only perceived available option for their journey, despite feeling it restricts their ability to participate in certain activities, Use Private modes if: an essential activity is completely inaccessible by any other means, forcing them to override their strong dislike for traffic and parking, Use Soft modes if: the distance is short, allowing them to avoid both the perceived limitations of public transport and the hassles associated with cars. A primary consideration is the person's feeling of being a captive user of their current transport mode, as they strongly believe they have no other alternative while also feeling that public transport forces them to cancel activities. This choice is reinforced by a strong aversion to being in traffic and searching for parking, coupled with a firm belief that a car does not provide the freedom to go anywhere at any time."
54260409,"That person uses Public transports if: the destination has difficult parking, the route is subject to heavy traffic, and the journey can be completed directly without transfers. Use Private modes if: it is their ingrained habit for a trip, providing a strong sense of freedom and flexibility, especially when they feel there is no other option. Use Soft modes if: the distance is short, allowing for a seamless door-to-door trip that completely avoids traffic and parking issues. However, the decision is heavily influenced by a strong dislike for traffic congestion and searching for parking, and a preference for direct journeys without changing modes of transport; notably, this person is perfectly comfortable traveling with strangers and does not believe using public transport would restrict their activities, making them very open to convenient alternatives to driving."
54260417,"That person uses Public transports if: it is the only perceived available option for their routine travel, Use Private modes if: it enables a direct, transfer-free journey to activities that are otherwise inaccessible and parking is convenient, Use Soft modes if: the destination is close enough to be reached directly without needing to connect to another mode. A key consideration is that their choice is heavily influenced by a perceived lack of alternatives and a strong dislike for changing modes of transport during a single trip."
54260483,"That person uses Public transports if: the route is familiar and direct, allowing them to bypass the boredom of traffic without requiring complex transfers, Use Private modes if: the journey demands absolute freedom in terms of destination and schedule, and a seamless, door-to-door trip is paramount, Use Soft modes if: the trip is for a short, predictable distance where they can travel directly without encountering traffic or needing to consult schedules. A primary consideration is their strong preference for a direct journey without changing modes of transport; while they believe a car offers the freedom to go anywhere at any time and strongly dislike being stuck in traffic, their choice is ultimately guided by habit and the simplest travel option, as they do not feel knowledgeable about the public transport network."
54260731,"That person uses Public transports if: it is the default for most journeys, as this is a lifelong habit and they feel they have no other alternative. Use Private modes if: it is an exceptional circumstance where no other option is viable and they can travel as a passenger, given they do not appear to use a car. Use Soft modes if: the distance is short, allowing them to avoid both traffic and the discomfort of traveling in close proximity to strangers. A primary consideration is that while they are a highly experienced and captive public transport user, they are uncomfortable around unknown people; this is balanced by a strong belief that being stuck in traffic is boring and that using public transport does not limit their ability to do activities."
54260732,"That person uses Public transports if: it is their default, habitual choice for most journeys, as they have a lifetime of experience and are highly knowledgeable about the system. Use Private modes if: a destination is completely inaccessible by other means, likely requiring a ride from someone else. Use Soft modes if: the distance is short and it serves as a way to avoid the strong frustration they feel with traffic congestion. A key consideration is that while they are a lifelong public transit user, they are uncomfortable traveling close to strangers, which might conflict with their strong aversion to being stuck in traffic when choosing a mode for a specific trip."
54260792,"That person uses Public transports if: the destination has predictable, severe traffic and parking is known to be very difficult, provided the trip is for a single purpose without other errands. Use Private modes if: the trip requires flexibility, multiple stops, or a strict arrival time, as it is their default mode for the freedom it provides. Use Soft modes if: the destination is close enough that the hassle of finding parking for a car outweighs the convenience of driving. A key consideration for this person is the trade-off between the car's unparalleled freedom and the strong dislike for traffic and parking difficulties; they believe public transport limits their activities, which is a major barrier to its use even though they are not bothered by transferring between different transport services."
54260870,"That person uses Public transports if: the destination is well-served by the network, capitalizing on their expert-level knowledge of routes and schedules from lifelong use, Use Private modes if: the trip requires absolute flexibility for a destination or time not covered by other options, Use Soft modes if: the distance is short to moderate, allowing them to completely avoid the hassles of traffic and parking. A major consideration is their profound dislike for being stuck in traffic and searching for parking, which pushes them away from car use; this is coupled with a deep, lifelong familiarity and positive social belief in public transit, making them a highly conscious and flexible traveler who frequently re-evaluates their options."
54260889,"That person uses Public transports if: the route is familiar and direct, as they are not knowledgeable about the network but are comfortable traveling near strangers. Use Private modes if: the trip requires flexibility, involves multiple stops, or goes to a less accessible destination, aligning with their habit and value for freedom. Use Soft modes if: the journey is short and direct, avoiding the car's perceived lack of reliability for being on time. A major consideration is their strong belief that a car allows them to go wherever and whenever they want, but this is balanced by the fact that they feel perfectly comfortable traveling in close proximity to unknown people, removing a common barrier to using shared modes."
54260897,"That person uses Public transports if: the route is familiar and allows them to avoid predictable traffic congestion and parking difficulties, Use Private modes if: the trip requires maximum flexibility in timing and destination where its perceived reliability is paramount, Use Soft modes if: the distance is short and the journey allows them to completely bypass known traffic and parking frustrations. A key consideration is their strong aversion to traffic congestion, which directly conflicts with their belief in the car's superior freedom and reliability; however, their excellent knowledge of the public transport system makes it a strong alternative for any journey where traffic is a foreseeable issue."
54261326,"That person uses Public transports if: the network provides an efficient route, as they are a knowledgeable and experienced user who believes it improves the city. Use Private modes if: the destination is poorly served by other options or if specific needs, like carrying heavy items, make it necessary. Use Soft modes if: the distance is short, offering a reliable and pleasant way to avoid traffic. A significant consideration is their frequent re-evaluation of travel choices, driven by a strong aversion to traffic delays and the conviction that they have viable alternatives, alongside a belief that public transport usage creates a more welcoming urban environment."
54261327,"That person uses Public transports if: the destination is well-served by the network, as they are knowledgeable, comfortable sharing space with others, and see it as a civic benefit. Use Private modes if: the trip cannot be conveniently made by other means and traffic is expected to be light, as they do not trust cars for punctuality in congested conditions. Use Soft modes if: the distance is short and the conditions are suitable for a predictable and pleasant journey. The decision is primarily driven by a strong aversion to traffic boredom and a pro-social belief in public transport's benefits; this individual is a highly flexible traveler who feels unconstrained by a lack of alternatives and is very comfortable sharing space with unknown people, frequently reconsidering their mode choice."
54261408,"That person uses Public transports if: the journey is predictable and to a location where parking is difficult, as they value the pro-social benefits and do not feel it restricts their activities. Use Private modes if: the need for absolute freedom in destination and timing is the top priority, outweighing the known frustrations of parking and potential unreliability for arriving on time. Use Soft modes if: the trip is short and the main goal is to conveniently avoid the hassles associated with driving. A key consideration is the person's strong belief that a private car offers unparalleled freedom to travel anywhere at any time, yet this is significantly counterbalanced by their disagreement that cars ensure punctuality and their dislike for finding parking; moreover, their openness to alternatives is shaped by the fact they have not been a lifelong public transport user."
54261413,"That person uses Public transports if: the trip is a routine journey to a familiar destination with a well-understood schedule, as they are a very experienced and comfortable user. Use Private modes if: the trip requires a high degree of flexibility to reach destinations that are poorly served by public transport, making the car's freedom to go anywhere the top priority. Use Soft modes if: the journey is for a short distance where walking or cycling is the most direct and convenient way to avoid the hassles of both traffic and transit schedules. A key consideration is that while this person strongly values the car's freedom, they strongly dislike traffic and searching for parking and do not consider cars reliable for arriving on time, which makes public transport their default for predictable travel."
54261430,"That person uses Public transports if: traveling to a destination with guaranteed severe traffic and extremely difficult parking, provided a direct route with no transfers is available. Use Private modes if: the trip requires flexibility in timing or destination, or it is a habitual journey for which the car is the established default. Use Soft modes if: the journey is short and predictable, allowing them to avoid the primary frustrations of traffic and parking associated with driving. A key consideration is that their choice is a trade-off between the absolute freedom a private car provides, which they strongly value, and their intense dislike of being stuck in traffic; their decisions are governed by strong habits and are not influenced by any potential to use travel time productively, a notion they strongly reject."
54261491,"That person uses Public transports if: the journey is routine and the destination is well-served by the network, as they are a confident and lifelong user, Use Private modes if: the trip requires a high degree of flexibility in timing or destination that public transit cannot offer, Use Soft modes if: the distance is short, allowing them to completely avoid the frustrations of traffic and parking. A primary consideration in their decision is a strong dislike for being stuck in traffic, and a key factor is that they feel perfectly comfortable traveling in close proximity to people they do not know."
54261518,"That person uses Public transports if: the car is unavailable and the journey is simple, direct, and requires no complex navigation of the transit system, Use Private modes if: they need maximum flexibility in destination and timing and perceive no other viable option for their trip, Use Soft modes if: the distance is short, the weather is favorable, and avoiding traffic is a primary goal. A key consideration for this person is the conflict between their willingness to reconsider their mode choice and their feeling that they often have no alternative for their usual trips; they strongly value the freedom to go wherever and whenever they want, but are bored by traffic, and a major barrier to using public transport is their stated lack of knowledge and historical use of the system."
54261519,"That person uses Public transports if: the destination is well-served by the network and the journey is likely to involve traffic congestion, Use Private modes if: the trip requires a high degree of flexibility in destination or timing that other modes cannot provide, or for routine trips where they feel no other option is available, Use Soft modes if: the distance is short and it allows them to completely bypass potential traffic. A key consideration for this person is the conflict between valuing the car's flexibility to go anywhere and their strong dislike for being stuck in traffic, which is weighed against a feeling of being captive to their usual mode of transport even though they are knowledgeable about alternatives."
54261566,"That person uses Public transports if: their private vehicle is completely unavailable and there is no other conceivable option for an essential trip. Use Private modes if: they need the freedom and flexibility for any trip, as they perceive it as their only viable option for direct, reliable travel. Use Soft modes if: the journey is for a very short distance where the inconvenience of driving and parking is greater than the effort of walking. A significant consideration is that this person is exceptionally resistant to change, strongly believing they have no alternative to their current mode and holding a deep dislike for trips that involve transfers."
54261567,"That person uses Public transports if: the destination is in a congested area with guaranteed parking difficulties and a direct, simple route is available, Use Private modes if: the trip requires maximum flexibility in timing and destination and parking is perceived to be manageable, Use Soft modes if: the travel distance is very short and it is the most direct and convenient way to reach the destination. A key consideration is the conflict between the person's strong belief in the car's freedom to go anywhere at any time and their intense dislike of looking for a parking space; as they are highly resistant to changing their ingrained travel habits, a significant barrier like the absolute unavailability of parking is required to make them deviate from their usual private vehicle."
54261626,"That person uses Public transports if: the journey is familiar and direct, allowing them to use their travel time productively while avoiding the stress of traffic and parking, Use Private modes if: there is no viable public transport alternative available for a specific destination, making it a necessary last resort despite their strong belief that cars are unreliable for being on time, Use Soft modes if: the distance is short, making it the most efficient and direct way to avoid the traffic and parking hassles they strongly dislike. A key consideration is the complexity of the journey; while they are a dedicated public transport user who values using travel time productively, their strong dislike for changing transport modes means a direct trip will always be prioritized, especially on unfamiliar routes with schedules they find difficult to understand."
54420061,"That person uses Public transports if: it is their default and habitual choice for most regular trips where they can leverage their extensive knowledge of the network. Use Private modes if: the journey requires a level of flexibility that public transport cannot offer, such as for reaching remote locations or traveling at odd hours, and punctuality is not the main priority. Use Soft modes if: the trip covers a short, direct distance to a local destination or a public transport hub. A critical consideration for this individual is the strong conviction that private cars are unreliable for ensuring on-time arrivals, a view reinforced by their dislike of traffic and parking hassles, which makes them feel captive to their current, single-mode travel habits."
54420120,"That person uses Public transports if: it is a viable option for their journey, as they are a highly proficient and lifelong user who views it as the reliable and socially beneficial default, Use Private modes if: the destination is completely inaccessible by other means or travel is required outside of public transport service hours, leveraging the car's unique flexibility, Use Soft modes if: the distance is short and it offers the most direct or convenient option, particularly for connecting to public transport hubs. A key consideration for this individual is their highly flexible approach to travel, where they are not bound by habit or social discomfort with strangers, but are strongly deterred from driving by the predictable frustrations of traffic and parking."
54420563,"That person uses Public transports if: the destination has guaranteed heavy traffic and no parking, and the public transport option is a simple, direct route that does not require transfers or complex schedule knowledge. Use Private modes if: the journey requires flexibility in timing or destination, or when public transport is perceived as too restrictive and would lead to cancelling activities. Use Soft modes if: the trip is short and the hassles of traffic and parking associated with driving outweigh the benefits. However, any choice is heavily influenced by the conflict between the car's perceived freedom and reliability versus a strong aversion to traffic and parking, compounded by a belief that public transport is confusing, overly restrictive, and involves transfers, making them feel they have no other viable option despite frequently reconsidering their choice."
54420688,"That person uses Public transports if: the destination is well-served by the network and the schedule is familiar, making it a reliable and community-oriented choice, Use Private modes if: the destination is poorly served by other options or when absolute freedom in timing and route is essential, forcing them to use it as a last resort, Use Soft modes if: the distance is short, allowing for a quick and hassle-free journey that avoids the stresses of traffic and parking. A primary consideration is their strong belief that cars are unreliable for arriving on time and their intense dislike for finding parking, which contrasts sharply with their exceptional comfort among strangers and the sense of community they feel when using public transport."
54420907,"That person uses Public transports if: the journey is direct without requiring a change of vehicle and aligns with their lifelong travel habits, Use Private modes if: the destination is not well-served by a direct public transport line, forcing them to choose what they perceive as their only alternative for maximum flexibility, Use Soft modes if: the distance is short, allowing for a direct door-to-door journey that completely avoids the potential boredom of traffic congestion. A primary consideration is that any chosen mode must offer a direct, single-vehicle journey, as they strongly dislike transfers and are extremely bored by traffic, which reinforces their lifelong habit of using public transport."
54421201,"That person uses Public transports if: the journey is for a regular activity and the priority is to avoid the stress of traffic and parking, leveraging their deep familiarity with the public transport network. Use Private modes if: the destination is not easily accessible by other means or when the need for complete flexibility in timing and location is the most important factor. Use Soft modes if: the trip is short and the weather is suitable, allowing for a simple journey that completely avoids vehicle-related delays. A key consideration for this person is the trade-off between valuing the car's freedom to go anywhere at any time and their strong aversion to being stuck in traffic or searching for parking, as they do not consider the car a reliable means for arriving on time."
54421257,"That person uses Public transports if: it is for their regular, daily travel, as this is their lifelong, habitual mode and they feel they have no other viable option. Use Private modes if: there is an absolute absence of any other alternative for a specific trip, given their strong aversion to traffic and the hassle of parking. Use Soft modes if: traveling short distances or to connect to and from public transport stations. A key consideration is that this individual's choice is not flexible; it is a deeply ingrained habit reinforced by a strong belief that they have no other alternative and a significant dislike for the stress of driving, while being completely comfortable traveling close to strangers."
54440123,"That person uses Public transports if: the journey is routine and follows a familiar, direct route that they know well by heart, Use Private modes if: the trip is complex, requires significant flexibility that public transport cannot offer, or involves destinations not easily accessible by other means, Use Soft modes if: the distance is short and the trip is simple, allowing for a door-to-door journey that avoids the hassles of both driving and public transit. A major consideration for this individual is the strong desire to minimize travel-related discomfort and complexity; they will consistently choose the option that avoids being close to unknown people, dealing with traffic, searching for parking, or making complicated transfers between services."
54440188,"That person uses Public transports if: their private vehicle is completely unavailable and it is the only possible option for a mandatory trip. Use Private modes if: they need the flexibility to go wherever and whenever they want and to ensure they can complete all their desired activities. Use Soft modes if: the destination is extremely close and driving is impractical, or for purely recreational journeys. A key consideration is their conviction that they have no alternative to their car, which they believe provides essential freedom and prevents them from having to cancel activities; they also strongly dislike changing modes of transport during a journey and disagree that using public transport makes the city more welcoming."
54440426,"That person uses Public transports if: it is the only perceived option for a regular, well-known journey, Use Private modes if: the destination is not well-served by other means and the need for flexibility outweighs the strong dislike of traffic and parking, Use Soft modes if: the trip is very short, direct, and does not require a connection to another mode of transport. A significant consideration is that this person feels captive to their current mode and does not reconsider their choice, strongly disliking any trip that requires changing transport modes; they also believe that using public transport forces them to cancel activities, yet they are extremely bored by traffic and dislike searching for a parking place."
54440474,"That person uses Public transports if: they have no other viable alternative for a specific, routine journey, using it out of necessity rather than choice. Use Private modes if: they require the freedom to go wherever and whenever they want, and to ensure their schedule of activities is not compromised. Use Soft modes if: the trip is for a very short, direct distance where driving would be impractical. A key consideration in their decision is the high value placed on the complete freedom a private car offers, which contrasts sharply with their belief that using public transport would force them to cancel activities. This preference is reinforced by a strong discomfort when traveling close to unknown people and a disagreement that public transit contributes positively to the city's comfort."
54440508,"That person uses Public transports if: the journey has a clear and simple schedule and is known to have heavy traffic, allowing them to use their travel time productively, Use Private modes if: the trip is part of their established routine and requires flexibility, as they strongly believe it provides the freedom to go wherever and whenever they want, Use Soft modes if: the distance is short and the route offers a reliable way to completely avoid traffic congestion. A significant consideration is the person's deep-seated habit of using a usual mode for their activities, which clashes with their strong aversion to being bored in traffic and their perception of the car as the ultimate tool for freedom."
54440509,"That person uses Public transports if: the route is known for severe traffic and a direct, familiar option exists that allows for productive travel without restricting their planned activities. Use Private modes if: the journey is part of their established routine or requires absolute flexibility in timing and destination, which they believe only a car can offer. Use Soft modes if: the distance is short and the primary goal is to completely avoid the frustration of being stuck in traffic. A key consideration for this person is the significant conflict between their strong belief in the car's freedom to go anywhere at any time and their intense dislike of traffic, which may cause them to break from their otherwise very habitual travel patterns."
54440529,"That person uses Public transports if: their private vehicle is completely unavailable and the destination can be reached via a simple, direct route without any transfers. Use Private modes if: the journey requires flexibility, guaranteed punctuality, and a direct door-to-door trip. Use Soft modes if: the destination is very close for a routine activity, making it the most convenient and straightforward choice. A crucial consideration is that this person is highly habit-driven, strongly believing their car provides ultimate freedom and reliability, while viewing public transport as a significant restriction on their activities. They have a profound dislike for changing transport modes during a journey, which reinforces their preference for a private car, even though they are not at all uncomfortable traveling close to strangers and hold no positive view on the societal benefits of public transit."
54440541,"That person uses Public transports if: the journey is to a familiar destination where the schedule does not constrain subsequent activities and parking is known to be difficult, leveraging their lifelong familiarity with the system. Use Private modes if: the trip requires absolute freedom in timing and destination or involves multiple stops, which they feel is not possible with public transport. Use Soft modes if: the trip is for short, local distances where the primary goal is to avoid the frustrations of traffic and parking. A primary consideration for this individual is the constant trade-off between the car's perceived freedom to go anywhere and their strong dislike for its unreliability in traffic and the hassle of finding parking, causing them to frequently reconsider their mode of transport."
54440575,"That person uses Public transports if: the journey is routine and predictable, allowing them to leverage their expert knowledge of the system and use the travel time productively. Use Private modes if: the trip requires maximum flexibility for destinations or schedules not well-served by other options, and traffic is not a primary concern. Use Soft modes if: the distance is short, as part of a multimodal journey to connect with other services, or to actively avoid traffic. A key consideration is that this person is a lifelong and highly proficient public transport user, making it a strong default choice; however, their flexibility is exceptional, as they are very willing to combine different modes of transport and are completely unbothered by looking for parking, which removes a major deterrent to using a car when convenience is paramount."
54440592,"That person uses Public transports if: the destination is well-served and the journey allows them to avoid the boredom of traffic, Use Private modes if: the trip requires a high degree of flexibility in timing or destination that other modes cannot offer, Use Soft modes if: the distance is short and the trip is part of a convenient, regular routine. A major consideration for this person is their strong reliance on a usual mode of transport for their activities, but a key factor is their unfamiliarity with public transport schedules by heart, which makes them dependent on external information for such journeys."
54440872,"That person uses Public transports if: it is their habitual mode for a routine journey where they perceive no other viable alternative, leveraging their lifelong familiarity with the system. Use Private modes if: a destination is inaccessible by their known public transport routes, making it a choice of last resort. Use Soft modes if: the destination is very close, where the inconvenience of parking a car or waiting for transit outweighs the travel effort. A key consideration for this individual is that while they feel constrained by a lack of alternatives, their decision is strongly guided by their complete comfort traveling near strangers and a notable aversion to using a car due to the hassle of finding parking and its perceived unreliability for arriving on time."
54440982,"That person uses Public transports if: the destination is well-served by the network and the journey is predictable, allowing them to leverage their extensive knowledge of routes and schedules, Use Private modes if: the trip requires high flexibility to visit multiple locations or destinations poorly served by other modes, and when the ability to participate in specific activities outweighs other concerns, Use Soft modes if: the journey is short, for local errands, or as part of a multimodal journey to connect with public transport, especially to avoid parking difficulties. A key consideration is their exceptional expertise with public transport, being completely at ease with transfers and crowds; however, they will choose a car when they believe it enables activities that would otherwise be impossible, despite strongly disliking the search for parking and not trusting the car to be on time."
54440987,"That person uses Public transports if: the destination is reachable by the bus or train network, as this is their familiar, lifelong, and preferred method of travel, Use Private modes if: there is no viable public transport alternative for an essential trip, as they perceive cars very negatively, Use Soft modes if: the journey is short and convenient, allowing them to avoid car-related hassles. A significant consideration in their choice is a core belief that public transport contributes to a more welcoming city, a value reinforced by a lifetime of use and knowing the schedules by heart; this is weighed against their strong conviction that a car offers neither the freedom to go anywhere at any time nor the reliability to be punctual."
54441132,"That person uses Public transports if: their primary mode of transport is unavailable and the route is exceptionally simple and well-known, as they lack confidence in navigating the system. Use Private modes if: the trip requires flexibility and guaranteed on-time arrival, which they strongly associate with personal vehicles. Use Soft modes if: the distance is very short for a casual trip where time is not a critical factor. A key consideration for this person is their firm belief that they have no alternative to their usual mode of transport, which they feel provides unparalleled freedom and reliability; this perception creates a significant barrier to change, even though they agree public transport is beneficial for the city, and is further reinforced by their strong disagreement with the idea that travel time can be used productively."
54540027,"That person uses Public transports if: the destination is well-served by the network and the schedule is predictable, as this is their lifelong and expertly-known preferred mode. Use Private modes if: the trip requires a high degree of flexibility in timing or destination that other modes cannot offer. Use Soft modes if: the distance is short, making it the most efficient way to avoid traffic congestion and parking difficulties. A primary consideration for this individual is the trade-off between the civic-minded comfort of public transport, which they strongly support and have used their entire life, and the absolute freedom to go anywhere at any time that a car provides, which they also value highly."
54540145,"That person uses Public transports if: the trip is a regular, planned journey where they can leverage their deep familiarity with schedules and use the travel time productively. Use Private modes if: it is an exceptional circumstance where no public or soft mode alternative exists for an essential trip. Use Soft modes if: the distance is manageable and the purpose of the trip allows for flexibility, such as for leisure or non-urgent errands. A key factor in their decision is a core value that public transport enhances the urban environment, which is directly opposed by their strong perception of cars as an unreliable method for ensuring punctuality."
54540164,"That person uses Public transports if: the journey is long enough to allow for productive use of time and avoids traffic congestion, provided the need for productivity outweighs their discomfort with crowds. Use Private modes if: punctuality is critical or the trip requires a level of flexibility and activity planning that they feel public transport cannot accommodate. Use Soft modes if: the travel is for short-distance, non-critical local errands or recreation where productivity is not the main goal. A primary consideration for this individual is the conflict between their strong desire to use travel time productively and their discomfort with traveling near strangers, coupled with a belief that public transport limits their activities. They are not deterred by looking for parking or by changing modes of transport, but they feel their current options are often a matter of necessity rather than a preferred choice."
54540269,"That person uses Public transports if: the journey requires predictable timing and the destination is well-served by the network, allowing travel time to be used productively. Use Private modes if: the trip demands absolute freedom and flexibility to go anywhere at any time, particularly to locations with poor transit access. Use Soft modes if: the distance is short, making it the most efficient way to avoid the frustrations of traffic and parking. A key consideration for this individual is their high confidence and knowledge of the public transport system, which they view as more reliable for being on time, contrasted with a strong aversion to being stuck in traffic and the difficulty of finding parking."
54540452,"That person uses Public transports if: the journey is a familiar, direct route for their habitual activities, leveraging their lifelong experience and knowledge of the system. Use Private modes if: the destination is poorly served by other options, or the trip demands the unique flexibility to go anywhere at any time that a car provides. Use Soft modes if: the trip is short and local, allowing them to completely avoid the disliked hassles of traffic and parking. A primary consideration is their strong preference for direct, single-mode journeys, as they dislike transfers; while they value a car's freedom, this is heavily weighed against their strong aversion to traffic and searching for parking, and they do not believe a car guarantees punctuality."
54540466,"That person uses Public transports if: the destination is well-served by a direct route and the trip does not restrict subsequent activities, Use Private modes if: the need for flexibility to go anywhere at any time is the priority or when multiple stops are necessary, Use Soft modes if: the trip is short and the destination has known traffic congestion or parking difficulties. The most significant factor in their decision is the strongly held belief that the car provides absolute freedom of movement, a conviction that tends to override their frustrations with being stuck in traffic and the hassle of finding parking."
54540713,"That person uses Public transports if: the journey needs to be productive and predictable, leveraging their lifelong experience and comfort with the system. Use Private modes if: the destination is completely inaccessible by other means and when the risk of traffic delays and parking difficulties is minimal. Use Soft modes if: the distance is short, allowing for the complete avoidance of traffic and parking hassles, or to connect with a public transport service. A primary consideration for this person is their ability to use travel time productively, as they are strongly bored by traffic and dislike searching for parking; being a flexible, lifelong public transport user who is completely comfortable traveling with strangers makes it their default choice unless a destination is truly unreachable."
54540853,"That person uses Public transports if: the destination is known to have severe traffic and parking issues, and a direct, simple public transport route is available that does not limit their planned activities, Use Private modes if: the trip requires a level of flexibility in timing or location that they perceive other modes cannot offer, making it the only viable option despite the potential for traffic and parking hassles, Use Soft modes if: the distance is short enough to completely avoid the frustrations of both driving and complex public transport journeys. A significant consideration for this person is the conflict between their belief that a private car is essential for freedom and to avoid canceling activities, and their strong dislike for being stuck in traffic and searching for parking; furthermore, their decision is heavily influenced by a very strong preference for trips that do not require changing from one mode of transport to another."
54540888,"That person uses Public transports if: the route is simple and direct, allowing them to avoid the known hassles of traffic and parking without being hindered by their lack of system knowledge. Use Private modes if: the trip requires a high degree of flexibility or guaranteed punctuality, and the destination is perceived to have no viable alternative. Use Soft modes if: the distance is short, allowing for a trip that avoids the complexities of both driving and public transit schedules. While this person dislikes the stress of traffic and searching for parking, their decision is heavily constrained by a significant lack of practical knowledge of public transport routes and schedules, which creates a strong reliance on private vehicles for any non-routine travel."
54540965,"That person uses Public transports if: the destination is well-served by a direct route, where traffic and parking are expected to be significant problems, and the travel time can be used productively. Use Private modes if: the trip requires maximum flexibility for activities, involves multiple destinations, or goes to a location where other modes are perceived as too restrictive. Use Soft modes if: the distance is short, and the primary goal is to completely avoid the stress of both traffic congestion and finding a parking space. A primary consideration is the trade-off between the car's absolute freedom to go anywhere at any time, which they strongly value, and their intense dislike of being stuck in traffic; since they have alternatives and are comfortable with crowds, their decision hinges on whether the convenience of a private vehicle outweighs the high probability of congestion."
54540966,"That person uses Public transports if: the destination is well-serviced by the network, allowing them to avoid traffic and use their travel time productively. Use Private modes if: the trip requires absolute freedom in timing and destination that other modes cannot offer, and traffic is not a major concern. Use Soft modes if: the distance is short, allowing for a direct trip that completely bypasses the frustrations of traffic and parking. A key consideration for this individual is the constant trade-off between the unparalleled freedom a car provides to go wherever and whenever, and their strong aversion to the boredom of being stuck in traffic; they feel they always have transport alternatives and are very comfortable traveling close to people they do not know, underpinning their confidence in navigating the public transport system."
54541011,"That person uses Public transports if: it is the only available option for their established, routine travel, which they navigate with lifelong expertise and do not find limiting. Use Private modes if: this is not a viable option, as they strongly feel they have no alternative to their usual mode of transport. Use Soft modes if: it serves as a connector for their public transport journey or for very short, local trips. A key consideration for this individual is that their mode choice is a matter of necessity rather than preference; they strongly believe they have no other option and have therefore fully adapted, disagreeing that transfers are an issue or that public transport restricts their activities."
54541019,"That person uses Public transports if: it is the only perceived option for a routine journey where the schedule is memorized and travel time can be used productively, Use Private modes if: the journey requires absolute punctuality and flexibility to avoid cancelling activities, provided that traffic and parking are not major issues, Use Soft modes if: the distance is very short and the destination has significant traffic and parking problems that make driving impractical. A primary consideration is that this person strongly dislikes changing transport modes during a trip and feels they use their current transport mainly because they have no alternative. They are convinced a car guarantees being on time whereas public transport is restrictive, and they strongly disagree with the idea that they know the public transport network well or that it improves the city."
54541039,"That person uses Public transports if: the destination is well-served by a direct route and driving would likely involve traffic congestion or difficult parking, Use Private modes if: the journey requires flexibility, involves multiple stops, or is to a location poorly served by other options, Use Soft modes if: the trip is short, allowing them to completely avoid the frustrations of both traffic and parking. The primary consideration for this person is a trade-off between their belief that the car offers ultimate freedom to go wherever and whenever they want, and their strong aversion to being stuck in traffic."
54541041,"That person uses Public transports if: there is no other perceived viable option for a specific, repetitive trip. Use Private modes if: the journey requires any level of flexibility in timing or destination, as this is seen as the only way to freely access all desired activities. Use Soft modes if: the destination is extremely close, making it the most direct and convenient choice. A key consideration for this individual is their powerful sense of being locked into their current mode, strongly believing they have no alternatives and that only a private vehicle provides true freedom of movement; however, an important exception is their complete comfort with traveling near strangers, meaning social crowding is not a barrier for them."
56080065,"That person uses Public transports if: the journey is for a regular activity on a familiar route, capitalizing on their lifelong expertise and knowledge of the system, Use Private modes if: the trip requires maximum flexibility to go anywhere at any time, which they feel public transport limits, and convenient parking is assured, Use Soft modes if: the trip is short, thereby avoiding the hassles of traffic and parking while being more direct than other options. A primary consideration is the conflict between the car's unparalleled freedom and their strong dislike for finding a parking space; while they are a deeply habitual and comfortable public transport user, the challenge of parking is often the deciding factor that pushes them away from choosing their private vehicle."
56080129,"That person uses Public transports if: the destination is efficiently served by the network, as this is their familiar and preferred way to travel productively, Use Private modes if: the destination is inaccessible by any other means, as they view cars as a last resort due to their perceived unreliability and inconvenience, Use Soft modes if: the trip is short and direct, providing a straightforward and pleasant travel experience. This decision-making is strongly guided by their identity as a lifelong public transport user who frequently reconsiders their options, a significant aversion to the boredom of traffic and the hassle of parking, and a firm conviction that cars lack freedom and reliability."
56080315,"That person uses Public transports if: the destination is well-served by the network for a routine journey, Use Private modes if: the trip requires a unique level of flexibility or is to a location inaccessible by other means, Use Soft modes if: the distance is short, allowing them to completely avoid traffic and parking issues. The decision is primarily driven by a strong desire to avoid the boredom of traffic and the frustration of searching for parking, coupled with a belief that public transport creates a more welcoming city and confidence that schedules are easy to understand."
56080623,"That person uses Public transports if: the journey is a simple, direct route to a destination where traffic and parking are known to be major problems, and the trip purpose is inflexible. Use Private modes if: the journey requires flexibility, involves multiple stops, or is tied to activities they believe would be impossible to do otherwise. Use Soft modes if: the trip is short, predictable, and local, allowing them to completely avoid the boredom of traffic and the hassle of parking. A key consideration for this individual is the conflict between their strong belief that a private car offers ultimate freedom to go anywhere at any time and their equally strong feeling that being stuck in traffic is incredibly boring."
56080897,"That person uses Public transports if: the destination is known to have extreme parking difficulty or traffic congestion, and a simple, direct, single-vehicle route is available. Use Private modes if: flexibility and directness are required, and the journey is perceived as having no viable alternatives. Use Soft modes if: the destination is very close and the trip is simple, making a vehicle unnecessary. A key consideration for this individual is the strong belief that they have no real alternative to their usual mode of transport, which is reinforced by their perception of the car as the only way to go wherever and whenever they want; however, this is challenged by their intense dislike for being stuck in traffic and searching for parking. They view public transportation as highly restrictive, believing it would force them to cancel activities, and this perception is solidified by their lack of knowledge of schedules and their strong aversion to changing modes of transport during a journey."
70130105,"That person uses Public transports if: the journey is predictable and allows for productive use of travel time, effectively bypassing traffic. Use Private modes if: a complex schedule with multiple activities makes flexibility paramount, forcing them to tolerate the traffic and parking they strongly dislike. Use Soft modes if: the distance is short enough to provide a reliable and efficient way to completely avoid both traffic congestion and parking issues. This individual is a very flexible commuter who frequently reconsiders their options, with the final decision hinging on a critical trade-off: their strong aversion to being stuck in traffic versus the belief that public transport might restrict their ability to complete all desired activities."
70130294,"That person uses Public transports if: the journey is to a familiar destination on a direct route without transfers, particularly when avoiding traffic congestion is a priority. Use Private modes if: the trip requires flexibility, involves multiple stops, or goes to a location poorly served by other means, capitalizing on the freedom to travel anywhere at any time. Use Soft modes if: the distance is short, allowing for a simple and direct trip that completely bypasses the frustrations of traffic and the complexities of schedules. The primary consideration for this individual is a trade-off between their intense aversion to being stuck in traffic and the belief that public transport restricts their activities, while their high comfort level with traveling near strangers makes shared modes a viable option."
70130349,"That person uses Public transports if: the trip's activities are compatible with the network's reach and schedule, capitalizing on their lifelong expertise with routes and timetables. Use Private modes if: the journey demands absolute freedom in destination and timing, or is necessary to accomplish activities that would otherwise be impossible. Use Soft modes if: the distance is short, especially when the goal is to bypass traffic and the strong dislike of searching for a parking space. A key consideration in their choice is the major conflict between the car's ability to go anywhere and enable any activity, which they value highly, and the significant hassle of parking; this decision is made on a trip-by-trip basis, facilitated by a strong willingness to combine different modes of transport."
70130388,"That person uses Public transports if: the destination is accessible via a direct route, as they are an expert and habitual user who finds the system easy to navigate and sufficient for their needs. Use Private modes if: the journey requires absolute freedom in destination and timing that cannot be met by any other option, despite the potential for traffic and parking issues. Use Soft modes if: the distance is short enough for a direct door-to-door trip, avoiding both vehicle traffic and the need for public transport transfers. A primary consideration for this individual is their very strong preference for single-mode, direct journeys, as they greatly dislike transfers; this, combined with an intense boredom from being stuck in traffic, heavily influences their choices, while their lifelong experience makes them confident that public transport does not limit their activities and that schedules are easy to understand."
70130402,"That person uses Public transports if: the journey is predictable and not during peak crowded times, allowing for productive use of travel time. Use Private modes if: the need for flexibility and personal space is the highest priority, outweighing the known annoyances of traffic and searching for parking. Use Soft modes if: the distance is short, allowing them to completely avoid traffic, parking issues, and the discomfort of being near other people. A primary consideration is that this person constantly re-evaluates their travel options, and their final decision is strongly influenced by a pronounced discomfort with being in close proximity to strangers, which may lead them to avoid otherwise practical public transport options."
70130414,"That person uses Public transports if: the trip is direct without transfers, the route is familiar, and the destination is in a congested area with difficult parking, Use Private modes if: the destination is poorly served by other modes, the trip requires maximum flexibility in timing and location, or the need for personal space is paramount, Use Soft modes if: the distance is short and the primary goal is to completely avoid the frustrations of both traffic and parking. A key consideration for this person is the major trade-off between the absolute freedom to travel anywhere at any time with a car and their strong aversion to being stuck in traffic and searching for parking, especially since they do not believe the car guarantees they will be on time; furthermore, a critical factor is their strong dislike for changing transport modes during a journey, making direct routes a priority."
70130508,"That person uses Public transports if: the journey is direct and predictable, allowing them to use their travel time productively. Use Private modes if: the trip requires flexibility for multiple stops or access to areas poorly served by other transit, provided parking is easy. Use Soft modes if: the distance is short, making it the most efficient way to avoid the frustrations of traffic and parking. A key consideration for this individual, who strongly agrees with reconsidering their mode choice frequently, is the trade-off between the desire for a direct, single-mode journey and the freedom a car provides for complex activities, weighed against a strong dislike for traffic congestion and the search for parking."
70130662,"That person uses Public transports if: their private vehicle is unavailable and the destination is conveniently served by a single, direct route without any transfers, Use Private modes if: the journey requires flexibility in timing or destination, as this is their default, habitual choice for a seamless trip, Use Soft modes if: the destination is very close, making walking or cycling the most direct and practical option. A crucial factor in their decision-making is a strong aversion to changing modes of transport during a journey, reinforcing their reliance on a car which they feel provides absolute freedom to travel wherever and whenever they want; they are not deterred by the challenge of finding parking and do not perceive a wider community benefit to using public transport."
70130765,"That person uses Public transports if: the journey is part of their established routine, leveraging their expert knowledge of the network to ensure a productive and predictable trip. Use Private modes if: a critical activity is located somewhere completely inaccessible by public transport, forcing them to reluctantly endure the traffic and parking problems they detest. Use Soft modes if: the trip is for short distances, such as accessing a transit hub or for local errands. A key consideration for this person, who is a lifelong and expert public transport user, is that they strongly feel cars do not offer freedom or punctuality and they despise being stuck in traffic or searching for parking; however, they will stick to their habits unless forced by a necessary activity that their preferred network cannot serve."
70130778,"That person uses Public transports if: the destination is well-served by a direct route, making it a practical alternative to the stress of traffic and parking, Use Private modes if: the journey requires maximum flexibility for multiple stops or access to less-connected areas, and parking is not a concern, Use Soft modes if: the distance is short and the trip is for a single purpose without the need to carry items. The decision is heavily influenced by a strong belief in the car's ultimate freedom to go anywhere at any time, though this is balanced against a high competence and comfort in using public transport, as they are not bothered by traveling near strangers or by the complexity of the network."
70130805,"That person uses Public transports if: the destination is on a familiar route with a predictable schedule, allowing travel time to be used productively. Use Private modes if: the destination is poorly served by public transit or the trip requires a level of flexibility that schedules cannot provide. Use Soft modes if: the journey is short, allowing them to completely avoid the frustrations of traffic and parking for local errands. A major consideration is their strong aversion to traffic and searching for parking, which directly conflicts with the belief that a car provides ultimate freedom. Although they are a lifelong and expert user of their regular public transport network, their willingness to try new routes is hampered by the difficulty of understanding unfamiliar schedules, even though they are very comfortable combining different modes of transport in a single journey."
70130807,"That person uses Public transports if: the route is well-known and punctuality is more important than flexibility, Use Private modes if: the destination is hard to reach by other means or the freedom to travel at any time is the main goal, Use Soft modes if: the distance is short, especially as part of a journey involving transfers between other modes. A key consideration for this person is the conflict between their values and their knowledge; they strongly appreciate the car's freedom to go anywhere but distrust its ability to be on time and dislike traffic, while simultaneously holding a positive social view of public transport but lacking the practical knowledge of routes and schedules to use it confidently."
70130947,"That person uses Public transports if: the destination is familiar and well-served by a direct route, as they are a very experienced and comfortable user, Use Private modes if: the trip requires absolute flexibility in timing and destination or involves activities that are difficult to access otherwise, Use Soft modes if: the journey is short and the main goal is to completely avoid the frustrations of traffic and parking. A key consideration for this person is the trade-off between the unparalleled freedom a car provides and their strong hatred of being stuck in traffic, which often pushes them toward their lifelong, comfortable habit of using public transportation, a mode they also believe benefits the community."
70131064,"That person uses Public transports if: the journey is a regular and familiar one where they know the routes and schedules well, especially if it does not require changing vehicles. Use Private modes if: the destination is hard to reach by other means, offers convenient parking, and when the flexibility to go anywhere is more important than guaranteed punctuality. Use Soft modes if: the journey is for a short distance, which allows for the complete avoidance of traffic and the hassle of finding a parking spot. A key consideration for this individual is their strong dislike for changing modes of transport during a trip; while they perceive the car as unreliable for being on time and are bothered by traffic, its ability to offer a direct journey may persuade them to use it over a public transport option that requires multiple transfers."
70140006,"That person uses Public transports if: the destination is difficult to access by car due to severe traffic or parking constraints, and a direct route is available, Use Private modes if: flexibility in route and schedule is a priority and the trip must be reliable and without transfers, Use Soft modes if: the trip is over a short distance where walking or cycling is more direct and convenient than driving. A key consideration is the person's strong preference for personal autonomy and space; they highly value that their car allows them to go wherever and whenever they wish, while simultaneously feeling very uncomfortable traveling close to people they do not know, which is a major deterrent for using shared transit."
70140078,"That person uses Public transports if: it is for a routine trip where they have an expert knowledge of the routes and schedules and perceive it as their only available option. Use Private modes if: the destination is otherwise inaccessible, enabling participation in an activity that would have to be cancelled if relying on public transport. Use Soft modes if: the journey is short, providing a direct, personal trip that avoids both crowded vehicles and the hassles of traffic and parking. A key consideration for this individual is the profound conflict between their perceived lack of choice and the significant limitations of their options; they strongly feel public transport restricts their activities, yet they also strongly believe cars are unreliable for being on time and despise the stress of traffic and finding parking."
70140103,"That person uses Public transports if: the destination is part of a routine trip and can be reached directly without transfers. Use Private modes if: the journey involves complex activities or multiple stops that are impractical with public transport, and the route is anticipated to be free of traffic. Use Soft modes if: the distance is short, allowing for a direct door-to-door trip that avoids both traffic and parking issues. A primary consideration is their strong dislike for changing transport modes during a journey, but this is balanced by an equally intense aversion to being stuck in traffic, which makes them perceive private car travel as unreliable."
70140136,"That person uses Public transports if: the destination is accessible via the network, as this is their lifelong, habitual choice which they feel is their only alternative and allows them to use travel time productively. Use Private modes if: there is an absolute and unavoidable necessity with no other possible option, a scenario they likely never encounter. Use Soft modes if: the trip is for a short distance, likely to connect to a public transport hub or as the sole mode for very local errands. A key consideration is that this individual is a deeply habitual user who does not reconsider their mode choice, driven by the strong belief that they have no real alternative and a desire to use their travel time productively, while also strongly disliking the hassle of looking for parking and believing cars are not a reliable way to be on time."
70140141,"That person uses Public transports if: the journey is routine, allowing for productive use of travel time on a system they are very familiar with, Use Private modes if: the destination is poorly served by other options or when complete freedom of schedule and route is essential, Use Soft modes if: the trip is short enough to bypass the frustrations of traffic and parking altogether. A primary consideration for this individual is avoiding the stress of driving; they strongly dislike being stuck in traffic and searching for parking, which combined with their lifelong habit of using public transport, makes it their default choice."
70140142,"That person uses Public transports if: it is for a regular, predictable journey where they can leverage their expert knowledge of the network and use the travel time productively, Use Private modes if: a destination is otherwise inaccessible or an activity would be impossible to accomplish, forcing them to override their strong preference against it, Use Soft modes if: the trip is short or it is required to connect between public transport services. A primary consideration is the ability to use travel time productively, driven by a strong dislike for being stuck in traffic; this individual feels they have no alternative to their lifelong, habitual use of public transport, a choice made easy by their complete comfort with sharing space with strangers and making transfers between different services."
70140295,"That person uses Public transports if: the journey is routine and predictable along a familiar route where the schedule does not limit their planned activities. Use Private modes if: the need for absolute freedom and flexibility to go anywhere at any time outweighs the frustration of traffic and parking. Use Soft modes if: the trip is short and local, allowing them to completely avoid the hassles of traffic and parking. A key consideration for this person is the tension between their strong belief that a car offers the ultimate freedom to go wherever and whenever, and their equally strong boredom with being stuck in traffic, alongside a pro-social attitude that taking the bus makes the city more welcoming."
70740007,"That person uses Public transports if: the trip is for a regular, predictable activity where they are familiar with the routes and schedules, allowing them to avoid traffic and use their travel time productively. Use Private modes if: the trip involves complex activities or destinations that they feel are inaccessible by public transport, making flexibility the top priority. Use Soft modes if: the distance is short, as this avoids both the traffic and parking issues associated with cars and the potential schedule limitations of public transport. A major consideration for this individual is their strong pro-social attitude towards transit; they firmly believe taking the bus improves the city and are exceptionally comfortable traveling in close proximity to strangers, making them highly inclined towards shared modes whenever practical."
70740079,"That person uses Public transports if: the trip is a routine journey to a destination where traffic congestion or difficult parking is expected, Use Private modes if: the journey requires maximum flexibility in destination and timing, or when punctuality is the highest priority, Use Soft modes if: the distance is short, and the travel is direct and simple. A key consideration for this person is the trade-off between the absolute freedom and perceived reliability of their car versus their strong dislike for traffic and the hassle of finding parking. Furthermore, a significant factor in their decision is a strong preference for direct journeys, as they dislike changing their means of transport mid-trip, and they believe that using public transportation might force them to cancel certain activities."
70740120,"That person uses Public transports if: it is for a routine and familiar journey, as this is their lifelong habit and they feel they have no other viable option. Use Private modes if: the trip requires a high degree of flexibility to go anywhere at any time, especially for non-routine travel. Use Soft modes if: the journey covers a very short distance, such as connecting to another mode of transport or reaching a nearby destination. A key consideration for this individual is that their behavior is governed by a strong sense of habit and a perceived lack of alternatives for daily travel, while they concurrently believe a private car offers superior freedom for any non-standard trips. Their choices are not influenced by a desire to use travel time productively, and they find public transport schedules easy to understand."
70740127,"That person uses Public transports if: the trip is routine and follows a direct, familiar route without transfers, especially when parking at the destination is a known problem, Use Private modes if: the journey requires flexibility in timing or destination, involves multiple stops, or when punctuality is critical, Use Soft modes if: the trip is short and local, allowing them to completely avoid the frustrations of traffic and parking. A primary consideration for this person is the major conflict between their belief in the car's absolute freedom and reliability against their strong dislike for traffic and searching for parking; they have a profound aversion to changing modes during a trip and feel that public transportation severely restricts their activities, which are powerful factors in their decision."
70740128,"That person uses Public transports if: the destination is known for heavy traffic or scarce parking and the journey is direct, Use Private modes if: flexibility, reliability for being on time, and the ability to travel anywhere are the main priorities, Use Soft modes if: the trip is for a short, direct journey where parking would be a significant hassle. A major consideration is that this person strongly believes the car provides ultimate freedom to go wherever and whenever they want, a view shaped by not being a lifelong public transport user, yet this is weighed against a strong dislike for being stuck in traffic and the difficulty of finding parking."
70740186,"That person uses Public transports if: the journey can be made on a single, direct route to a destination where parking is known to be difficult, Use Private modes if: the trip is direct and convenient parking is available at the destination, Use Soft modes if: the distance is short, making it the most direct door-to-door option and avoiding any parking issues. A key consideration for this person is their strong dislike for changing modes of transport during a trip and their significant aversion to searching for parking, whereas, in contrast, being delayed by traffic is not a concern for them."
70740215,"That person uses Public transports if: it is for a regular, routine trip on a familiar, direct route for which they feel there is no viable alternative. Use Private modes if: a car is accessible and the journey demands the flexibility to go anywhere at any time or would otherwise be limited by public transport schedules. Use Soft modes if: the distance is short enough to bypass traffic congestion without requiring complex travel arrangements. A key consideration for this person is the tension between their strong, established travel habit and the feeling that their usual mode is restrictive, further compounded by a significant dislike for changing modes of transport during a single trip."
70740257,"That person uses Public transports if: the destination is in an area where traffic and parking are known problems, making the journey predictable and less stressful. Use Private modes if: the trip requires absolute flexibility in destination and timing, especially to locations not well-served by other means and during off-peak hours. Use Soft modes if: the journey is for a short distance or to connect with other transport services, thereby avoiding driving-related hassles. A key consideration for this person is the direct trade-off between the unparalleled freedom a private car offers and their strong dislike for traffic and parking difficulties; this choice is made easier by their complete comfort with being near strangers and making transfers, which removes major barriers to using public transport."
70740266,"That person uses Public transports if: the journey is predictable and follows a route where they know the schedule by heart, allowing them to use their travel time productively. Use Private modes if: punctuality is critical and the destination offers easy, guaranteed parking. Use Soft modes if: the distance is short, completely avoiding the frustrations of traffic and parking. A key consideration for this person is their flexibility and willingness to frequently reconsider their mode of travel, but their strong dislike for searching for parking is a critical factor that often makes them reject using a car."
70740427,"That person uses Public transports if: the journey is predictable and allows for productive use of travel time, leveraging their deep knowledge of the system. Use Private modes if: the trip requires maximum flexibility in timing or destination that public transport cannot offer, and when traffic or parking are not anticipated problems. Use Soft modes if: the distance is short, to avoid traffic congestion, or as a component of a larger multi-modal journey. A key consideration is that while this person has a usual mode of transport for their regular activities, their choice is heavily influenced by a strong dislike for being stuck in traffic and searching for parking, and they are not deterred by factors like traveling close to strangers or changing vehicles during a trip."
80630371,"That person uses Public transports if: the destination is easily reached via a direct, familiar route, allowing them to avoid traffic without limiting their subsequent plans. Use Private modes if: the trip requires flexibility, guaranteed punctuality, or involves multiple stops, as this is their default mode which they feel offers unparalleled freedom. Use Soft modes if: the distance is very short and the trip is for a simple purpose where taking a vehicle is impractical. A key consideration for this person is the significant constraint they feel public transport imposes on their activities and their strong dislike for transfers, which solidifies their reliance on a private car despite an aversion to traffic and a belief that they have no other viable alternative."
90300005,"That person uses Public transports if: the journey is a habitual and direct route, which circumvents their stated difficulty in understanding complex schedules, Use Private modes if: flexibility is more important than punctuality, such as for trips to non-congested areas or during off-peak times, as they strongly believe cars are unreliable in traffic, Use Soft modes if: the distance is short, allowing for a direct journey that completely avoids the traffic they intensely dislike. A key factor in their decision is a strong aversion to changing modes mid-journey, pushing them toward single-vehicle trips. Despite a lifelong history with public transport, their current unfamiliarity with schedules is a major deterrent for spontaneous travel, which is notable given they also strongly feel cars are unreliable for ensuring on-time arrival."
90300011,"That person uses Public transports if: it is the only viable alternative for a specific trip and offers a direct route without transfers, allowing them to avoid the stress of traffic and parking. Use Private modes if: the journey demands flexibility in destination or timing and can be completed without the high probability of facing traffic congestion or parking difficulties. Use Soft modes if: the distance is short and the route is direct, as this option perfectly avoids their main travel frustrations. A critical consideration in their decision-making is a strong aversion to being stuck in traffic, searching for parking, and changing transport mid-journey, while their disagreement with the idea that public transit makes a city more welcoming suggests their choices are driven by personal efficiency rather than civic duty."
90300157,"That person uses Public transports if: there is absolutely no other alternative for a necessary trip, Use Private modes if: flexibility and guaranteed punctuality are required, which is their default for most activities, Use Soft modes if: the destination is close and the anticipated hassle of traffic and parking outweighs the convenience of driving. A primary consideration is their deep-rooted belief in the car as the most reliable and flexible option, reinforcing a strong travel habit. They have a history of not using public transport and strongly dislike trips that involve transfers, meaning any deviation from their private vehicle is only considered when faced with significant deterrents like severe traffic or a guaranteed lack of parking."
90300309,"That person uses Public transports if: the journey is a familiar, routine trip to a destination well-served by the network they know expertly. Use Private modes if: the trip requires flexibility in destination or timing that public transport cannot accommodate, or enables activities that would otherwise be cancelled. Use Soft modes if: the distance is short, where the convenience of walking or cycling outweighs the strong dislike of searching for a car parking space. A key consideration for this person is the trade-off between their deep, lifelong familiarity with public transport and the car's freedom, which is significantly tempered by the hassle of parking."
90300336,"That person uses Public transports if: it is the only viable option available for their journey, which aligns with their lifelong habit and positive social view of the service, Use Private modes if: there is absolutely no public transport alternative and the destination is unreachable by walking, despite a strong aversion to traffic, Use Soft modes if: the destination is close enough to make a direct journey without the need for transfers or consulting complex schedules. A primary consideration is the feeling of having no alternative transportation options, but any trip is heavily influenced by a strong dislike for being stuck in traffic and a preference for journeys that do not require changing modes of transport; while they believe taking the bus is good for the city, the difficulty in understanding some schedules is a significant factor, and their travel experience is entirely impersonal."
90300367,"That person uses Public transports if: the destination is in a congested area with known parking difficulties and the route is familiar, Use Private modes if: the journey requires flexibility, a strict timetable, or involves destinations that are poorly served by other means, Use Soft modes if: the distance is short, allowing them to avoid the stress of traffic and the hassle of finding a parking spot. A key consideration is the trade-off between the car's convenience to go anywhere at any time and a strong dislike for being stuck in traffic or searching for parking; however, a significant barrier to using public transport is a discomfort with traveling close to strangers and the perception that it restricts their activities."
90300385,"That person uses Public transports if: the destination is difficult to access by car and the journey is simple and direct, as they see public transit as restrictive to their activities. Use Private modes if: there is any need for flexibility in schedule or destination, as this is their strongly preferred default. Use Soft modes if: the distance is very short and the trip is for a single, simple purpose where driving is clearly impractical. A significant consideration is their powerful conviction that a private car provides absolute freedom to go wherever and whenever they want. Furthermore, they do not perceive travel time as an opportunity to be productive, which makes them highly tolerant of time spent behind the wheel."
90300557,"That person uses Public transports if: the journey is familiar and allows them to use their travel time productively, Use Private modes if: the trip requires absolute flexibility in timing and destination, especially where other options are limited, Use Soft modes if: the distance is short and the primary goal is to avoid the frustrations of both traffic and parking. A key consideration for this individual is the trade-off between the car's perceived reliability for being on time and their strong dislike for traffic congestion and the difficulty of finding parking."
90300910,"That person uses Public transports if: the trip is routine and the destination is straightforward, allowing them to use travel time productively and avoid the stress of driving. Use Private modes if: the journey demands a high degree of flexibility in destination or timing that they feel public transport cannot accommodate. Use Soft modes if: the distance is short, as this bypasses the frustrations of driving and the perceived constraints of public transit. A crucial consideration is their strong aversion to being stuck in traffic and searching for parking, which are significant deterrents that make them avoid using a private vehicle unless its flexibility is absolutely essential."
90301009,"That person uses Public transports if: the destination is singular, predictable, and known to have severe traffic and parking challenges, Use Private modes if: the trip requires flexibility, involves multiple stops, or goes to a location poorly served by other options, making its go-anywhere capability essential, Use Soft modes if: the distance is short, allowing them to bypass the primary frustrations of traffic and parking for local errands. A key consideration is the conflict between their belief in the car's absolute freedom and their intense dislike of traffic and searching for parking; they strongly feel public transport limits their activities, yet they do not trust the car to ensure punctuality, creating a constant trade-off between flexibility and logistical frustration."
90301060,"That person uses Public transports if: the journey is direct without requiring any transfers and the destination activities are fixed, Use Private modes if: the trip requires high flexibility for multiple activities and the route is unlikely to have traffic, Use Soft modes if: the distance is short, allowing for a simple, direct journey that avoids congestion entirely. The choice is heavily influenced by a strong desire to avoid traffic and transfers, balanced against a concern that using public transport will restrict their activities."
90301125,"That person uses Public transports if: the destination is on a familiar route that they have habitually used and know well, Use Private modes if: the trip requires a high degree of flexibility to go anywhere at any time, especially to locations not easily reached by other means, Use Soft modes if: the journey is short and direct, allowing for complete avoidance of traffic and parking frustrations. A primary consideration is their strong aversion to traffic and parking hassles, which counteracts the car's flexibility, while their decision is strongly guided by the belief that using public transport makes the city more comfortable and welcoming."
90320178,"That person uses Public transports if: the destination is well-served by the network, allowing for a predictable and productive journey, Use Private modes if: the destination is inaccessible by other means or requires transporting bulky items, and where traffic and parking are not significant issues, Use Soft modes if: the distance is short, the weather is favorable, and the purpose of the trip allows for it. A key consideration in their choice is their lifelong experience and expert-level knowledge of the public transport system, making it a comfortable and natural option; conversely, they strongly doubt a car's ability to ensure a punctual arrival, which significantly limits its use for time-sensitive travel."
90320388,"That person uses Public transports if: the journey is direct and allows them to avoid traffic without limiting their planned activities, Use Private modes if: the need for absolute freedom to go anywhere at any time outweighs the high risk of traffic and parking hassles, Use Soft modes if: the trip is short and provides a direct, stress-free way to bypass congestion. A key consideration for this person is the constant trade-off between their intense dislike for being stuck in traffic and their preference for direct, single-mode journeys; although they are highly knowledgeable about the public transport network, they will weigh its perceived activity restrictions against the major frustrations they associate with driving."
90320560,"That person uses Public transports if: the journey is predictable and allows for the productive use of travel time, leveraging their extensive knowledge of routes and schedules. Use Private modes if: a destination is entirely inaccessible by other means, as they strongly believe cars are not reliable for arriving on time. Use Soft modes if: the distance is short, for recreation, or to connect with a public transport hub. A primary consideration is their ability to use travel time productively, coupled with a deep, lifelong familiarity and comfort with the public transport system; they strongly reject the ideas that traveling close to strangers is uncomfortable, that cars guarantee punctuality, or that public transport forces them to cancel activities."
90320647,"That person uses Public transports if: the journey is a regular, familiar route for which they know the schedule by heart, Use Private modes if: the trip is to an unfamiliar destination where they lack confidence in the public transport network or when punctuality is critical, Use Soft modes if: the travel distance is very short, making it the most convenient option for a local errand. A major consideration for this individual is that they feel captive to their usual mode of transport, strongly believing they have no other alternatives for their routine activities; while they have a very positive civic view of public transit, their use is limited by a lack of confidence in navigating any routes beyond their regular ones, although they are not at all deterred by the need to make transfers during a journey."
90320680,"That person uses Public transports if: the destination is well-served by the network and the journey allows for productive use of time, Use Private modes if: the destination is poorly served by other means or there is a need for absolute flexibility in timing and route, Use Soft modes if: the travel distance is short and the weather is favorable, often as part of a multimodal trip. A primary consideration is their strong aversion to being stuck in traffic, which significantly shapes their choice. While they have habitual routines, they frequently reconsider their mode of transport, feeling they have multiple viable options and are not bothered by traveling in crowded environments."
90320692,"That person uses Public transports if: it is their habitual, lifelong option for regular travel, as they feel they have no other alternative. Use Private modes if: a destination is absolutely inaccessible by a direct public transport route, forcing them to endure the traffic and parking hassles they strongly dislike. Use Soft modes if: the trip is short and direct, allowing them to avoid a journey that requires changing vehicles. A critical factor in their decision-making is a very strong aversion to changing modes during a trip; they feel captive to their current mode of transport and are profoundly bothered by being stuck in traffic and searching for parking, but are completely comfortable traveling close to people they do not know."
90321111,"That person uses Public transports if: the journey is predictable and the destination is well-connected to the network, especially when traffic is a potential issue. Use Private modes if: the trip demands a high degree of flexibility in route or timing that the fixed transit schedule cannot accommodate. Use Soft modes if: the distance is short, serving as a means for local errands or for connecting to a public transport hub. A key consideration is their high proficiency with the public transport system, which they know very well and find easy to navigate, strongly believing it does not limit their activities; however, they will make an exception for a private vehicle when the freedom to go anywhere at any time is the top priority."
92460083,"That person uses Public transports if: their usual mode of transport is completely unavailable and it is the absolute only option to reach a destination, Use Private modes if: traveling for any of their regular activities, as this is their default choice which they believe offers total freedom and feel they have no alternative to, Use Soft modes if: the destination is exceptionally close and the trip is purely for leisure, rather than a necessary journey. This person's decision-making is dominated by the strong conviction that their usual mode offers complete freedom to go anywhere at any time, to the point they feel they have no other choice; a key consideration is that they are perfectly comfortable traveling close to strangers, meaning any avoidance of shared transport is not due to social crowding."
92460117,"That person uses Public transports if: the destination is in an area where finding parking is known to be difficult or costly, Use Private modes if: the journey is routine and the destination offers guaranteed and convenient parking, Use Soft modes if: the trip is very short and the convenience of walking or cycling outweighs the effort of using another mode. A primary consideration is their strong aversion to looking for parking, which can override their habitual use of a private vehicle; despite feeling they often have no alternative to their usual mode, this person is highly knowledgeable about the public transport network and very comfortable traveling in close proximity to strangers, making it a viable and attractive option for destinations with poor parking."
92460172,"That person uses Public transports if: the trip is predictable and the destination is well-served by the network, allowing them to complete all their planned activities, Use Private modes if: the journey requires a high degree of flexibility to go anywhere at any time, or for complex trips that would be impossible via other means, Use Soft modes if: the distance is short and the main priority is to avoid the frustrations of traffic and searching for parking. A key consideration is the conflict between the car's perceived freedom to go anywhere and the limitations of public transport which may force them to cancel activities. This decision is further complicated by their strong dislike for traffic and parking hassles, and a feeling that for many trips, they simply have no alternative mode of transport."
92460355,"That person uses Public transports if: the destination is known to have significant parking difficulties, use Private modes if: it is their habitual choice for a trip, as they perceive it as the only reliable option for freedom and punctuality, use Soft modes if: the destination is very close and taking a vehicle is clearly impractical. A key consideration for this person is that while they are very habit-driven and feel they lack alternatives to their usual mode, their strong dislike of looking for a parking space is the most significant factor that would cause them to deviate from using a private vehicle."
92460361,"That person uses Public transports if: the journey is direct and avoids the stress of traffic and parking, leveraging their lifelong familiarity with the system. Use Private modes if: the destination is not well-served by other means and requires the absolute flexibility to go anywhere at any time. Use Soft modes if: the trip is short and simple, providing a door-to-door option that avoids transfers, traffic, and parking hassles. A crucial consideration is that this person strongly feels they have no viable alternative for their regular travel, making them very reliant on their usual habits; however, any choice is heavily influenced by a strong aversion to being stuck in traffic, searching for parking, and changing modes of transport during a journey."
92460438,"That person uses Public transports if: it is the only viable option available and the route is direct without requiring transfers. Use Private modes if: the trip requires a high degree of flexibility that other modes cannot offer and parking is guaranteed and easy. Use Soft modes if: the journey is short and convenience is more important than speed. A key consideration is that this person feels their current mode choice is dictated by a lack of alternatives; despite not being a lifelong public transport user, they strongly support its positive impact on the city and are very comfortable traveling close to strangers."
92460449,"That person uses Public transports if: the destination is part of their well-known network, as they are an expert user of the local system, Use Private modes if: it is the only option for a specific trip and parking is guaranteed, as they strongly dislike searching for a space, Use Soft modes if: the trip is for a short distance, allowing them to avoid traffic. A primary consideration is their conviction that public transit makes the city better, which is reinforced by their strong aversion to parking hassles; notably, this preference is a conscious choice rather than a lifelong habit."
92460717,"That person uses Public transports if: the destination has severe traffic or parking constraints, and the route is simple enough to navigate without prior knowledge, allowing for productive use of travel time. Use Private modes if: the journey demands flexibility, reliability, and timeliness, making the frustrations of traffic and parking a necessary trade-off. Use Soft modes if: the distance is short and the primary goal is to completely avoid the stress of traffic and the difficulty of finding parking. A crucial factor in their decision-making is the conflict between the car's convenience and their strong dislike for traffic and parking; this is compounded by a profound lack of familiarity with public transport schedules, which often reinforces a feeling that there are no other viable alternatives."
95240220,"That person uses Public transports if: the journey is a routine commute to a single, predictable destination where traffic and parking are significant deterrents, Use Private modes if: the trip requires maximum flexibility in destination and timing, or involves multiple activities that are otherwise impossible to link, Use Soft modes if: the destination is nearby, allowing them to completely avoid the boredom of traffic and the hassle of parking. A primary consideration is the trade-off between the perceived absolute freedom of a car to go anywhere, anytime, and a strong aversion to traffic delays, with the decision being heavily weighted by a belief that public transport limits their activities."
95240293,"That person uses Public transports if: the network provides a reliable and timely connection, as they are a lifelong expert user who values productivity and the social benefits of shared mobility. Use Private modes if: the destination is poorly served by the public network or travel is required outside of service hours, leveraging the car's unique flexibility for accessibility. Use Soft modes if: the distance is short or it serves as a convenient link to a public transport hub, allowing them to bypass traffic congestion. A key consideration is the person's deep-rooted expertise in public transport, contrasted with their strong belief that cars are unreliable due to traffic; although they are not bound by habit and reconsider their mode for each trip, they often feel that the specific circumstances of a journey leave them with no practical alternative to the most logical option."
95240431,"That person uses Public transports if: it is the only practical option available for their routine travel, allowing them to use their time productively. Use Private modes if: the destination is inaccessible by other means and the need for complete freedom to travel anywhere at any time outweighs the known downsides. Use Soft modes if: the journey is short and direct, allowing them to completely avoid the frustrations of traffic and parking. A key consideration is that this person strongly feels they have no alternative for their usual mode of transport, and their choices are heavily influenced by a significant dislike for being stuck in traffic and searching for parking, alongside a preference for direct, single-mode journeys."
95240439,"That person uses Public transports if: they are forced to because a private vehicle is not an option, such as visiting a destination with a complete ban on cars, Use Private modes if: for almost all activities, as they feel it is the only viable option to go wherever and whenever they want while ensuring they are on time, Use Soft modes if: for very short and direct trips where the difficulty of finding parking is a greater inconvenience than driving. A primary consideration for this person is the absolute freedom and reliability a private car provides, as they strongly feel it is their only real option for travel and that public transport is too restrictive and socially uncomfortable due to the proximity of strangers. However, their choice could be swayed by their intense dislike of searching for a parking space, the main drawback they associate with driving."
95240444,"That person uses Public transports if: the journey requires a predictable arrival time and they want to avoid the stress of traffic and parking. Use Private modes if: the destination is not accessible by other means or when the need for absolute flexibility outweighs the high probability of being delayed. Use Soft modes if: the distance is short enough to provide a reliable and efficient alternative to the frustrations associated with driving. A key consideration for this person is the significant conflict between the absolute freedom they feel a car provides and their strong belief that it is an unreliable mode for being on time due to the stress of traffic. Their comfort with traveling close to strangers makes public transport a very suitable option, which they likely prefer unless they feel a trip offers no other alternative."
95240547,"That person uses Public transports if: the route is direct and helps them avoid the traffic they strongly dislike, Use Private modes if: flexibility is the top priority or it is perceived as the only viable option for a specific trip, Use Soft modes if: the journey is short and offers a direct way to bypass traffic congestion. A key consideration is the person's internal conflict between the belief that a private car offers ultimate freedom and their intense boredom with traffic; this is compounded by a strong feeling of being compelled to use their current mode due to a lack of alternatives, despite being perfectly comfortable traveling close to strangers."
95240585,"That person uses Public transports if: the destination is well-served by the network, as they are highly knowledgeable about the routes and schedules which they find easy to understand. Use Private modes if: convenience is paramount for a trip that is not feasible with public transit, such as when traveling to remote areas or transporting heavy goods. Use Soft modes if: the journey is short and for leisure, allowing them to take advantage of good weather. A primary consideration is their frequent re-evaluation of travel options, driven by a belief that public transit improves the city, yet a notable exception to their current proficiency with public transport is that they have not used it their entire life, suggesting their behavior is a conscious, adaptable choice rather than a fixed habit."
95240671,"That person uses Public transports if: it is for a regular, habitual journey where they are confident in the network and schedules, Use Private modes if: the destination is not easily accessible by other means or the trip demands a high degree of flexibility in timing and location, Use Soft modes if: the distance is short and the trip is simple, allowing them to completely avoid traffic and parking concerns. A primary consideration for this individual is that while they strongly believe in the car's freedom to go anywhere at any time, this is weighed against their nature as a creature of habit who disagrees that the car is a reliable way to be on time."
95240987,"That person uses Public transports if: it is their habitual and primary mode for regular travel, leveraging their deep familiarity with the routes and schedules, Use Private modes if: this mode is not considered, as they indicate no experience with or access to a personal car, Use Soft modes if: the journey is for a short distance where it is more convenient than their usual public transport options. A major consideration is that this person's choice is governed by a lifelong habit rather than a daily re-evaluation; they strongly agree with knowing the public transport system very well, having always used it, and even being familiar with the drivers, while the inapplicability of car-related questions confirms that private vehicles are not an alternative for them."
96040108,"That person uses Public transports if: it is the absolute only option for a simple journey without transfers, given their profound lack of knowledge and belief that it would limit their activities. Use Private modes if: it aligns with their established, inflexible routine, which they perceive as the only way to maintain their schedule and freedom. Use Soft modes if: the destination is very close, making the strongly disliked hassles of traffic and parking impractical for a short trip. A key consideration is that this person feels trapped in their current travel pattern; while they strongly dislike the stress of traffic and finding parking, they are unwilling to reconsider their options, viewing public transport as overly complex and restrictive and disliking any journey that requires changing modes."
96040213,"That person uses Public transports if: the destination has known parking difficulties or the route is prone to heavy traffic, and the public transport option is direct and easy to understand. Use Private modes if: the journey requires flexibility in timing or destination, and a direct, single-mode trip is preferred, as this is their default choice. Use Soft modes if: the destination is very close, making driving and parking impractical for a short trip. A key consideration is that this person is a highly habitual traveler who strongly values the freedom for spontaneous travel that a car provides, yet they find public transport schedules easy to comprehend, which makes it a viable alternative when the downsides of driving are significant."
96040369,"That person uses Public transports if: the trip is for a routine activity and the destination is well-served by a network they know intimately, Use Private modes if: the journey requires a high degree of flexibility in timing or destination that public transport cannot provide, Use Soft modes if: the distance is short and the weather is favorable. A primary consideration for this person is balancing their identity as a lifelong public transport user who champions its community benefits against their strong discomfort with traveling in crowded spaces with strangers."
96040381,"That person uses Public transports if: the trip is routine and the destination is accessible by the network, as this is their familiar, lifelong mode where they feel knowledgeable and comfortable. Use Private modes if: the journey requires a level of flexibility in destination or timing that is impossible with public transport, forcing them to accept the significant downsides they perceive. Use Soft modes if: the distance is short enough to make walking or cycling the most direct and simple option, avoiding the constraints of schedules or the hassles of driving. A primary driver of their behavior is a strong belief that cars are unreliable for being on time, coupled with a deep dislike for traffic and finding parking; however, their choices are overshadowed by a strong feeling of having no real alternative for their travel needs."
96040452,"That person uses Public transports if: the journey is for a regular activity to a destination where parking is difficult, as it allows them to avoid traffic and use their travel time productively. Use Private modes if: the trip requires absolute freedom to travel to any location at any time, and this flexibility is more important than the frustrations of traffic or parking. Use Soft modes if: the distance is short or as part of a multimodal trip to connect to public transport, effectively bypassing traffic and parking concerns. A key consideration for this person, who frequently reconsiders their travel options, is weighing the car's unparalleled freedom against their strong dislike for traffic and searching for parking; while they are very knowledgeable about their usual public transport routes, they find some schedules difficult to understand, which may affect their choice for new destinations."
96040531,"That person uses Public transports if: their primary vehicle is unavailable or when traveling to a destination where using a private car is completely impractical, Use Private modes if: the trip requires flexibility, reliability for on-time arrival, or simply because it is their deeply ingrained habit for daily activities, Use Soft modes if: the destination is within a very short distance, likely for recreational or non-essential trips. The most significant consideration for this person is their powerful conviction that they are a captive user of their current transport mode, believing it provides unparalleled freedom and reliability with no viable alternatives for their needs."
96040537,"That person uses Public transports if: a direct route without transfers is available for a trip where they can be productive, but only when their usual mode is unavailable. Use Private modes if: this is their default for almost any trip, as they feel they have no other alternative and strongly value the ability to go anywhere at any time. Use Soft modes if: the trip is for a very short, utilitarian purpose where driving would be impractical. A key consideration is that while they feel captive to their current mode of transport, their choice is not influenced by discomfort around unknown people, indicating the barrier to using public transport is purely practical rather than social."
54421279,"That person uses Public transports if: it is their habitual and default choice for all routine travel, leveraging their extensive, lifelong knowledge of the network and schedules, Use Private modes if: the destination is poorly served by public transport or when absolute flexibility is needed and convenient parking is available, Use Soft modes if: the journey is short, and the hassle of driving and parking outweighs the convenience of using a vehicle. The primary consideration for this person is a conflict between the belief that a car provides ultimate freedom and a strong dislike for finding a parking space; this trade-off, combined with their feeling of having no real alternative to their usual mode, dictates their choice for any non-routine trip."
30860447,"That person uses Public transports if: the route is direct without transfers, familiar, and the schedule is straightforward. Use Private modes if: the destination is not well-served by a direct public transport line or when complete flexibility in timing and destination is the priority. Use Soft modes if: the journey is short and they represent the most direct door-to-door option. A critical factor in their decision is a strong aversion to changing modes of transport during a single trip, combined with a high value placed on the absolute freedom a car provides to travel anywhere at any time."
