ID,response
10350125,"That person uses Public transports if: the destination is in a dense area where parking is difficult or expensive, as they perceive public transport as a viable alternative that doesn't limit their activities. Use Private modes if: the trip requires high flexibility in timing or destination, punctuality is critical, and parking at the destination is not a major concern. Use Soft modes if: the trip is over a short distance, allowing for a direct journey that avoids both the parking hassles of a car and the potential transfers of public transport."
10350271,"That person uses Public transports if: the trip is routine and requires punctuality, as they perceive the car as unreliable for being on time and are not bothered by changing transport modes. Use Private modes if: the journey requires a high degree of flexibility to go anywhere at any time or involves multiple activities, even though they dislike the hassle of parking and find the car's timing unpredictable. Use Soft modes if: the trip is for a short distance where they can avoid the car's parking issues and its unreliability in traffic."
10360011,"That person uses Public transports if: it is the only perceived viable option for a routine trip, likely to a destination where the difficulty of finding parking makes using a car impractical. Use Private modes if: the journey requires a high degree of flexibility in destination or timing that public transport cannot provide, and parking is known to be easily available. Use Soft modes if: the destination is very close, making it the most direct and convenient single-mode option for a short trip."
10360024,"That person uses Public transports if: punctuality is the primary concern, as they find their car to be unreliable for arriving on time. Use Private modes if: the trip requires maximum flexibility and freedom to travel anywhere, especially when their schedule is not strict. Use Soft modes if: the distance is short or as a way to connect to other transport hubs, since they are not opposed to changing transport modes during a trip."
10360122,"That person uses Public transports if: they have no other viable choice for a specific trip, likely when traveling to a destination where parking is known to be difficult or unavailable, forcing them to use a less preferred option. Use Private modes if: the trip demands flexibility in schedule and destination, and time reliability is important, provided that parking is not a significant issue. Use Soft modes if: the distance is short enough to be practical, offering a convenient door-to-door alternative that completely bypasses the hassle of finding a parking spot."
10360159,"That person uses Public transports if: their primary vehicle is unavailable and it is the only remaining option, as they strongly dislike transfers and may not have experience with the system. Use Private modes if: this is their habitual and default choice for nearly all activities, as they strongly feel they have no other viable alternative and value the car's perceived reliability and flexibility. Use Soft modes if: the destination is extremely close for a non-essential trip, as their behavior indicates a heavy reliance on a single, motorized mode for all regular activities."
10360177,"That person uses Public transports if: their private car is unavailable and they are forced to, as they perceive it as highly restrictive to their activities, Use Private modes if: they need to maintain their usual, flexible activity schedule, as this is their habitual mode that they feel they have no alternative to, Use Soft modes if: the trip is for a non-essential purpose over a very short distance where taking a car would be highly impractical."
10360196,"That person uses Public transports if: their primary private vehicle is completely unavailable, forcing them to use a mode they view as a restrictive last resort that will limit their activities. Use Private modes if: the trip requires maximum flexibility and reliability, as they perceive their car as the only option that allows them to go anywhere at any time without having to cancel activities. Use Soft modes if: the destination is extremely close, making a car trip impractical, or for recreational purposes rather than for routine travel."
10360202,"That person uses Public transports if: their private vehicle is unavailable or its use is completely impractical for the destination, as they perceive public transport to be restrictive and inconvenient. Use Private modes if: the trip requires flexibility, punctuality, and the ability to travel door-to-door without compromising their schedule, making it their default and habitual choice. Use Soft modes if: the destination is extremely close and the trip is for leisure or non-essential purposes where time is not a critical factor."
10360205,"That person uses Public transports if: it is their habitual mode for a direct journey, as they feel they have no better alternative and it provides sufficient access for their activities. Use Private modes if: the trip is highly time-sensitive where punctuality is critical and the hassle of parking is minimal. Use Soft modes if: the destination is very close, making it the most direct and convenient option for a short trip."
10360217,"That person uses Public transports if: it is the only viable option available for their trip, as they feel captive to their mode and find public transport restrictive to their activities. Use Private modes if: the journey requires high flexibility to go anywhere at any time, particularly for complex trips, despite the unreliability of arrival times and the dislike of parking. Use Soft modes if: the travel distance is short, allowing for a direct journey that completely avoids the problem of looking for a parking space."
10360266,"That person uses Public transports if: it is their primary and default mode for most journeys, as they feel they have no other viable alternative and it adequately serves their activity needs. Use Private modes if: it is an exceptional circumstance where no other option is available, as they perceive cars as unreliable for punctuality and inconvenient due to parking. Use Soft modes if: the distance is short or as a means to connect to the public transport network, since they are not bothered by changing transport modes during a trip."
10360322,"That person uses Public transports if: the destination has severe parking constraints, making the car impractical, and the trip can be completed without changing transport modes. Use Private modes if: the journey is part of their established daily routine, where flexibility, door-to-door travel, and punctuality are paramount to maintaining their lifestyle. Use Soft modes if: the travel distance is very short, making it more convenient to walk or bike than to deal with the hassle of driving and finding a parking spot."
10360465,"That person uses Public transports if: their private vehicle is unavailable or for specific trips where driving is not feasible, despite believing it will be inconvenient and limit their activities. Use Private modes if: for their habitual daily travel, as they perceive it as their only viable alternative that provides crucial flexibility, reliability, and door-to-door convenience. Use Soft modes if: the destination is extremely close, making it the most practical and direct option for a very short trip."
10360526,"That person uses Public transports if: the car is unavailable or parking at the destination is extremely difficult, as they perceive public transport as restrictive and dislike transfers. Use Private modes if: flexibility and a predictable arrival time are critical for their activities, and parking is not a major issue. Use Soft modes if: the travel distance is short, as this provides a door-to-door option that completely avoids the disliked task of searching for a parking space."
10360536,"That person uses Public transports if: their private vehicle is unavailable or when traveling to a destination where parking is known to be extremely difficult or prohibitively expensive, forcing them to use an option they perceive as restrictive. Use Private modes if: the trip requires flexibility, reliability, and freedom to go anywhere at any time, which makes it their habitual and preferred choice for most activities. Use Soft modes if: the destination is very close, making walking or cycling the most direct and convenient option for a simple, short-distance journey where parking a car would be a significant hassle."
10360574,"That person uses Public transports if: punctuality is the main priority for a trip, as they find the car unreliable for arriving on time and are comfortable with interchanges. Use Private modes if: the trip requires high flexibility in destination or timing, which they feel only a car can provide, preventing them from having to cancel activities. Use Soft modes if: the trip covers a short distance or is part of a larger multimodal journey, as they do not have a single usual mode of transport and are willing to combine different options."
10360575,"That person uses Public transports if: the destination has significant parking constraints and a direct, reliable service is available, making it a more predictable option than driving, Use Private modes if: the trip requires flexibility in timing and destination, or is part of their established daily routine where they perceive no other viable option, Use Soft modes if: the travel distance is very short, such as for a quick local errand or the final leg of a journey, where the hassle of using a vehicle outweighs the convenience."
10360624,"That person uses Public transports if: the destination is too far to walk or bike, as they feel they have no other alternative due to a lack of personal vehicle access. Use Private modes if: they are a passenger in a vehicle driven by someone else (e.g., a ride from a friend, taxi, or ride-hailing), as they do not have access to a car for their own trips. Use Soft modes if: the destination is close enough to be reached conveniently, representing the most direct and simple option available for short distances."
10540031,"That person uses Public transports if: the journey is for a routine activity, as they are highly habituated to a usual mode and feel they have no other viable alternative. Use Private modes if: a trip requires absolute flexibility in destination and timing that their regular transport cannot provide, reflecting their strong belief in a car's ability to go ""wherever and whenever"". Use Soft modes if: the distance is very short, likely for accessing a public transport stop or for a quick local errand."
10540046,"That person uses Public transports if: the trip requires a predictable arrival time and the destination is well-served, as they do not find the car reliable for punctuality. Use Private modes if: the destination is poorly served by other options or the trip requires maximum flexibility, as they feel they often have no alternative and see the car as a way to go anywhere. Use Soft modes if: the travel distance is very short, making it the most direct and practical choice, especially since they are open to combining different modes of transport."
10540063,"That person uses Public transports if: their private vehicle is completely unavailable, as they strongly believe public transport restricts their freedom and forces them to cancel activities. Use Private modes if: this is their default for virtually all activities, as they feel it is their only viable alternative and provides essential freedom and punctuality. Use Soft modes if: the distance is extremely short and part of a larger car-based trip, such as walking from a parking spot to the final destination, but not for a primary journey."
10540066,"That person uses Public transports if: the car is not a viable option due to severe parking difficulties at the destination and a direct, transfer-free public route exists. Use Private modes if: it is their habitual and preferred choice for its perceived reliability and flexibility, especially when parking is not a major issue. Use Soft modes if: the distance is very short, making it the most direct and convenient option over dealing with a vehicle."
10540130,"That person uses Public transports if: the destination is known to have significant parking difficulties and the transit schedule is convenient enough not to restrict their activities. Use Private modes if: the trip requires a high degree of flexibility in destination and timing, or when it is perceived as the only practical option available for a necessary journey. Use Soft modes if: the distance is short, allowing them to completely avoid the hassles of both parking and potential traffic."
10540168,"That person uses Public transports if: they perceive there is no other viable option to reach their destination, likely because a car is unavailable or parking is known to be impossible, despite viewing this mode as highly restrictive to their activities. Use Private modes if: the trip requires high flexibility in time and destination and a guarantee of punctuality, especially when their schedule is tight and they need a direct, single-mode journey. Use Soft modes if: the destination is nearby and the anticipated difficulty of finding parking for a car makes a short walk or bike ride a more convenient door-to-door option."
10540188,"That person uses Public transports if: it is their main and habitual mode for necessary travel, as they feel they have no other viable alternative for longer distances. Use Private modes if: this is generally not an option, as the responses indicate a lack of access to a private vehicle. Use Soft modes if: the travel distance is short and the trip can be completed directly, avoiding the transfers they dislike and the activity limitations they associate with public transport."
10540202,"That person uses Public transports if: their private vehicle is completely unavailable, as they perceive public transport as a restrictive option that would limit their activities. Use Private modes if: for nearly all trips, as they feel they have no other alternative and strongly value the car's flexibility, are not deterred by parking, and prefer direct, single-mode journeys. Use Soft modes if: the travel distance is very short and incidental, as their primary travel behavior is built around the convenience and perceived necessity of their car."
10540306,"That person uses Public transports if: a predictable arrival time is crucial and the destination is in an area where parking is a known problem, as they disagree that the car is reliable for being on time. Use Private modes if: the trip requires absolute freedom and flexibility in destination and timing, which they strongly associate with their car, and potential delays or parking difficulties are acceptable trade-offs. Use Soft modes if: the trip is for a short distance, allowing them to completely avoid the traffic uncertainty and parking frustrations they dislike about driving."
10540351,"That person uses Public transports if: their primary private vehicle is unavailable or impractical for a specific destination, as they perceive public transport to be a restrictive option that limits their activities. Use Private modes if: the trip is part of their daily routine, as they feel they have no other alternative and strongly value the freedom to travel wherever and whenever they want. Use Soft modes if: the travel distance is very short for a non-essential trip or for recreational purposes where convenience and flexibility are not the primary concerns."
10540396,"That person uses Public transports if: the travel plan is simple with a fixed schedule, as they strongly believe it restricts their ability to perform certain activities. Use Private modes if: the journey requires a high degree of flexibility for a complex schedule with multiple activities that public transport cannot accommodate. Use Soft modes if: the destination is nearby for a single-purpose trip where the flexibility of a car is unnecessary and the constraints of public transport are avoidable."
10540462,"That person uses Public transports if: it is the only perceived viable option for their regular travel, making them a captive user despite finding it limiting. Use Private modes if: the trip requires a high degree of punctuality and flexibility that other modes cannot offer, and parking at the destination is guaranteed and convenient. Use Soft modes if: the destination is very close, allowing for a direct, single-mode journey that is more convenient than navigating the public transport system."
10540515,"That person uses Public transports if: it is for a routine or daily activity, as they perceive it as their only viable option and it accommodates their schedule without issue. Use Private modes if: the trip requires a high degree of flexibility to go somewhere not easily accessible by other means, and punctuality is not a primary concern due to traffic and parking challenges. Use Soft modes if: the travel distance is short, especially to a destination with known parking difficulties, or for the first/last mile of a public transport journey."
10540518,"That person uses Public transports if: it is their habitual mode for a regular trip and they perceive no other viable alternative is available, Use Private modes if: they gain access to one for a trip that requires a high degree of flexibility in time or destination that public transport cannot provide, Use Soft modes if: the destination is close enough to be reached directly without needing to transfer to another mode of transport."
10540548,"That person uses Public transports if: the destination has significant parking challenges and the service is convenient enough that it does not force them to cancel their planned activities. Use Private modes if: this is their default for most activities, as they feel they have no other alternative and value the flexibility to go anywhere at any time. Use Soft modes if: the trip is for a very short distance where the hassle of finding a parking spot outweighs the convenience of driving."
10540560,"That person uses Public transports if: there is no other alternative for the trip, forcing them to use it despite it being very restrictive to their schedule and activities. Use Private modes if: the destination requires maximum flexibility in terms of location and timing, and they are willing to tolerate potential delays and the significant hassle of finding parking. Use Soft modes if: the trip is short and predictable, allowing them to control their arrival time and completely avoid the issues of parking and traffic congestion."
10540563,"That person uses Public transports if: the service is convenient and does not restrict their ability to perform their planned activities, particularly for trips where changing modes is acceptable. Use Private modes if: it is their habitual, primary choice for trips where flexibility and punctuality are key, and they are not concerned about the difficulty of finding parking. Use Soft modes if: the travel distance is short or when it is part of a multi-modal journey, such as walking to a train station, since they are open to combining transport modes."
10540647,"That person uses Public transports if: the destination is difficult to access by car due to factors like severe congestion or lack of parking, and the fixed schedule does not force them to cancel other planned activities. Use Private modes if: the journey requires flexibility, reliability to be on time, and the freedom to go anywhere without compromising their schedule or activities. Use Soft modes if: the distance is very short, time is not a critical factor, and the trip is for a recreational purpose or a minor errand."
10540659,"That person uses Public transports if: their private vehicle is completely unavailable and it is the only remaining alternative for a necessary trip, as they dislike transfers, Use Private modes if: they need to travel for any activity, as they perceive their car as the only reliable and flexible option that gets them there on time, Use Soft modes if: the distance is very short, such as walking from their parked car to the final destination, or for recreation."
10540660,"That person uses Public transports if: their private vehicle is completely unavailable and there are no other direct travel alternatives, as they perceive having no other choice and dislike interchanges. Use Private modes if: they need guaranteed reliability and the flexibility to go anywhere at any time, as this is their habitual and perceived only viable option for their activities. Use Soft modes if: the destination is at a very short distance where the hassle of finding a parking spot for a car outweighs the convenience of driving."
10540672,"That person uses Public transports if: travel time predictability is crucial and parking at the destination is known to be difficult or expensive, making the car a less practical option. Use Private modes if: the journey is part of a regular routine or requires the flexibility to go anywhere at any time, and parking is not a significant concern. Use Soft modes if: the destination is very close, making it the most convenient and direct door-to-door option, thereby avoiding the hassle of parking a car for a short trip."
10540803,"That person uses Public transports if: the destination is well-served and has significant parking challenges, and the travel plan is simple enough not to conflict with the fixed transit schedule. Use Private modes if: the trip is complex or to a poorly-served location where the flexibility is essential to avoid cancelling activities, making it a choice of necessity rather than convenience. Use Soft modes if: the distance is short, allowing them to have full control over their schedule and completely avoid the hassles of parking and the activity limitations perceived with public transport."
10980111,"That person uses Public transports if: their private vehicle is unavailable, as they feel they have no other viable alternative and perceive public transport as limiting their activities. Use Private modes if: they require flexibility, punctuality, and a direct, single-mode journey to their destination. Use Soft modes if: the travel distance is very short and the trip is for a non-essential or recreational purpose that does not require subsequent travel."
10980195,"That person uses Public transports if: the car is unavailable or impractical and the destination can be reached via a direct route without transfers, Use Private modes if: they require flexibility, reliability, and the freedom to go wherever and whenever they want without compromising their activities, Use Soft modes if: the destination is very close, making it more convenient or faster to walk or bike than to use the car."
11460027,"That person uses Public transports if: it is their habitual mode of transport for which they perceive no viable alternative, particularly for journeys that can be completed without changing lines. Use Private modes if: this option is not applicable, as the individual does not have access to a car. Use Soft modes if: the destination is within a short, convenient distance that makes walking or cycling a practical alternative to their usual mode of transport."
11460028,"That person uses Public transports if: their private vehicle is unavailable or travel to the destination by car is impossible, as they perceive it as a highly restrictive last resort that limits their activities and requires undesirable transfers. Use Private modes if: for virtually all daily travel, as it is their default, habitual mode that provides a strong sense of freedom, flexibility, and reliability for being on time, and they are not deterred by challenges like parking. Use Soft modes if: for very short-distance, non-essential, or recreational trips where the convenience and flexibility of a car are not required."
14050001,"That person uses Public transports if: the journey is direct and does not require transfers, as they see it as a viable option that doesn't limit their activities, even if it is not their preferred mode. Use Private modes if: the trip requires maximum flexibility in timing and destination, as they strongly value the freedom and perceived reliability of their car and prefer a single, uninterrupted journey. Use Soft modes if: the distance is very short and the trip is for a simple, local errand where taking a car would be less convenient."
14050075,"That person uses Public transports if: the destination is known to have difficult or expensive parking, as they perceive public transport as a viable alternative that does not limit their activities. Use Private modes if: the journey requires maximum flexibility and guaranteed on-time arrival, as they strongly value the car's ability to go anywhere at any time and prefer a single, seamless mode of travel. Use Soft modes if: the trip is for a short distance, offering a convenient door-to-door solution that completely bypasses the disliked hassle of finding a parking space."
14050134,"That person uses Public transports if: the destination is difficult or costly to access by car, as they view it as a viable alternative that does not limit their activities and are not bothered by transfers. Use Private modes if: the trip requires maximum flexibility, freedom, and guaranteed punctuality, which is their default choice for most activities as they are not deterred by looking for parking. Use Soft modes if: the distance is very short, for recreation, or as a necessary part of a public transport journey, like walking to the station."
19130147,"That person uses Public transports if: the journey involves a direct route without any transfers and the destination is well-served, ensuring no activities need to be canceled. Use Private modes if: it is the absolute last resort for a trip where public transport is too restrictive and the distance is too far for soft modes, despite the strong dislike for parking and perceived unreliability. Use Soft modes if: the destination is at a short to medium distance, allowing for a direct, single-mode journey that completely avoids the hassles of parking and transfers."
19130148,"That person uses Public transports if: it is the only available option, as they perceive it to be highly restrictive to their activities and dislike transfers. Use Private modes if: the need for maximum flexibility to go anywhere at any time is the priority, and this benefit outweighs their strong dislike of searching for parking. Use Soft modes if: the distance is short and the destination is direct, allowing them to avoid both the hassle of parking and the inconvenience of changing transport modes."
19130179,"That person uses Public transports if: the destination has significant parking difficulties and a direct, single-mode journey is available that does not limit their planned activities, Use Private modes if: it is for a habitual journey or when maximum flexibility is needed to go anywhere at any time, as they perceive it as their only viable option, Use Soft modes if: the trip is for a very short and non-essential purpose where the complexity of using a car is unnecessary."
19130202,"That person uses Public transports if: the destination has severe parking constraints, making the car impractical, even though they feel it will limit their activities. Use Private modes if: they need the flexibility to go anywhere, be on time, and complete a full schedule of activities, as this is their habitual and perceived only viable option. Use Soft modes if: the destination is very close by, and the time and hassle saved by not having to find a parking spot outweigh the convenience of driving."
19130205,"That person uses Public transports if: the journey is direct, requiring no changes or transfers, and goes to a destination where parking a car is extremely difficult or costly. Use Private modes if: the trip requires a high degree of flexibility in timing and destination, and parking is readily available or not a major issue. Use Soft modes if: the destination is nearby, making it the most convenient and simple option for a short trip, thereby avoiding the disliked task of searching for a parking spot."
19130213,"That person uses Public transports if: their private vehicle is unavailable, forcing them to use an alternative they perceive as restrictive and limiting to their activities. Use Private modes if: the trip requires flexibility in destination and timing, and a reliable arrival is important, making it their habitual and preferred choice. Use Soft modes if: the destination is extremely close and the trip is likely for recreational or non-essential purposes where time is not a critical factor."
19130685,"That person uses Public transports if: the destination has severe parking constraints and is reachable via a direct service that does not require transfers, Use Private modes if: the trip is essential for their daily activities, as they feel it is the only viable option that provides the flexibility to go anywhere at any time, Use Soft modes if: the destination is at a very short distance where driving would be completely impractical."
19130767,"That person uses Public transports if: their private vehicle is unavailable and the destination is accessible via a single, direct route, as they strongly dislike transfers, Use Private modes if: they require flexibility to go anywhere at any time and need a high degree of certainty about their arrival time, Use Soft modes if: the destination is at a very short distance where the inconvenience of finding a parking spot outweighs the benefit of driving."
19130797,"That person uses Public transports if: their private vehicle is unavailable or the destination is inaccessible by car, forcing them to use a mode they perceive as restrictive and requiring inconvenient changes. Use Private modes if: the journey requires maximum flexibility in destination or schedule, as this is their default and habitual choice which they believe is the only option that allows them to complete all their desired activities. Use Soft modes if: the travel distance is very short, allowing for a complete, single-mode journey for a minor activity where a car is not necessary."
19130963,"That person uses Public transports if: a direct, single-vehicle route is available to a destination where traffic and parking are exceptionally difficult, as they strongly dislike transfers. Use Private modes if: the journey requires flexibility and directness, as this is their habitual mode valued for its go-anywhere convenience, despite being aware of its unreliability in terms of timing. Use Soft modes if: the distance is short, as this provides a reliable, door-to-door alternative that completely avoids the traffic and parking frustrations they associate with driving."
19131061,"That person uses Public transports if: their private vehicle is completely unavailable, as they strongly believe they have no other alternative for their activities, Use Private modes if: they require maximum flexibility and guaranteed punctuality, as this is their default and habitual mode for all travel, Use Soft modes if: the trip is for recreation or the destination is in immediate proximity, as all functional travel is planned around the car."
19650022,"That person uses Public transports if: the destination has significant parking difficulties, as they are comfortable with transfers and do not believe it limits their activities. Use Private modes if: it is perceived as the only viable option for a trip or when maximum flexibility is required, making it their default and habitual choice. Use Soft modes if: the distance is short enough to completely avoid the hassle of finding a parking spot for their car."
19650059,"That person uses Public transports if: their primary vehicle is unavailable or when traveling to a destination with extreme parking restrictions, as they perceive public transport to be highly limiting to their activities. Use Private modes if: conducting any time-sensitive or multi-stop journey, as they are a habitual car user who strongly values the freedom, flexibility, and reliability it provides and is not deterred by looking for parking. Use Soft modes if: the trip is for recreational purposes or over a very short distance where the car's advantages in speed and range are irrelevant."
19650139,"That person uses Public transports if: the trip is simple and does not restrict their ability to complete other activities, as they perceive it as a limiting option. Use Private modes if: they need maximum flexibility to go anywhere at any time and ensure all their planned activities can be accomplished, as this is their habitual and preferred choice. Use Soft modes if: the trip is for a very short distance or is used to connect to another form of transport, given their willingness to change modes during a journey."
19650161,"That person uses Public transports if: the destination has significant parking difficulties that outweigh the perceived inflexibility and limitations of the service. Use Private modes if: the trip requires flexibility, punctuality, and the ability to chain multiple activities, as the car is seen as the primary tool for freedom and reliability. Use Soft modes if: the distance is very short, making it the most convenient door-to-door option that completely avoids the disliked task of finding a parking space."
19650217,"That person uses Public transports if: their private vehicle is unavailable and it is the only remaining option, as they feel constrained in their travel choices and do not perceive public transport as a viable alternative for their usual activities. Use Private modes if: this is their habitual and default choice for almost any trip, as they strongly value the freedom, flexibility, and time reliability that a car provides. Use Soft modes if: the trip is for recreation or a very short, non-essential errand where distance and time are not significant constraints."
19650242,"That person uses Public transports if: the destination has severe parking difficulties and the journey is simple, not compromising other planned activities, Use Private modes if: the need for flexibility to reach multiple or poorly-served destinations is paramount, making it the only perceived option to avoid canceling activities, Use Soft modes if: the travel distance is very short, making it the most convenient way to avoid the significant hassle of finding a parking spot."
19650257,"That person uses Public transports if: it is for a regular, habitual activity, as they feel they have no other viable alternative for these trips despite the limitations. Use Private modes if: they need the flexibility to engage in specific activities that would otherwise be cancelled if they relied on public transport. Use Soft modes if: the trip is for a very short distance or to connect parts of a journey, as they are not bothered by changing transport modes."
19650327,"That person uses Public transports if: the journey is direct without requiring transfers and goes to a destination where parking is known to be a significant problem, Use Private modes if: the trip is highly time-sensitive or involves multiple stops where easy and predictable parking is available, Use Soft modes if: the destination is for a routine activity and is at a short, manageable distance, as this aligns with their preference for habitual, direct travel."
19650328,"That person uses Public transports if: the destination is known to have difficult or expensive parking, as this avoids their strong dislike of looking for a parking spot. Use Private modes if: the trip requires high flexibility in timing and destination, and parking is guaranteed to be easy and available. Use Soft modes if: the travel distance is short and the trip is for a local, routine activity where using a car would be inconvenient."
19650586,"That person uses Public transports if: it is for their daily, routine travel, as they feel they have no other viable alternative. Use Private modes if: being on time is the most critical factor for a specific journey. Use Soft modes if: the trip is over a short distance or it is to get to a public transport station."
19650626,"That person uses Public transports if: it is for a routine trip to a destination where parking is an issue, as they are comfortable with transfers. Use Private modes if: punctuality is the most important factor for a specific journey. Use Soft modes if: the destination is nearby, making it the most convenient way to avoid parking problems."
19650656,"That person uses Public transports if: the destination has severe parking constraints (difficulty or high cost) that outweigh the car's convenience, Use Private modes if: the journey requires flexibility, reliability, and the ability to complete multiple activities, as this is their strongly preferred and habitual choice, Use Soft modes if: the travel distance is very short, making it the most direct door-to-door option and avoiding the disliked task of finding a parking spot."
28000344,"That person uses Public transports if: it is for their regular, daily activities, as they have a habitual mode of transport and do not feel limited by the public network. Use Private modes if: there is an absolute lack of any other viable option, given their strong dislike of parking and perception that cars are not reliable for punctuality. Use Soft modes if: the distance is short or as a component of a multi-modal trip, such as walking to a train station."
28000366,"That person uses Public transports if: the journey is direct and does not require changing vehicles, Use Private modes if: it is the only available option for a trip where parking is guaranteed and not a problem, Use Soft modes if: the destination is close enough to be reached conveniently, avoiding the hassles of parking and transfers."
28000367,"That person uses Public transports if: the travel distance is too long for walking or cycling, or when the weather is unfavorable for active travel. Use Private modes if: there is an exceptional circumstance, such as being a passenger in someone else's vehicle or for a specific task where no other mode is practical, as they do not appear to use a car regularly. Use Soft modes if: the destination is within a manageable distance and the weather is pleasant, making it the most convenient and direct option."
28000414,"That person uses Public transports if: the journey is part of their regular routine, as they feel it is their only viable option and it does not restrict their activities. Use Private modes if: there is an exceptional circumstance or they are a passenger, as they strongly perceive private cars as unreliable and inflexible. Use Soft modes if: the distance is short or it is to connect to a public transport hub, as they are comfortable with transfers and multimodal travel."
28000449,"That person uses Public transports if: the destination has significant parking difficulties and the travel plan is simple, not requiring the flexibility for multiple activities. Use Private modes if: the need for freedom and the ability to go anywhere at any time is the top priority, outweighing the strong dislike of finding a parking space. Use Soft modes if: the trip is for a short, local distance where avoiding parking hassles and potential traffic is the main concern."
28000646,"That person uses Public transports if: the destination has significant parking difficulties and is served by a direct route that does not require transfers, Use Private modes if: it is their habitual, default choice for trips where flexibility is key and they perceive it as their only viable alternative, Use Soft modes if: the distance is very short, making the inconvenience of finding a parking spot greater than the effort of the journey itself."
28240317,"That person uses Public transports if: the destination is known to have difficult or expensive parking, as they do not feel public transport restricts their activities and are not bothered by transfers. Use Private modes if: the trip requires maximum flexibility in destination and timing, as they feel captive to their current mode and perceive the car as the most reliable and liberating option. Use Soft modes if: the trip is for very short, local errands or to connect to another mode of transport, where the hassle of finding a parking spot outweighs the benefit of driving."
28240376,"That person uses Public transports if: **the destination has significant parking difficulties, making the inconvenience of finding a parking spot greater than the perceived limitations of the public transport schedule.** Use Private modes if: **the journey requires a high degree of flexibility and punctuality, and convenient parking is anticipated at the destination.** Use Soft modes if: **the distance is short or as part of a multi-modal journey to connect with public transport, as they are not averse to changing transport modes during a trip.**"
28240476,"That person uses Public transports if: the destination is served by a direct route without transfers, especially when driving is clearly disadvantageous due to factors like severe congestion or guaranteed parking unavailability. Use Private modes if: it is their habitual, default choice for most journeys, valuing the high degree of flexibility, reliability for punctuality, and the convenience of a seamless trip. Use Soft modes if: the travel distance is very short, making it the most practical and efficient option for a local trip."
28240485,"That person uses Public transports if: the trip does not require the absolute flexibility or guaranteed punctuality that they strongly associate with a car, Use Private modes if: the journey demands maximum freedom in destination and timing, and when being on time is a critical requirement, Use Soft modes if: the destination is nearby and the trip is for an activity where travel time is not a primary concern."
28240517,"That person uses Public transports if: the destination has significant parking difficulties and the transit service is direct, as they perceive public transport to be restrictive to their activities. Use Private modes if: the trip requires a high degree of flexibility in timing and destination, as this is their habitual mode which they feel offers unparalleled freedom. Use Soft modes if: the distance is very short, making the hassle of finding a parking spot for a car greater than the effort of walking or cycling."
28240945,"That person uses Public transports if: the destination has extremely difficult or expensive parking and the trip is simple enough that it does not force them to cancel other activities, Use Private modes if: they require flexibility and reliability to go wherever and whenever they want, as this is their default mode for maintaining a full schedule of activities, Use Soft modes if: the trip is over a very short distance where the hassle of finding a parking spot outweighs the convenience of driving."
28240955,"That person uses Public transports if: their private car is completely unavailable, as they feel public transport severely restricts their activities. Use Private modes if: the trip requires flexibility, reliability, and punctuality, making it their habitual and default choice for almost all travel. Use Soft modes if: the destination is at a very short distance for a non-essential activity, as they strongly dislike changing transport modes during a journey."
28240997,"That person uses Public transports if: it is their habitual choice for routine travel, as they find it reliable and it sufficiently covers all their activity needs. Use Private modes if: the destination is completely inaccessible by public transport and time sensitivity is not a factor, given their strong belief that cars are unreliable for punctuality. Use Soft modes if: the distance is short or as a necessary part of a public transport journey, such as walking to a station, since they are very comfortable with multi-part trips."
28241048,"That person uses Public transports if: the destination has significant parking challenges and the journey can be completed directly without changing vehicles, Use Private modes if: it is their habitual, default option for activities requiring maximum flexibility in destination and timing, as they perceive it as their only viable alternative, Use Soft modes if: the travel distance is very short, making it more convenient to walk or bike than to deal with the car and the hassle of finding a parking spot."
28241131,"That person uses Public transports if: the journey is a regular, routine trip to a destination where parking is a significant problem and the public transport route is direct, avoiding the need for transfers. Use Private modes if: the need for flexibility to reach a destination not easily accessible by other means outweighs the risk of unpredictable travel times and the hassle of parking. Use Soft modes if: the trip is over a short distance where driving would be impractical due to parking difficulties, making walking or cycling the most convenient option."
28241229,"That person uses Public transports if: traveling to a destination where parking is known to be difficult or expensive, as they dislike searching for parking and are open to transfers. Use Private modes if: the trip requires a high degree of flexibility and punctuality, and parking at the destination is not a concern, making it their default, reliable choice. Use Soft modes if: the trip is for a very short distance, likely for local errands or connecting to a public transport hub."
28241263,"That person uses Public transports if: it is the only perceived viable option for their habitual, routine journeys, Use Private modes if: it is the only option available, as they do not appear to have regular access to a private vehicle, Use Soft modes if: the destination is very close and their primary mode is impractical for such a short distance."
28420050,"That person uses Public transports if: the journey is time-sensitive, such as a commute, as they feel they have no other reliable alternative to arrive on time. Use Private modes if: the destination is difficult to reach by other means and flexibility is more important than a punctual arrival. Use Soft modes if: the travel distance is short for local errands or leisure, as they do not have a single default mode for all their activities."
28420052,"That person uses Public transports if: the destination is well-served by transit and the trip does not require the extensive flexibility that they associate with their car, Use Private modes if: the trip is part of their regular routine and requires a high degree of flexibility and perceived reliability, Use Soft modes if: the travel distance is short, making it the most practical option, or when it serves as a connection to another mode of transport."
28420153,"That person uses Public transports if: the destination is in a dense urban center where the difficulty and stress of finding parking are significant enough to outweigh the perceived loss of flexibility and activities. Use Private modes if: the journey requires a high degree of freedom to go anywhere at any time, especially for routine activities where parking is manageable and available. Use Soft modes if: the travel distance is short, and the convenience of avoiding both parking hassles and the rigidity of public transport schedules makes it the most efficient choice for the trip."
28630053,"That person uses Public transports if: it is for their regular, habitual activities, as they feel they have no alternative and public transport does not limit their plans. Use Private modes if: the journey is non-routine and requires the flexibility to go anywhere at any time, which they strongly associate with car use. Use Soft modes if: the distance is short or as part of a multi-modal journey, since they are comfortable with transferring between different means of transport."
28640075,"That person uses Public transports if: the destination has notoriously difficult or expensive parking and can be reached by a single, direct transit line, as they perceive public transport as restrictive and dislike transfers. Use Private modes if: the trip requires flexibility in timing or destination and parking is manageable, as they strongly value the freedom and perceived reliability of their car. Use Soft modes if: the destination is very close, allowing the entire journey to be completed in a short, single trip without needing another mode of transport."
30330009,"That person uses Public transports if: the trip requires a predictable and reliable arrival time, as they perceive public transport as not limiting their activities and view the car as unreliable for being on time. Use Private modes if: the trip demands absolute flexibility in destination and timing that other modes cannot offer, and when the hassle of finding a parking space is not a major concern. Use Soft modes if: the trip is over a short distance, allowing them to conveniently avoid the significant frustration of searching for a parking spot."
30330170,"That person uses Public transports if: the destination is known to have significant parking difficulties, as this avoids a major point of frustration. Use Private modes if: the trip requires a high degree of flexibility in timing and destination, and punctuality is critical, making the car their default choice for its perceived freedom and reliability. Use Soft modes if: the travel distance is short enough that walking or cycling is more convenient than the effort of driving and parking."
30330172,"That person uses Public transports if: the travel destination is subject to traffic congestion or has limited parking, as they perceive public transport as a reliable and non-restrictive alternative. Use Private modes if: the journey is not time-sensitive and the destination offers easy, guaranteed parking, which are two major deterrents for them. Use Soft modes if: the travel distance is short, as this allows them to completely avoid the unreliability and parking hassles they associate with car travel."
30330216,"That person uses Public transports if: a direct route without transfers is available and arriving at a precise time is more important than flexibility, Use Private modes if: the journey requires a high degree of flexibility in destination or timing and the trip must be completed without changing transport mode, Use Soft modes if: the destination is nearby, allowing for a short, predictable, and direct journey."
30330238,"That person uses Public transports if: the destination is known to have difficult or expensive parking, as they are neutral about transfers and don't feel public transport is overly restrictive. Use Private modes if: the trip requires a high degree of flexibility and freedom to go anywhere at any time, especially when parking is known to be easy. Use Soft modes if: the travel distance is short, as this would be the most convenient way to avoid the parking hassles they dislike."
30330301,"That person uses Public transports if: the journey is simple and direct, avoiding the need for transfers which they dislike. Use Private modes if: the trip requires a high degree of flexibility to go anywhere at any time, and they know that parking will not be a significant issue at the destination. Use Soft modes if: the destination is close enough that the inconvenience of finding a parking spot for a car outweighs the effort of walking or cycling."
30330302,"That person uses Public transports if: the journey is direct without requiring any transfers and the destination has significant parking challenges, Use Private modes if: flexibility is the top priority for the trip and parking at the destination is easy and convenient, Use Soft modes if: the travel distance is short, as this provides a seamless door-to-door journey while avoiding the disliked tasks of parking and changing transport modes."
30330353,"That person uses Public transports if: it is for a primary, routine journey where they feel they have no other choice and the service provides a direct route without requiring transfers. Use Private modes if: the destination is poorly served by other options, has guaranteed and easy parking, and the trip is not time-sensitive. Use Soft modes if: the travel distance is short, allowing for a predictable and direct journey that avoids the hassles of parking and traffic."
30330369,"That person uses Public transports if: being on time is important and the destination is likely to have significant parking difficulties. Use Private modes if: the trip requires a high degree of flexibility to go anywhere at any time, and punctuality is not the main priority. Use Soft modes if: the travel distance is short, as this choice avoids the main frustrations of car use, namely unpredictable travel times and the hassle of finding a parking space."
30330513,"That person uses Public transports if: the destination is in a congested area where parking is difficult, as they are not bothered by transfers and do not find public transport limiting. Use Private modes if: the destination is poorly served by other options and has guaranteed parking, as they value the car's flexibility but are deterred by its unreliability and the hassle of finding parking. Use Soft modes if: the distance is short, allowing them to completely avoid the travel time uncertainty and parking issues they associate with driving."
30330536,"That person uses Public transports if: the destination has difficult or expensive parking and the journey can be completed on a single, direct route without transfers, Use Private modes if: the trip requires maximum flexibility to go anywhere, anytime, or involves multiple activities that would otherwise be cancelled, Use Soft modes if: the destination is close enough for a short, direct journey, thereby avoiding the inconvenience of finding a parking spot."
30330558,"That person uses Public transports if: travel time reliability is important and the destination is known to have parking difficulties, as they are not deterred by transfers and feel public transport is a viable alternative. Use Private modes if: the trip requires maximum flexibility in destination or schedule, and the potential for traffic delays and parking hassles are considered acceptable trade-offs. Use Soft modes if: the distance is short, which allows them to completely avoid the traffic and parking issues they dislike about driving."
30330624,"That person uses Public transports if: it is their regular, habitual mode for most planned journeys, as they feel it does not limit their activities and are comfortable with transfers, Use Private modes if: it is the absolute last resort for a trip where no other viable option exists, given their strong dislike for parking and perception of cars as inflexible and unreliable, Use Soft modes if: the destination is close enough for a short trip or when needing to connect to the public transport network."
30330653,"That person uses Public transports if: the journey is time-sensitive and requires punctuality, as they perceive the car as unreliable for being on time and are very comfortable with making transfers between different modes. Use Private modes if: the trip requires a high degree of flexibility to go anywhere at any time, and the schedule is not strict. Use Soft modes if: the trip is over a short distance or when connecting to a public transport hub as part of a longer, multimodal journey."
30330770,"That person uses Public transports if: the destination has difficult parking and the journey is direct without requiring transfers, Use Private modes if: the trip requires high flexibility to go anywhere at any time and parking is known to be easy, Use Soft modes if: the distance is short for a routine activity, as it avoids the punctuality issues and parking hassles associated with their car."
30330920,"That person uses Public transports if: it is their default and habitual choice for most regular travel, as they feel it is their only viable option and it does not restrict their activities. Use Private modes if: there is an absolute necessity to reach a destination that is completely inaccessible by public transport, given their strong aversion to a car's unreliability and parking issues. Use Soft modes if: the travel distance is very short, making it the most convenient option, or for the first/last mile connection to a public transport hub."
30330951,"That person uses Public transports if: the destination has known parking difficulties and the journey can be made on a direct route without transfers, as they do not feel PT restricts their activities but dislike interchanges. Use Private modes if: the trip requires maximum flexibility to go anywhere at any time, especially to destinations where parking is not a concern. Use Soft modes if: the travel distance is short, as this completely avoids the disliked hassle of finding a parking spot while also providing a direct, single-mode journey."
30330997,"That person uses Public transports if: it is for their usual, routine activities, as they strongly feel they have no other viable alternative. Use Private modes if: the journey is time-sensitive and they are confident that finding a parking space will not be a major issue. Use Soft modes if: the destination is very close, making it more convenient than dealing with the perceived constraints of other modes for a short trip."
30331017,"That person uses Public transports if: their private vehicle is unavailable or if the destination has extremely difficult or expensive parking, forcing them to choose an option they perceive as restrictive and inconvenient. Use Private modes if: they need the freedom and flexibility to maintain their full range of activities, as this is their default, habitual mode of transport despite their dislike of searching for parking. Use Soft modes if: the journey is for a very short, direct trip where the time and frustration saved from not having to find a parking spot makes it the most practical choice."
30860007,"That person uses Public transports if: the destination has significant parking challenges and can be reached via a direct route without transfers, as they dislike multi-modal journeys. Use Private modes if: flexibility to go anywhere at any time is the primary need and parking at the destination is not a major concern. Use Soft modes if: the travel distance is short, making it more convenient to walk or bike than to deal with the hassle of finding a parking spot."
30860032,"That person uses Public transports if: the trip is a routine, predictable journey to a single destination, where avoiding the hassle of parking and the unreliability of car travel time is the priority. Use Private modes if: the journey requires a high degree of flexibility to visit multiple or poorly-connected locations, and the need for freedom outweighs the significant dislike of finding parking and the risk of not being on time. Use Soft modes if: the destination is close enough for a direct and simple trip, completely avoiding the complexity of transfers, the restrictions of public transport schedules, and the hassles of driving."
30860033,"That person uses Public transports if: the trip requires them to be on time and the destination is likely to have parking difficulties, as they are comfortable with intermodal travel and do not feel public transport limits their activities. Use Private modes if: the destination is not easily accessible by other means or if the trip requires a high degree of flexibility in timing and route, and punctuality is not the main priority. Use Soft modes if: the travel distance is short, allowing them to avoid the hassles of car parking and the potential unreliability of car travel for time-sensitive local trips."
30860175,"That person uses Public transports if: their private vehicle is unavailable or the destination has extremely difficult parking, provided the public transport route is direct and does not require inconvenient transfers. Use Private modes if: the trip is part of their routine or involves a complex activity schedule that demands the high degree of flexibility and freedom they associate with their car. Use Soft modes if: the destination is very close for a simple, single-purpose trip, making it more convenient than dealing with the hassle of parking a car for a short distance."
30860216,"That person uses Public transports if: the destination is in a congested area with significant parking difficulties and can be reached via a direct route without transfers, Use Private modes if: the journey requires high flexibility for multiple stops or destinations where parking is guaranteed and easily accessible, Use Soft modes if: the trip is for a short and routine distance, making it the most reliable way to avoid traffic and parking problems."
30860239,"That person uses Public transports if: the journey is direct without requiring any transfers and offers a significant advantage over the car, a scenario they likely rarely encounter. Use Private modes if: it is their habitual and preferred choice for almost any trip, as they value the unparalleled flexibility, reliability, and the convenience of a single, door-to-door journey. Use Soft modes if: the trip is for a very short distance where driving would be less practical or efficient."
30860245,"That person uses Public transports if: the destination has severe parking constraints, such as being very expensive or unavailable, and can be reached via a direct route without needing to change transport modes. Use Private modes if: the journey requires flexibility, reliability for being on time is essential, and parking at the destination is not a significant issue. Use Soft modes if: the travel distance is short enough that using a car would be more inconvenient due to the hassle of parking."
30860246,"That person uses Public transports if: the destination has significant parking constraints or high congestion, making the car impractical, despite perceiving public transport as restrictive to their activities. Use Private modes if: the trip requires high flexibility, guaranteed on-time arrival, and the ability to travel door-to-door without transfers, especially when parking is readily available. Use Soft modes if: the travel distance is very short, allowing them to avoid the hassle of finding a parking spot for a minor or local trip."
30860250,"That person uses Public transports if: the destination is in a congested area where parking is a known problem and travel time reliability is more important than the flexibility to do other activities. Use Private modes if: the journey requires high flexibility to go anywhere at any time or involves multiple stops, and when punctuality is not the top priority. Use Soft modes if: the travel distance is short for a local trip, especially to destinations where they want to completely avoid the significant hassle of searching for a parking space."
30860254,"That person uses Public transports if: the destination has extremely difficult or non-existent parking, forcing them to use what they perceive as a restrictive alternative that may cause them to cancel other activities. Use Private modes if: flexibility, reliability, and the ability to go anywhere without compromising their schedule are paramount, which represents their habitual and strongly preferred choice. Use Soft modes if: the travel distance is very short or it is a necessary part of a larger trip, such as walking from a parking spot to the final destination."
30860443,"That person uses Public transports if: the destination is in a congested area with difficult or expensive parking and a direct route is available, as this avoids the major hassle of parking and the dislike of transfers. Use Private modes if: the trip requires high flexibility to go anywhere at any time, and the journey is complex or to a destination where parking is readily available, making it their preferred habitual choice for such activities. Use Soft modes if: the travel distance is short and the trip is for a local activity, which provides a simple, direct journey that completely avoids parking problems."
30860539,"That person uses Public transports if: their private vehicle is unavailable and the destination is exceptionally well-served by a direct route, as they generally do not consider it a viable alternative for their activities. Use Private modes if: they require the flexibility to go anywhere at any time and feel they have no other practical option, even though they recognize it is not a reliable mode for being on time. Use Soft modes if: the distance is short and punctuality is important, allowing them to avoid the unpredictable travel times they experience with their car."
30860540,"That person uses Public transports if: it is their only available option for a mandatory trip, as they feel they have no alternative despite finding it restrictive to their activities. Use Private modes if: it is the only way to avoid cancelling activities that are impossible via public transport, and the need outweighs their strong aversion to finding a parking space. Use Soft modes if: the trip covers a short distance or is necessary to begin or end a journey on public transport, as they are comfortable with multi-modal travel."
30860708,"That person uses Public transports if: the journey is to a destination where parking is known to be difficult, as they are comfortable with making transfers and do not feel public transport limits their activities. Use Private modes if: the trip requires a high degree of flexibility in destination or timing that other modes cannot provide, and parking is readily available. Use Soft modes if: the distance is short, as this allows them to completely avoid the significant hassle they associate with parking."
30860711,"That person uses Public transports if: the destination has known parking difficulties, as they dislike searching for a parking space, Use Private modes if: the trip requires maximum flexibility to reach a specific destination that may not be well-served by other options, Use Soft modes if: the trip is short or is part of a multimodal journey, as they are not bound by habit and are comfortable with transfers."
30860712,"That person uses Public transports if: the destination is well-served by the network and parking is expected to be difficult, as they do not feel constrained by public transport schedules and dislike searching for parking. Use Private modes if: the journey requires a high degree of flexibility in destination or timing that other modes cannot offer, and parking is not anticipated to be an issue. Use Soft modes if: the travel distance is short, as this person is a flexible, multimodal traveler who will opt for the most convenient option, and walking or cycling avoids the parking hassles they dislike."
30860725,"That person uses Public transports if: it is for a routine activity and is perceived as the only viable option, as they are a habitual traveler who dislikes transfers. Use Private modes if: it is an exceptional circumstance, such as being a passenger in someone else's vehicle, because they do not have access to a personal car. Use Soft modes if: the destination is very close, allowing for a complete and direct journey without transfers."
30860803,"That person uses Public transports if: it is for a regular, habitual trip, as they feel it is their main and only viable option for most activities. Use Private modes if: the trip requires a high degree of flexibility in time or destination that public transport cannot offer, and only when parking is not an issue. Use Soft modes if: the travel distance is short or when walking or biking is needed to connect with a public transport service as part of a multi-modal journey."
31320060,"That person uses Public transports if: the journey is time-sensitive and predictability is important, as they do not believe the car guarantees punctuality and are comfortable with making transfers. Use Private modes if: the trip requires maximum flexibility to go to a destination not well-served by other options, as they strongly value the car's ability to go anywhere, anytime. Use Soft modes if: the distance is short and the destination is in a congested area, allowing them to completely avoid the parking hassles they dislike."
31320335,"That person uses Public transports if: their private vehicle is unavailable, as they feel it is a restrictive option that would force them to cancel activities. Use Private modes if: they need reliability and the freedom to go anywhere at any time, as this is their habitual mode of transport and they perceive it as the only viable option. Use Soft modes if: the destination is for a very short, non-essential trip, as they have a strong aversion to changing transport modes during a journey."
31320760,"That person uses Public transports if: the destination has poor parking availability and a predictable travel time is more important than flexibility, given they find cars unreliable for punctuality. Use Private modes if: the trip requires high flexibility for complex routes or destinations not well-served by other options, and when strict on-time arrival is not the main concern. Use Soft modes if: the trip is over a short distance where the significant inconvenience of finding a parking spot outweighs the benefit of driving."
31321173,"That person uses Public transports if: the trip is simple, point-to-point, and the destination has significant parking issues, making the inconvenience of public transport a worthwhile trade-off. Use Private modes if: the trip requires a high degree of flexibility in timing and destination, or involves multiple activities that they believe cannot be accomplished otherwise. Use Soft modes if: the destination is very close and the trip is for a minor purpose, making it the most convenient way to avoid the parking hassles they dislike."
31321431,"That person uses Public transports if: the destination has severe parking constraints that make using a car completely impractical and the trip does not require complex scheduling, Use Private modes if: they require a high degree of flexibility, reliability, and a seamless door-to-door journey to maintain their activity schedule, Use Soft modes if: the destination is very close, making a short, self-contained trip more convenient than the hassle of driving and parking."
31321476,"That person uses Public transports if: the journey can be completed on a single, direct line without transfers, as they value simple travel and do not feel public transport limits their activities. Use Private modes if: the destination is not well-served by a direct public transport route, making a car journey preferable to the inconvenience of changing modes. Use Soft modes if: the distance is short, as this represents the most direct and hassle-free travel option, avoiding both transfers and the car's perceived unreliability."
31321523,"That person uses Public transports if: their private car is unavailable, as they feel they have no other viable alternative and strongly dislike making transfers. Use Private modes if: they need flexibility and reliability to go anywhere at any time, which represents their habitual and preferred choice for most activities. Use Soft modes if: the travel distance is extremely short, making it more inconvenient to drive and park than to simply walk or bike."
39010096,"That person uses Public transports if: the journey is direct without requiring any transfers and the car is not a viable option due to severe parking or traffic constraints. Use Private modes if: the trip requires a high degree of flexibility to go anywhere at any time, or when they need to ensure they can complete all their desired activities. Use Soft modes if: the destination is very close by, and the trip is for a short, simple purpose like a local errand or recreation."
39010097,"That person uses Public transports if: the journey is to a congested area where parking is difficult and a predictable arrival time is important. Use Private modes if: the trip requires high flexibility in destination or timing, and this freedom is valued more than a predictable arrival time. Use Soft modes if: the distance is short for a routine, local trip where the convenience of avoiding car-related hassles like parking is the main priority."
39020134,"That person uses Public transports if: it is for their regular, habitual activities, as they strongly feel they have no other alternative. Use Private modes if: it is an exceptional situation where no other option is available, likely when traveling as a passenger rather than as a driver. Use Soft modes if: the distance is very short and the trip is for a non-routine or recreational purpose."
39110096,"That person uses Public transports if: travel time reliability is important and parking at the destination is known to be difficult or costly, Use Private modes if: the destination is poorly served by other options and flexibility is the highest priority, Use Soft modes if: the trip is short and the primary goal is to avoid traffic and parking hassles."
39110220,"That person uses Public transports if: the destination is well-served by the network, allowing them to complete all their planned activities without compromise. Use Private modes if: the trip is part of their established routine or when they require maximum flexibility in destination and timing, as they strongly associate the car with freedom. Use Soft modes if: the journey covers a very short distance where other modes are impractical, or for recreational purposes, especially since they are not opposed to multi-modal travel."
39110243,"That person uses Public transports if: the trip involves a destination with known parking difficulties, as they are comfortable with transfers and do not feel public transport limits their activities, Use Private modes if: the destination is difficult to access by other means and parking is not a significant issue, Use Soft modes if: the travel distance is short, allowing them to completely avoid the parking hassles they dislike."
39110605,"That person uses Public transports if: the destination is well-connected and allows them to maintain their activity schedule, making it their default and reliable choice. Use Private modes if: the destination is poorly served by other modes and offers guaranteed, hassle-free parking, prioritizing locational freedom over punctuality. Use Soft modes if: the travel distance is short and the trip's priority is avoiding the stress of potential traffic delays and the certainty of a difficult parking search."
39110987,"That person uses Public transports if: their private vehicle is unavailable or when traveling to a destination where parking is known to be prohibitively difficult or expensive, forcing a switch from their preferred mode. Use Private modes if: the journey requires flexibility, reliability for being on time, and allows them to maintain their full schedule of activities, which they feel is only possible with a car. Use Soft modes if: the destination is very close and the trip is simple, making it more convenient to walk or bike than to deal with the hassle of finding a parking spot for a short journey."
39110995,"That person uses Public transports if: it is for a routine journey, as they feel it does not limit their activities and are comfortable with potential transfers. Use Private modes if: the destination is poorly served by other options, punctuality is not critical, and parking is known to be easy. Use Soft modes if: the distance is short, as this allows them to completely avoid the car parking hassles they strongly dislike."
39111355,"That person uses Public transports if: the destination is well-served by the network, as they do not find it restrictive to their activities and are neutral about making transfers. Use Private modes if: the trip is part of their usual routine where they value the flexibility to go anywhere and the perceived reliability of being on time. Use Soft modes if: the distance is very short for a local errand or to connect with another form of transport, where taking a car would be impractical."
39111356,"That person uses Public transports if: the destination is well-served by the network and parking is anticipated to be difficult, as they feel public transit does not limit their activities. Use Private modes if: the destination requires maximum flexibility in route and timing, and they are willing to accept the significant inconvenience of finding a parking space. Use Soft modes if: the trip is for a short distance, as this aligns with their flexible travel habits and completely avoids the disliked task of parking."
39120013,"That person uses Public transports if: it is the only perceived viable option for their necessary daily travel, despite its limitations on their activities. Use Private modes if: the trip's timing is flexible and punctuality is not a primary concern, as they do not trust a car to be on time. Use Soft modes if: the destination is very close, as these modes are likely used for short-distance errands or to access their primary mode of transport."
39120245,"That person uses Public transports if: predictable arrival time is crucial and the destination is well-served by the network, as they find the car unreliable for punctuality. Use Private modes if: the journey requires a high degree of flexibility to go anywhere at any time or involves multiple stops, despite the strong dislike for finding a parking space. Use Soft modes if: the trip is for a short, routine journey where convenience and avoiding parking are the main priorities."
39120364,"That person uses Public transports if: a predictable arrival time is more important than flexibility, such as for trips into a congested city center where driving is unreliable. Use Private modes if: it is their default and habitual choice for nearly all activities, driven by a strong belief that they have no other viable alternative to maintain their required level of flexibility. Use Soft modes if: the travel is purely for recreation or for very short, non-essential trips where their primary mode is impractical."
39120372,"That person uses Public transports if: the destination makes driving highly impractical, such as in cases of extreme parking difficulty, forcing them to accept what they perceive as a restrictive alternative. Use Private modes if: they need flexibility in timing and destination, value punctuality, and want to ensure they can complete all their desired activities without limitations. Use Soft modes if: the travel distance is very short, making the effort of finding a parking spot for a car more inconvenient than the walk or bike ride itself."
42270004,"That person uses Public transports if: the journey is direct without requiring any transfers and the destination is known to have significant parking difficulties, use Private modes if: this is their default, habitual choice for nearly all trips, valued for its perceived freedom, reliability, and ability to provide a single, door-to-door journey, use Soft modes if: the travel distance is very short, making the effort of walking or cycling less of a hassle than driving and searching for a parking spot."
42270059,"That person uses Public transports if: the destination is well-served by the network and the trip does not require the absolute freedom of destination and schedule they perceive the car offers, as they are neutral about transfers and lifestyle limitations. Use Private modes if: the journey demands maximum flexibility in terms of route and timing, aligning with their strong belief that the car allows them to go 'wherever and whenever'. Use Soft modes if: the trip is over a short distance where walking or cycling is the most convenient and direct option, suiting their non-habitual approach to transport choice."
42270136,"That person uses Public transports if: the destination is known to have significant parking difficulties, and the trip is simple enough that it won't limit their planned activities. Use Private modes if: the journey requires a high degree of flexibility and punctuality, and parking is not anticipated to be a major issue, as the car is their strongly preferred habitual mode. Use Soft modes if: the distance is very short, making it a convenient way to completely avoid the hassle of parking, which they strongly dislike."
42270228,"That person uses Public transports if: they feel they have no other viable option, particularly when traveling to a destination where parking a car is known to be extremely difficult or impossible. Use Private modes if: the trip requires a high degree of flexibility and reliability to ensure they arrive on time and can complete all their planned activities, and the inconvenience of parking is considered a manageable trade-off. Use Soft modes if: the destination is very close, making it the most convenient choice that completely avoids the hassle of driving and finding a parking spot."
42270540,"That person uses Public transports if: it is their only perceived viable option for a routine journey where they feel they have no other alternative. Use Private modes if: flexibility and a predictable arrival time are the highest priorities and parking at the destination is known to be easy. Use Soft modes if: the travel distance is short and the destination has significant parking difficulties, making it more convenient to walk or bike than to drive."
42270610,"That person uses Public transports if: the destination has significant parking difficulties and a direct, single-vehicle journey is possible, as they strongly dislike transfers. Use Private modes if: this is their habitual and default choice for nearly all trips, as they feel it is their only alternative and value the freedom and punctuality it provides. Use Soft modes if: the travel distance is very short for a non-essential activity where taking the car would be highly impractical."
42270911,"That person uses Public transports if: the destination has extremely difficult or expensive parking, and the journey is a simple, direct trip that does not require transfers or additional stops. Use Private modes if: the trip requires flexibility in timing and destination, punctuality is important, and the journey may involve multiple activities, as this is their habitual and perceived only viable option. Use Soft modes if: the distance is very short for a non-critical activity, where the hassle of finding parking for a car outweighs the convenience of driving."
42270995,"That person uses Public transports if: the destination is in a dense urban area where parking is known to be difficult or expensive, thus avoiding a major deterrent for them. Use Private modes if: the trip requires a high degree of flexibility, such as visiting multiple or poorly-served locations, and parking is not anticipated to be a significant issue. Use Soft modes if: the journey is for a short, local trip where walking or cycling is faster and more convenient than the hassle of driving and searching for a parking space."
42270996,"That person uses Public transports if: the trip can be completed on a direct route without transfers and punctuality is important, Use Private modes if: the destination has easy and guaranteed parking and the trip is not time-sensitive, Use Soft modes if: the travel distance is short to medium, as this aligns with their preference for a direct journey and completely avoids the disliked task of finding a parking space."
42271015,"That person uses Public transports if: the trip has a single, predetermined destination and does not require the flexibility to run multiple errands, as they perceive public transport to be highly restrictive. Use Private modes if: the journey requires maximum freedom and the ability to visit multiple locations, as they strongly associate the car with the freedom to go anywhere, even if arrival time is not guaranteed. Use Soft modes if: the trip is short and a predictable arrival time is crucial, as they are not bound by habit and recognize that the car is not always reliable for being on time."
42271065,"That person uses Public transports if: the trip is simple and does not have tight time constraints, as they perceive public transit as restrictive to their overall activity schedule. Use Private modes if: the trip requires flexibility, reliability, and the ability to go anywhere at any time, as this is their habitual and preferred mode for maintaining their lifestyle. Use Soft modes if: the destination is very close and the journey is for a minor, non-urgent purpose that does not require changing transport modes."
42271145,"That person uses Public transports if: the trip is for a routine activity and can be completed on a single, direct route without needing to change vehicles, as they feel they have no other alternative for this specific journey. Use Private modes if: the destination is not well-served by a direct public transport line, making a private vehicle the only option to avoid the disliked complexity of transfers for non-local trips. Use Soft modes if: the destination is close enough to be reached directly and easily, making walking or cycling the most straightforward option for short-distance travel."
42271395,"That person uses Public transports if: the destination has significant parking constraints and the journey can be completed directly without transfers, Use Private modes if: the trip requires high flexibility that other modes cannot offer and parking at the destination is manageable, Use Soft modes if: the travel distance is short, providing a reliable, door-to-door journey that avoids the primary frustrations of both parking and traffic."
42271424,"That person uses Public transports if: punctuality is a priority, as they find cars unreliable for being on time and do not feel public transport restricts their activities. Use Private modes if: the journey requires maximum flexibility to go anywhere at any time, and a precise arrival time is not the main concern. Use Soft modes if: the travel distance is short and the trip is for a routine activity, aligning with their preference for a usual, habitual mode of transport."
42280430,"That person uses Public transports if: the destination has severe parking difficulties and the journey can be completed directly without any transfers, Use Private modes if: they require flexibility, punctuality, and the ability to visit multiple locations, as they feel it is often the only viable option, Use Soft modes if: the trip is for a very short distance where the inconvenience of finding a parking spot outweighs the effort of driving."
42280539,"That person uses Public transports if: punctuality is crucial and the destination has known parking difficulties, Use Private modes if: the trip requires a high degree of flexibility and freedom that other modes cannot offer, Use Soft modes if: the travel distance is short and the trip is routine."
42330479,"That person uses Public transports if: the trip is to a single destination and does not restrict their ability to perform other activities they would have otherwise done, Use Private modes if: the journey is part of their usual routine and requires the flexibility to go to multiple places or at unscheduled times, Use Soft modes if: the trip is for very short distances, likely for leisure or a simple errand where speed and carrying capacity are not important."
42340126,"That person uses Public transports if: this is their habitual mode for regular activities, as they perceive no other viable alternatives, Use Private modes if: an exceptional trip is required that cannot be served by their usual mode, as they are unconvinced of the car's general flexibility or reliability, Use Soft modes if: the trip is for leisure or covers a very short distance, and is outside of their normal routine."
42340223,"That person uses Public transports if: the destination has severe parking constraints or when the car is otherwise unavailable, forcing them to use what they perceive as a restrictive alternative. Use Private modes if: this is their default, habitual choice for most trips, valued for its unparalleled flexibility and the feeling that no other viable option exists. Use Soft modes if: the trip is over a very short distance where the significant hassle of finding a parking spot outweighs the convenience of driving."
42340373,"That person uses Public transports if: it is for a routine trip for which they feel it is their only viable option, Use Private modes if: this mode is generally not an option, as they likely do not have access to a private vehicle, Use Soft modes if: the destination is close enough that walking or cycling is more convenient than their usual mode of transport."
44630015,"That person uses Public transports if: the trip is a regular, habitual journey to a destination where finding parking is a known and significant hassle. Use Private modes if: the trip requires a high degree of flexibility in timing and destination, especially for non-routine activities where public transport would be too restrictive. Use Soft modes if: the distance is short, allowing for a predictable travel time and the complete avoidance of parking-related stress."
44630037,"That person uses Public transports if: the destination has severe parking constraints and a direct, single-mode transit option is available that does not require transfers, Use Private modes if: the trip requires flexibility in timing and destination, and parking is perceived to be manageable, Use Soft modes if: the destination is very close for a non-critical activity, making the effort of driving and parking impractical."
44630249,"That person uses Public transports if: their primary mode of transport is unavailable, forcing them to use what they perceive as a highly restrictive option that limits their activities. Use Private modes if: the trip requires the flexibility to go anywhere and complete multiple activities, even though they dislike the stress of parking and the unreliability of arrival times. Use Soft modes if: the destination is very close, allowing them to have a seamless, single-mode journey while avoiding the major hassles of parking and potential traffic delays."
44640015,"That person uses Public transports if: their private vehicle is completely unavailable, as they feel they have no other choice and believe it will force them to cancel activities. Use Private modes if: for their habitual daily travel, as they strongly associate the car with freedom, reliability, and the ability to go wherever and whenever they want without compromise. Use Soft modes if: for very short-distance trips where driving is clearly impractical, as their preference is for direct, single-mode journeys for any significant travel."
44640054,"That person uses Public transports if: the destination is served by a direct route, as they feel they have no other viable options for most trips and strongly dislike changing modes or making transfers. Use Private modes if: a journey is highly time-sensitive and access to a car is possible (e.g., ride-hailing, carpooling), as they view it as a reliable way to be on time despite not having regular access. Use Soft modes if: the distance is short, as this allows for a direct, single-mode journey that avoids the transfers they dislike."
44640148,"That person uses Public transports if: the journey can be completed with a single, direct route without transfers and goes to a destination where car parking is known to be difficult, Use Private modes if: the trip requires maximum flexibility to go anywhere at any time and parking at the destination is easy or guaranteed, Use Soft modes if: the trip is short and routine, allowing them to completely avoid the significant hassle of finding a parking spot."
44640165,"That person uses Public transports if: it is their only perceived viable option for a regular, habitual journey, making them a captive user despite its perceived limitations. Use Private modes if: the trip requires high flexibility to go anywhere at any time, punctuality is not a primary concern, and convenient parking is guaranteed. Use Soft modes if: the destination is very close, allowing for a simple, direct trip without the complexities of parking or public transport schedules."
44640299,"That person uses Public transports if: the destination is known to have difficult parking and a predictable arrival time is more important than door-to-door flexibility, Use Private modes if: the trip requires maximum flexibility to go anywhere at any time and the inconvenience of parking or potential traffic delays is a secondary concern, Use Soft modes if: the distance is short for a routine activity, which allows them to avoid both the parking hassles and the travel time unreliability they associate with driving."
44640437,"That person uses Public transports if: the journey is a routine and predictable trip, like a regular commute, where the destination is well-served and the limitations on spontaneous activities are acceptable. Use Private modes if: it is an exceptional situation where a trip is impossible via other means, likely due to multiple complex stops or destinations that are inaccessible by public transport. Use Soft modes if: the distance is short, the weather is favorable, and the trip is for local errands or to connect to a public transport hub, taking advantage of flexibility without the hassles of a car."
44640446,"That person uses Public transports if: predictable travel times and punctuality are the main priority, as they do not perceive the car as reliable for being on time. Use Private modes if: the freedom to go anywhere at any time is more important than a strict schedule, or for complex trips with multiple stops. Use Soft modes if: the travel distance is short and for convenient, routine local activities that are part of their usual habits."
44640461,"That person uses Public transports if: the journey is direct without requiring transfers and provides a convenient alternative that doesn't restrict their schedule or activities, Use Private modes if: the trip requires maximum flexibility, reliability, and the convenience of a door-to-door journey, which is their strongly preferred and habitual choice, Use Soft modes if: the destination is very close, making walking or biking the most practical and direct option for a short trip."
44640462,"That person uses Public transports if: it is for their habitual daily activities, as they feel it is their only viable option and it does not restrict their plans. Use Private modes if: a non-routine trip is required to a destination that is not well-served by their usual transport network. Use Soft modes if: the travel distance is very short, making it the most direct and convenient option over other modes."
44640516,"That person uses Public transports if: the destination is difficult to access by car due to severe congestion or parking restrictions, and the journey requires minimal to no transfers. Use Private modes if: the trip requires flexibility, reliability, and a direct door-to-door journey, which is their habitual and preferred choice for most activities. Use Soft modes if: the travel distance is very short, making the use of a car impractical, or for recreational purposes."
44670208,"That person uses Public transports if: the journey is a routine, single-destination trip where the perceived activity limitations are not a factor, Use Private modes if: the travel requires a high degree of flexibility to participate in multiple or specific activities that would otherwise be cancelled, Use Soft modes if: the destination is close enough that walking or cycling is the most direct and convenient option for a simple trip."
44670347,"That person uses Public transports if: their private vehicle is unavailable and a direct, convenient route exists that does not require transfers. Use Private modes if: they require a reliable, flexible, and punctual journey, as they perceive their car as the only viable alternative for their usual activities. Use Soft modes if: the destination is very close, making it more practical to walk or bike than to deal with the inconvenience of parking."
44670377,"That person uses Public transports if: the trip is a simple point-to-point journey to a destination with poor parking, and when a predictable arrival time is crucial. Use Private modes if: the trip requires high flexibility, involves multiple stops, or goes to a location not well-served by other options, making freedom more important than punctuality. Use Soft modes if: the distance is short, and the main objective is to completely avoid the significant hassle of finding a parking space."
44690159,"That person uses Public transports if: the destination has significant parking difficulties and the journey is direct, avoiding the need for transfers. Use Private modes if: they require flexibility to go anywhere at any time, need to be punctual, and want a seamless door-to-door journey. Use Soft modes if: the travel distance is very short, where the inconvenience of finding a parking spot for a car outweighs the benefit of driving."
44690160,"That person uses Public transports if: the destination is in a dense area where finding parking is a significant and disliked hassle, as they are not opposed to making transfers. Use Private modes if: the trip requires maximum flexibility, involves multiple stops, or the destination is not easily accessible by other means, capitalizing on the perceived freedom to go anywhere, anytime. Use Soft modes if: the travel distance is short and the trip is simple, making it the most convenient way to avoid the inconveniences associated with using a car."
44690303,"That person uses Public transports if: the destination has extremely difficult or expensive parking, and the journey can be completed with a direct, single-mode trip without transfers. Use Private modes if: the trip is part of their regular routine, requires high flexibility to visit multiple or spontaneous destinations, and the inconvenience of parking at the destination is low. Use Soft modes if: the travel distance is short, the destination is easily accessible, and this mode allows them to avoid the hassle of parking."
44690327,"That person uses Public transports if: the destination has known parking difficulties, as they perceive public transport as a viable alternative that does not significantly restrict their activities. Use Private modes if: it is their habitual choice for regular activities where maximum flexibility and perceived punctuality are the primary needs. Use Soft modes if: the trip is for leisure or over a very short distance where the inconvenience of driving and parking outweighs the benefits."
47120261,"That person uses Public transports if: their routine destination is served by a direct route that does not require changing lines, as they are a habitual traveler who dislikes transfers. Use Private modes if: it is a non-routine trip where they are a passenger, as responses indicate they do not have access to a personal car. Use Soft modes if: the destination is close enough to be reached directly, serving as a primary and convenient choice for their habitual journeys."
47120308,"That person uses Public transports if: there is no viable alternative, particularly for trips to destinations where parking is a major deterrent, even if it means sacrificing some activities. Use Private modes if: the need for absolute flexibility in destination and scheduling outweighs the significant drawbacks of unreliable travel times and the difficulty of finding parking. Use Soft modes if: the journey is short and direct, as this allows for predictable travel times and completely avoids the hassles of parking."
47120343,"That person uses Public transports if: their primary mode of transport is completely unavailable, as they feel they generally have no alternative and are neutral about the limitations of public transport, suggesting it is not a considered option. Use Private modes if: this is their habitual and default choice for nearly all activities, as they feel captive to this mode, strongly value the flexibility it offers to go anywhere at any time, and are not deterred by parking issues. Use Soft modes if: the destination is at a very short distance where driving is more inconvenient than walking, a rare situation given their strong dependency on private vehicles."
47120437,"That person uses Public transports if: it is their only perceived viable option for their routine daily activities, Use Private modes if: it is an exceptional situation where no other mode is available and they are likely a passenger rather than the driver, Use Soft modes if: the destination is at a short, walkable/bikeable distance or when needing to access a public transport stop."
47120489,"That person uses Public transports if: the destination has significant parking difficulties and the journey can be completed with few or no transfers. Use Private modes if: the trip requires a high degree of flexibility and punctuality for a seamless journey, which is their habitual choice. Use Soft modes if: the distance is short, making it more convenient than the combined effort of driving and finding parking."
47120603,"That person uses Public transports if: the destination has severe parking constraints and the trip's purpose is simple enough that it won't be limited by fixed routes and schedules, Use Private modes if: it is their habitual, default option, perceived as the only mode offering the flexibility to go anywhere and maintain their full activity schedule, Use Soft modes if: the trip is for a very short distance and single purpose, making the effort of driving and parking completely impractical."
47120665,"That person uses Public transports if: the destination has predictable accessibility issues by car, such as significant traffic or guaranteed parking difficulties, making public transport a more pragmatic choice for that specific trip. Use Private modes if: it is for their habitual, routine travel, as they perceive it as their only viable option and highly value the flexibility to go anywhere at any time. Use Soft modes if: the distance is very short, making it the most logical and convenient option over using a vehicle for trips within their immediate vicinity."
47120763,"That person uses Public transports if: a direct route without transfers is available, and the destination is known to have difficult or expensive parking, Use Private modes if: the trip requires a high degree of flexibility and the destination offers easy and guaranteed parking, Use Soft modes if: the distance to the destination is short, making the hassle of finding a parking spot for a car outweigh the convenience."
47121036,"That person uses Public transports if: the trip requires punctuality and the destination is known to have difficult or expensive parking, as they are not bothered by transfers. Use Private modes if: the trip requires high flexibility to go to multiple or less accessible locations and punctuality is not the main priority. Use Soft modes if: the travel distance is short, and it can be used to avoid the hassle of parking or to connect with a public transport hub."
47121039,"That person uses Public transports if: it is their habitual and necessary choice for regular trips as they feel they have no other viable alternative, despite acknowledging that it limits their activities. Use Private modes if: they likely do not, as the survey responses indicate a lack of access to a personal vehicle. Use Soft modes if: the destination is nearby, offering greater flexibility for trips where the public transport system is too restrictive or inconvenient."
47130065,"That person uses Public transports if: the destination is in a congested area with difficult parking and the travel plan is simple, as they feel it limits their range of activities. Use Private modes if: the journey requires maximum flexibility in destination and timing, despite the perceived risks of being late and the hassle of finding parking. Use Soft modes if: the distance is short for a simple, single-purpose trip or when used to connect with other forms of transport, as they are open to multimodal travel."
47130407,"That person uses Public transports if: the car is unavailable or impractical for the destination and the journey can be completed with few or no transfers, Use Private modes if: the trip requires flexibility in timing and destination, as this is their trusted, reliable, and habitual choice, Use Soft modes if: the destination is very close, allowing for a direct and simple door-to-door trip without the need for a vehicle."
47130471,"That person uses Public transports if: punctuality is the highest priority and a direct, transfer-free service is available, as they strongly dislike changing transport modes but find their car unreliable for being on time. Use Private modes if: the journey requires flexibility in destination and schedule, as they perceive their car as offering ultimate freedom and they have a strong preference for a habitual, single-mode journey. Use Soft modes if: the destination is close enough that walking or cycling is more reliable and efficient than driving through unpredictable traffic for a short distance."
47130729,"That person uses Public transports if: it aligns with their regular, habitual activities, as they have a strong routine and are neutral about making transfers. Use Private modes if: the trip is non-routine and requires a high degree of flexibility to go to a specific place at a specific time that is not well-served by other options. Use Soft modes if: the trip is over a short distance or is needed to access a public transport stop or station as part of a multimodal journey."
50260131,"That person uses Public transports if: it is the only perceived alternative for a habitual trip that is too long to walk or bike, Use Private modes if: this mode is unavailable or not considered, as indicated by the inapplicability of all car-related questions, Use Soft modes if: the destination is nearby and part of their local routine."
50260144,"That person uses Public transports if: it is the only viable option for a trip to a destination with severe parking constraints and traffic congestion, and the journey does not require transfers. Use Private modes if: the trip requires flexibility in timing or destination, and a direct, single-mode journey is desired to maintain their routine and avoid activity cancellations. Use Soft modes if: the destination is very close, making the inconvenience of finding a parking spot for a car greater than the effort of walking or cycling."
50260165,"That person uses Public transports if: it is perceived as the only viable option for a trip and offers a direct route without the need for transfers, Use Private modes if: the destination is inaccessible by other direct means and parking is known to be easy and available, Use Soft modes if: the destination is close enough to reach directly, thereby avoiding the disliked hassle of parking a car."
50260183,"That person uses Public transports if: the journey is routine and requires a predictable arrival time, as they find public transport does not limit their activities and perceive the car as unreliable for being on time. Use Private modes if: the trip demands high flexibility to travel to various destinations where punctuality is not the main priority, leveraging the freedom the car provides. Use Soft modes if: the distance is short, for local errands, or as a convenient way to connect to a public transport hub, given their comfort with multi-modal travel."
50260276,"That person uses Public transports if: the destination is in an area where finding parking is a significant hassle and the public transport route is direct, as they dislike transfers. Use Private modes if: the trip requires high flexibility in timing and destination and parking is readily available, leveraging their strong belief in the car's freedom. Use Soft modes if: the travel distance is short, as this provides a direct, single-mode journey that completely avoids their strong dislike of searching for a parking space."
50270029,"That person uses Public transports if: it is for their habitual, daily travel, as they strongly feel they have no other viable alternative and disagree that it limits their activities. Use Private modes if: it is an exceptional circumstance where public transport is not an option, as they are unconvinced of a car's superior flexibility or reliability for being on time. Use Soft modes if: the trip is for a short distance or to connect with a public transport hub, given their neutrality towards changing transport modes during a journey."
50270030,"That person uses Public transports if: their private vehicle is unavailable and they have no other viable option, as they perceive it as a last resort that restricts their activities. Use Private modes if: the journey is part of their regular routine or when they require the flexibility to go anywhere at any time, as they feel this is their only real alternative and it offers maximum freedom. Use Soft modes if: the destination is very close for a non-essential or recreational trip that does not conflict with their primary activity schedule."
50270088,"That person uses Public transports if: it is for their usual activities, as they perceive it as their only viable option despite feeling it limits their activity choices. Use Private modes if: this option is not used, as the person does not have access to a car and disagrees that it ensures punctuality. Use Soft modes if: the travel distance is very short and the trip is direct, as they likely use it for first/last-mile connections or simple errands where other modes are not necessary."
50270163,"That person uses Public transports if: the journey is predictable and well-served by the network, as they are comfortable with transfers and do not feel it significantly restricts their activities. Use Private modes if: the trip requires a high degree of flexibility in timing and destination, as they value the car's ability to go anywhere and ensure punctuality. Use Soft modes if: the travel distance is short, likely for local errands or as a connector to another mode of transport for the first or last mile of a journey."
50270164,"That person uses Public transports if: a predictable arrival time is critical, overriding the significant loss of freedom and flexibility they perceive with this mode, Use Private modes if: the trip requires maximum flexibility in destination or timing and punctuality is not the primary concern, Use Soft modes if: the travel distance is very short, making motorized transport impractical, or for recreational activities."
50270287,"That person uses Public transports if: the destination has significant parking challenges and the trip's purpose does not require the flexibility to make multiple stops, Use Private modes if: the trip requires a high degree of flexibility to go anywhere at any time, and parking is not a significant concern at the destination, Use Soft modes if: the travel distance is short, making it a practical and efficient way to avoid the parking difficulties they dislike."
50270288,"That person uses Public transports if: the car is not a viable option and the destination can be reached via a direct route without any transfers, as they strongly dislike changing modes. Use Private modes if: this is their default choice for nearly all activities, valued for the unparalleled freedom and flexibility it provides, despite concerns about parking and punctuality. Use Soft modes if: the destination is very close, making a short walk or bike ride more convenient than the hassle of driving and finding a parking spot for a short distance."
50270318,"That person uses Public transports if: the destination has severe parking difficulties and the journey can be made directly without transfers, Use Private modes if: flexibility to go anywhere and the need for a punctual arrival are the top priorities, Use Soft modes if: the travel distance is very short and the trip is for a simple, self-contained purpose."
50270415,"That person uses Public transports if: the destination has significant parking difficulties and the journey can be made on a direct route without limiting their activities. Use Private modes if: the trip requires a high degree of flexibility to go anywhere at any time, and convenient parking is available. Use Soft modes if: the trip is for a short distance to a single destination, which conveniently avoids the hassle of finding a parking spot."
50270435,"That person uses Public transports if: the trip has a strict time constraint and the car is perceived as unreliable for being on time, making punctuality more important than the flexibility to do other activities. Use Private modes if: the trip requires a high degree of flexibility in timing and destination, allowing them to go anywhere at any time, and potential delays are an acceptable risk. Use Soft modes if: the trip is for a short, regular activity for which they have a habitual and predictable travel routine, avoiding the car's time-unreliability."
50270501,"That person uses Public transports if: the destination is a congested area where finding parking is a significant and known hassle, making the car impractical despite its benefits. Use Private modes if: the trip requires flexibility, punctuality, and the ability to travel without restrictions, especially when parking at the destination is readily available. Use Soft modes if: the destination is very close by, making a short walk or bike ride more convenient than the effort of driving and parking for such a brief trip."
50270533,"That person uses Public transports if: it is for a routine trip for which they feel there is no other practical alternative, despite it limiting their activities. Use Private modes if: the need for absolute flexibility to go anywhere at any time is the top priority, and concerns about punctuality and the difficulty of finding parking are secondary. Use Soft modes if: the destination is very close, allowing for a simple, direct journey without the need for transfers."
50270667,"That person uses Public transports if: their private vehicle is unavailable or when the destination has extremely difficult or expensive parking, and the journey can be completed with minimal transfers, Use Private modes if: the trip requires flexibility in timing and destination, and they need a reliable, direct journey for their usual activities, Use Soft modes if: the destination is very close, making the time and hassle of driving and finding parking greater than the effort of walking or cycling."
50270668,"That person uses Public transports if: the destination is known to have extremely difficult or expensive parking and can be reached via a direct route that does not require changing modes, Use Private modes if: the trip requires flexibility in timing or destination, as this is their habitual and default choice which they perceive as the only reliable, door-to-door option, Use Soft modes if: the travel distance is very short, making the effort of driving and finding a parking spot more inconvenient than walking or cycling."
50270775,"That person uses Public transports if: their private vehicle is completely unavailable and there is no other conceivable option for an essential trip, as they are unaccustomed to this mode. Use Private modes if: they need guaranteed punctuality and the flexibility to go anywhere at any time, which they consider their only viable and habitual option for all regular activities. Use Soft modes if: the destination is extremely close for a recreational purpose or a very short, non-essential trip where driving is highly impractical."
50270804,"That person uses Public transports if: it is their habitual mode for daily activities, as they feel they have no other viable alternative, Use Private modes if: arriving on time is the most critical factor for a specific journey, Use Soft modes if: the destination is close enough to make a direct trip and avoid the disliked hassle of transfers."
50760031,"That person uses Public transports if: the trip is a direct, single-vehicle journey to a destination with severe parking constraints, making the car impractical, Use Private modes if: the journey requires a high degree of flexibility or involves multiple stops, and convenient parking is available at the destination, Use Soft modes if: the destination is very close, making the trip too short to justify the hassle of driving and finding a parking spot."
50760085,"That person uses Public transports if: the destination has significant parking difficulties and can be reached via a direct route without transfers, Use Private modes if: the trip requires a high degree of flexibility and punctuality, making it their habitual and preferred choice, Use Soft modes if: the distance is short enough that the inconvenience of driving and searching for parking outweighs the benefits of using a car."
50760132,"That person uses Public transports if: it is for a routine, habitual trip, as they feel they have no other alternative despite finding it very restrictive to their activities. Use Private modes if: it is absolutely necessary to reach a destination or perform an activity that is impossible with public transport, even though they find cars unreliable for punctuality and dislike parking. Use Soft modes if: the trip is over a very short distance, allowing them to avoid the activity limitations of public transport and the significant hassles they associate with driving a car."
50760217,"That person uses Public transports if: the destination is completely inaccessible by car due to extreme parking or driving restrictions, as they perceive it to be a highly restrictive option that limits their activities. Use Private modes if: the journey requires flexibility in timing and destination, as this is their default, habitual mode which they feel provides ultimate freedom and is the only real alternative. Use Soft modes if: the destination is at a very short distance, making it the most direct and convenient option that avoids the disliked hassle of finding a parking spot."
50760247,"That person uses Public transports if: a direct route without any transfers is available and parking a private vehicle at the destination is extremely difficult, Use Private modes if: the journey requires flexibility for carrying items or visiting multiple locations and parking is known to be available, Use Soft modes if: the travel distance is short, as this provides a direct journey and completely avoids the disliked task of searching for a parking space."
50760334,"That person uses Public transports if: the journey is direct, requires no transfers, and offers a more reliable arrival time than the car. Use Private modes if: this is their default choice for almost any activity, especially when needing the flexibility to go anywhere at any time or to make a seamless door-to-door trip. Use Soft modes if: the destination is very close, making it the most practical and direct option for a short journey."
50760357,"That person uses Public transports if: the destination has extremely difficult or expensive parking, and the trip is simple enough that it does not restrict their other activities, Use Private modes if: it is their habitual choice for most activities, particularly when punctuality and the flexibility to go anywhere are essential, as they feel it's the only viable option, Use Soft modes if: the destination is very close, making it a practical way to completely avoid the significant frustration of looking for a parking space."
50760456,"That person uses Public transports if: the journey is to a single destination and does not constrain their ability to perform other planned activities, as they strongly feel public transport is otherwise limiting. Use Private modes if: the travel requires a high degree of flexibility in destination and timing or involves linking multiple activities, which they believe only a car can provide. Use Soft modes if: the destination is very close for a short, single-purpose trip where the effort of driving and parking is not worthwhile."
50760483,"That person uses Public transports if: traveling to destinations where parking is known to be difficult or expensive, as they are not deterred by the need to transfer between services. Use Private modes if: punctuality is the highest priority for the trip and the destination offers predictable and easy parking. Use Soft modes if: the trip is short, or as the first/last leg of a journey to connect with other modes, thereby avoiding the significant hassle they associate with finding a parking spot."
50760485,"That person uses Public transports if: the destination has known parking difficulties and the journey is direct without requiring transfers, Use Private modes if: the trip requires a high degree of flexibility and convenient parking is available at the destination, Use Soft modes if: the distance is short, allowing for a seamless, single-mode journey that avoids the frustrations of both parking and transfers."
50780009,"That person uses Public transports if: the destination is in a congested area with difficult parking and the journey requires predictable timing without transfers. Use Private modes if: the trip requires high flexibility to go to multiple places or at specific times, and parking at the destination is readily available. Use Soft modes if: the destination is close enough for a short, direct journey, completely avoiding the issues of parking and potential traffic delays."
50780010,"That person uses Public transports if: the destination has difficult or expensive parking, making it a more convenient option than driving. Use Private modes if: the trip requires absolute punctuality and flexibility, and parking at the destination is manageable. Use Soft modes if: the travel distance is very short, making it the most practical and hassle-free choice for the journey."
50780055,"That person uses Public transports if: the destination is known to have significant parking difficulties, as they strongly dislike looking for a parking space. Use Private modes if: the trip requires a high degree of flexibility in timing and destination, as they feel the car is their only viable alternative and a reliable way to be on time. Use Soft modes if: the travel distance is very short, making it more practical and convenient than driving."
50780404,"That person uses Public transports if: the journey is direct without requiring any transfers and their private vehicle is not a viable option, Use Private modes if: this is their habitual choice for nearly all activities, as they value the complete freedom, reliability, and seamless door-to-door travel it provides, Use Soft modes if: the destination is very close, and the trip is casual enough that the speed and convenience of a car are unnecessary."
52720229,"That person uses Public transports if: it is for a regular, habitual trip where they feel they have no better alternative, likely to a destination where parking is a major issue and car travel time is unreliable. Use Private modes if: the trip requires a high degree of flexibility in destination and timing that public transport cannot provide, allowing them to do activities they would otherwise have to cancel. Use Soft modes if: the destination is at a very short distance, making it the most practical way to avoid the significant hassle of finding a parking spot."
52720571,"That person uses Public transports if: the travel time needs to be predictable for trips to congested areas where the car's punctuality is not guaranteed, as they are neutral about making transfers. Use Private modes if: the trip requires a high degree of flexibility in destination and timing, as they value the freedom the car provides and are not concerned about finding parking. Use Soft modes if: the distance is short enough to be convenient or when connecting to another mode of transport for the first or last part of a journey."
52720593,"That person uses Public transports if: the car is completely unavailable or the destination is inaccessible by car, leaving them with no other perceived alternative. Use Private modes if: it is their default and habitual choice for nearly all activities, as they believe it is the only mode that provides the necessary freedom and flexibility to maintain their lifestyle. Use Soft modes if: the destination is at a very short distance, making the effort of a car trip more cumbersome than the journey itself."
52720643,"That person uses Public transports if: it is a routine, time-sensitive trip to a location where parking is difficult, as they feel they have no other reliable alternative and dislike transfers. Use Private modes if: the trip is not time-critical, flexibility is more important than punctuality, and the destination offers easy and guaranteed parking. Use Soft modes if: the destination is close enough to avoid the perceived unreliability of the car and the complexities of other modes."
52730081,"That person uses Public transports if: their primary private vehicle is unavailable or the destination is inaccessible by car, as they are neutral on public transport's limitations but dislike transfers. Use Private modes if: the trip requires maximum flexibility in destination and timing, as this is their strongly preferred habitual mode that they feel offers unparalleled freedom. Use Soft modes if: the destination is very close, making it the most convenient and direct option for a short, standalone journey."
52730184,"That person uses Public transports if: their primary mode is completely unavailable and the journey is direct without requiring any transfers. Use Private modes if: it is their default and habitual choice for almost all trips, as they feel they have no other viable option and value the perceived freedom and reliability it provides. Use Soft modes if: the destination is extremely close, making the inconvenience of driving and parking outweigh the effort of a short walk or bike ride."
53060149,"That person uses Public transports if: the destination is too far to walk or bike, as they are a captive user with no other transport alternatives. Use Private modes if: this is not a viable option, as evidenced by their inability to respond to car-specific questions, suggesting a lack of access. Use Soft modes if: the destination is close enough to be reached directly, which is preferred to avoid the inconvenient transfers and activity constraints they perceive with public transport."
53060658,"That person uses Public transports if: the destination has significant parking difficulties or traffic congestion, making the car's disadvantages outweigh the perceived loss of flexibility, Use Private modes if: the trip requires maximum flexibility to go anywhere at any time and must be a seamless, single-mode journey, making it their habitual choice, Use Soft modes if: the trip is over a very short distance where the hassle of driving and parking a car is greater than the physical effort required."
54200161,"That person uses Public transports if: the destination is well-served by the network, as they perceive it does not limit their activities and allows them to avoid the difficulty of finding a parking spot. Use Private modes if: the trip requires absolute freedom and flexibility to go anywhere at any time, especially to locations where they feel there is no other viable alternative. Use Soft modes if: the distance is short, as this person is highly flexible with their travel choices and comfortable with multimodal journeys, making walking or biking a convenient option for local trips."
54200233,"That person uses Public transports if: their primary mode of transport is unavailable and they are forced to accept significant limitations on their activities, as they feel it is not a viable alternative. Use Private modes if: this is their habitual and default choice for nearly all travel, as they strongly believe they have no other alternative and that the car is the only mode that provides the freedom to go wherever and whenever they need. Use Soft modes if: the trip is for a very short distance where using a car would be impractical, likely for non-essential or recreational purposes."
54200477,"That person uses Public transports if: the service provides a direct route without transfers, as they dislike changing modes, and when a predictable arrival time is important. Use Private modes if: the trip requires high flexibility in terms of destination or timing, and punctuality is not the main priority. Use Soft modes if: the destination is nearby, allowing for a simple, single-mode journey for a routine activity."
54200490,"That person uses Public transports if: their private vehicle is unavailable, forcing them into a situation where they feel they have no other alternative for the journey. Use Private modes if: the trip requires maximum flexibility in destination and timing, allowing them to complete all their desired activities without compromise. Use Soft modes if: the destination is very close, making it the most convenient and direct option for a short, single-purpose trip that doesn't require transfers."
54200563,"That person uses Public transports if: driving is not an option or when parking at the destination is known to be extremely difficult or expensive, forcing a choice they feel limits their activities. Use Private modes if: they require a high degree of reliability to be on time and the flexibility to travel without compromising their schedule, as this is their habitual and preferred mode. Use Soft modes if: the destination is very close, making it impractical to drive, or for short recreational trips."
54200612,"That person uses Public transports if: the destination is known to have difficult or expensive parking, as they strongly dislike looking for a parking spot and are not bothered by transfers. Use Private modes if: the trip requires maximum flexibility to go anywhere at any time and a guaranteed on-time arrival is the highest priority. Use Soft modes if: the distance is short, as this completely avoids the hassle of parking which they dislike."
54200685,"That person uses Public transports if: the destination has significant parking difficulties and the journey can be made via a direct route without transfers. Use Private modes if: flexibility and guaranteed on-time arrival are priorities, and parking at the destination is easy and convenient. Use Soft modes if: the distance is short enough that walking or biking is more practical than the hassle of driving and finding a parking spot."
54200782,"That person uses Public transports if: it is the only available option for a simple, point-to-point journey, as they feel it is highly restrictive and would prevent them from doing other activities. Use Private modes if: the trip requires high flexibility, such as making multiple stops or going to a location poorly served by other options, and only when parking is not anticipated to be a major issue. Use Soft modes if: the distance is short, allowing them to conveniently avoid the significant hassle of finding a parking spot for their car."
54200884,"That person uses Public transports if: it is for their regular and habitual travel, as they feel they have no better alternative and are not bothered by changing transport modes during a journey. Use Private modes if: the destination is completely inaccessible by other means, as they find cars unreliable for being on time and dislike the hassle of parking. Use Soft modes if: the distance is short or when connecting to and from public transport stations."
54201031,"That person uses Public transports if: the destination is well-served by the network and where parking is expected to be a hassle, as they do not feel public transport limits their activities. Use Private modes if: the trip is complex with multiple stops or goes to a location poorly served by other modes, making it a choice of necessity over preference. Use Soft modes if: the distance is short, as it offers a direct and convenient option that completely avoids the issue of finding parking."
54201201,"That person uses Public transports if: the destination is known to have significant parking difficulties, as they strongly dislike looking for a parking space and are not bothered by transfers. Use Private modes if: it is for their habitual, routine activities or for trips that require the maximum flexibility to go wherever and whenever they want. Use Soft modes if: the travel distance is short, making the inconvenience of driving and parking a car greater than the effort of walking or biking."
54260138,"That person uses Public transports if: the trip is a regular, habitual journey to a destination where parking is known to be difficult and the car's reliability for being on time is low, making public transport the only practical, though restrictive, alternative. Use Private modes if: the trip requires high flexibility for destination and timing, or involves multiple activities that would be impossible with other modes, and when the need for freedom outweighs the dislike of parking and potential delays. Use Soft modes if: the destination is very nearby, allowing for a direct, single-mode journey where the hassle of driving and parking a car is greater than the convenience."
54260172,"That person uses Public transports if: their private car is not a viable option due to guaranteed and severe parking difficulties at the destination, and the journey can be completed on a direct route without transfers. Use Private modes if: the trip requires flexibility, a reliable arrival time, and the freedom to go wherever and whenever they want, as this is their default and highly-valued mode of travel. Use Soft modes if: the destination is very close, making the hassle of driving and parking more inconvenient than the short travel time itself."
54260212,"That person uses Public transports if: the destination has significant parking difficulties and the trip is simple enough that the perceived loss of flexibility is an acceptable trade-off, Use Private modes if: the trip requires a high degree of flexibility to go anywhere at any time or punctuality is critical, and the hassle of parking is considered minimal, Use Soft modes if: the distance is short, as this mode offers a convenient way to completely avoid the disliked task of searching for a parking space."
54260217,"That person uses Public transports if: their private vehicle is completely unavailable and it is the only remaining alternative for an essential trip. Use Private modes if: the trip is part of their regular routine or requires flexibility, as they feel they have no other viable alternative and perceive the car as the key to freedom of movement. Use Soft modes if: the destination is very close, and the hassle of finding a parking spot is greater than the inconvenience of walking or cycling."
54260331,"That person uses Public transports if: a direct, single-vehicle route is available to a destination where parking is known to be difficult or expensive, Use Private modes if: the destination has easy or guaranteed parking, as this is their habitual and most flexible option, Use Soft modes if: the distance is short, allowing for a direct journey that completely avoids the strongly disliked hassle of finding a parking spot."
54260390,"That person uses Public transports if: it is their habitual choice for most activities, as they perceive having no other viable alternative. Use Private modes if: they were to gain access to a vehicle, as the survey responses indicate they currently do not use a car. Use Soft modes if: the destination is for a short-distance trip where using public transport would be impractical or less efficient."
54260401,"That person uses Public transports if: the travel distance is too long to walk or bike, as they feel they have no alternative to the available non-car options. Use Private modes if: it is an exceptional circumstance, such as being a passenger in someone else's vehicle, as they do not have access to their own car. Use Soft modes if: the destination is close enough to be reached by foot or bicycle, making it the default for local trips."
54260417,"That person uses Public transports if: it is the only available option for a trip, as they perceive it as restrictive to their activities and strongly dislike the need to change transport modes. Use Private modes if: it is their habitual, default choice for almost all activities, as they feel they have no other alternative and require the flexibility to go anywhere directly, even though they dislike searching for parking. Use Soft modes if: the destination is very close, making the effort of walking or cycling less of a hassle than finding a parking spot for their car."
54260611,"That person uses Public transports if: their private vehicle is unavailable or completely impractical for the destination, as they feel forced into this choice and believe it restricts their activities. Use Private modes if: they require flexibility, punctuality, and a direct, single-mode journey to maintain their lifestyle, making this their default, habitual choice for all significant activities. Use Soft modes if: the travel distance is very short for a non-essential trip, making it more convenient than starting the car."
54260612,"That person uses Public transports if: their private vehicle is unavailable and they have absolutely no other alternative for a necessary trip, as they feel it severely limits their activities. Use Private modes if: for all their daily and routine activities, as they are a captive user who perceives their car as the only mode that guarantees freedom, flexibility, and punctuality. Use Soft modes if: for very short, non-essential trips or for the final part of a journey, like walking from a parking space to their destination, but not as a primary mode of transport."
54260756,"That person uses Public transports if: their primary private mode is unavailable and there is no other direct travel option, as they strongly dislike transfers. Use Private modes if: it is their habitual choice for a direct, single-mode journey where being on time is important and parking is not a concern. Use Soft modes if: the destination is at a very short distance, making a vehicle journey impractical."
54260792,"That person uses Public transports if: the destination has significant parking difficulties and the public transport network is efficient enough not to restrict their planned activities. Use Private modes if: the journey is complex with multiple stops, time-sensitive, and the convenience of door-to-door travel outweighs the anticipated hassle of finding parking. Use Soft modes if: the distance is short and the primary goal is to avoid parking issues for a local trip, or for the first/last mile connection to a public transport service."
54260870,"That person uses Public transports if: punctuality is a priority and the destination is well-connected, as this avoids the unreliability and parking difficulties associated with their car. Use Private modes if: the trip requires high flexibility in terms of destination or timing, and parking is not a significant concern. Use Soft modes if: the distance is short, allowing them to completely bypass the frustrations of parking and potential traffic delays."
54260889,"That person uses Public transports if: punctuality is the most critical factor for the trip, as they perceive their car to be unreliable for arriving on time. Use Private modes if: the journey requires a high degree of flexibility, involves multiple stops, or enables activities that are not feasible with public transport. Use Soft modes if: the trip is over a short distance where a direct, door-to-door journey is possible, avoiding the transfers they dislike and the time unreliability of the car."
54260897,"That person uses Public transports if: the destination has severe parking difficulties, making the inconvenience of parking greater than their dislike for changing transport modes, Use Private modes if: the journey requires flexibility and perceived punctuality, as this is their habitual mode that they believe allows them to go anywhere at any time, Use Soft modes if: the distance is very short, making the time and effort to find a parking spot for their car impractical and more inconvenient than walking or cycling."
54261041,"That person uses Public transports if: punctuality is the main priority for a trip, as they perceive cars as unreliable for being on time, and the destination is well-served enough not to limit their plans. Use Private modes if: the journey requires high flexibility in destination and timing, allowing them to go wherever they want without having to cancel other activities. Use Soft modes if: the trip is for very short and convenient distances where the flexibility of a car is not needed and the limitations of public transport are irrelevant."
54261138,"That person uses Public transports if: the destination is a dense area where parking is known to be impossible or extremely difficult, making the car completely unfeasible, Use Private modes if: this is the default and preferred choice for nearly all trips, as it is perceived to offer maximum freedom, flexibility, and punctuality, Use Soft modes if: the journey is for a very short, local distance where the hassle of driving and parking outweighs the convenience of the car."
54261209,"That person uses Public transports if: the destination is in a congested area with difficult parking, as they strongly dislike looking for a parking spot and are comfortable with transfers. Use Private modes if: the trip is to a destination not well-served by other options or requires carrying heavy items, as they do not perceive the car as a reliable way to be on time. Use Soft modes if: the distance is short for local errands or for connecting to a public transport station."
54261292,"That person uses Public transports if: it is their habitual mode for regular travel, as they perceive it as a reliable option that does not limit their activities. Use Private modes if: the destination is not well-served by public transport or if they need to transport bulky items, making it a choice of last resort rather than preference. Use Soft modes if: the distance is short, as this provides a direct journey that avoids the disliked hassles of parking and changing transport modes."
54261413,"That person uses Public transports if: travel time reliability is important and they want to avoid the stress of finding a parking spot. Use Private modes if: the destination is not well-served by other means or the trip requires maximum flexibility, provided that parking is not a significant issue. Use Soft modes if: the distance is short and it is the most convenient option, or when connecting to a public transport hub as part of a longer journey."
54261567,"That person uses Public transports if: the destination has significant parking constraints, making driving impractical, and it is perceived as the only available alternative, Use Private modes if: flexibility, reliability, and a direct, single-mode journey are prioritized, as this is their habitual choice that allows them to go anywhere at any time, Use Soft modes if: the destination is at a very short distance where the inconvenience of driving and finding a parking spot outweighs the benefit of using a car."
54261627,"That person uses Public transports if: travel time predictability and avoiding parking hassles are the priority, especially for routine or time-sensitive journeys. Use Private modes if: the flexibility to reach a specific or less-accessible destination outweighs the known issues of travel time unreliability and parking difficulty. Use Soft modes if: the travel distance is short, making it the most convenient and efficient option for local trips or errands."
54420061,"That person uses Public transports if: the predictability of arrival time is more important than flexibility, especially for destinations where parking is a known difficulty and the journey can be completed with minimal transfers. Use Private modes if: the need for absolute freedom to travel to any destination at any time outweighs the significant frustrations of unreliable travel times and the hassle of finding parking. Use Soft modes if: the trip is short and the main priority is a completely predictable and stress-free journey, as this avoids the issues of both traffic and parking."
54420062,"That person uses Public transports if: punctuality is critical and the destination has difficult parking, but only when the journey can be completed directly without changing modes. Use Private modes if: the trip requires maximum flexibility to go anywhere at any time, and a precise arrival time is not the main concern. Use Soft modes if: the destination is very close and the trip is for a short, convenient errand where avoiding parking is the primary benefit."
54420119,"That person uses Public transports if: the destination is well-served by the network and punctuality is important, making it their default choice for most routine trips. Use Private modes if: the destination is poorly served by public transport and arrival time is flexible, as they perceive cars as unreliable for being on time. Use Soft modes if: the distance is short enough to be practical, or when used to access a public transport hub as part of a multimodal journey."
54420363,"That person uses Public transports if: undertaking their regular, habitual activities, as they find the service does not limit their plans and are comfortable with transfers. Use Private modes if: there is no viable alternative, since they perceive cars as inflexible and unreliable for arriving on time. Use Soft modes if: traveling a short distance or as part of a multi-modal journey to connect with public transport."
54420437,"That person uses Public transports if: the destination is well-served and having a predictable arrival time is a priority, as they believe public transport does not limit their activities and helps avoid the parking hassles and time unreliability they associate with driving. Use Private modes if: the journey requires absolute flexibility in destination and schedule that no other option can provide, accepting it as a necessary, habitual choice despite its drawbacks. Use Soft modes if: the distance is very short, likely for the first or last part of a trip, as they dislike changing transport modes and prefer a single, consistent means of travel for the main journey."
54420585,"That person uses Public transports if: the destination has guaranteed parking difficulties and punctuality is more critical than flexibility, and a direct, single-mode journey is available. Use Private modes if: the journey requires flexibility to go to multiple locations or is part of a strong habit, as it is perceived as the only viable option despite frustrations with timing and parking. Use Soft modes if: the travel distance is very short for a simple, non-essential trip where the convenience of walking outweighs the hassle of using a vehicle."
54420699,"That person uses Public transports if: a direct route is available that does not require transfers to reach the destination, as this aligns with their feeling of having no alternative and their dislike for changing modes. Use Private modes if: it is the absolute only option available for a trip, as they perceive the car as unreliable for timing and a hassle for parking. Use Soft modes if: the destination is close enough to be reached directly, as this provides a simple, single-mode journey that avoids both transfers and the inconveniences of a car."
54420840,"That person uses Public transports if: a direct, single-vehicle route is available that conveniently connects their origin and destination without requiring any transfers. Use Private modes if: the destination is not easily accessible by a single, direct alternative route, and the flexibility to travel anywhere at any time is the main priority. Use Soft modes if: the travel distance is short and the journey is the most direct and convenient option available."
54421043,"That person uses Public transports if: it is for a regular, habitual journey that can be completed on a single, direct route, as they prefer not to change modes mid-trip. Use Private modes if: it is a situation of last resort where no other alternative exists, given they do not have regular car access and strongly dislike the hassle of parking. Use Soft modes if: the distance is short, allowing for a direct journey that avoids the transfers they dislike on public transport networks."
54421189,"That person uses Public transports if: the destination has known parking difficulties and is well-served by the transit network, as they are not opposed to making transfers. Use Private modes if: the trip demands a high degree of flexibility in destination or timing and parking is expected to be easy. Use Soft modes if: the travel distance is short, making it a convenient way to avoid the hassle of finding a parking spot, or when connecting to a public transport service."
54421191,"That person uses Public transports if: the journey is direct and does not require transfers, and the destination is an area where parking is known to be difficult. Use Private modes if: the trip demands a high degree of flexibility in destination or schedule that other modes cannot accommodate, and the inconvenience of parking is a secondary concern. Use Soft modes if: the destination is nearby for a routine activity, as this provides a reliable travel time and completely avoids the major hassle of finding a parking spot."
54421201,"That person uses Public transports if: the journey requires a predictable arrival time and the destination is known to have difficult parking, as they do not find the car reliable for punctuality and feel public transport doesn't limit their activities. Use Private modes if: the trip requires maximum flexibility to go anywhere at any time, such as for reaching destinations not well-served by other modes or for complex journeys. Use Soft modes if: the distance is short, making it a practical way to completely avoid the significant frustration they feel when searching for a parking spot."
54421227,"That person uses Public transports if: it is their habitual mode for regular activities, as they feel they have no other viable alternative. Use Private modes if: it is an exceptional circumstance, likely as a passenger, given they do not seem to have access to their own car. Use Soft modes if: the destination is at a short, walkable distance or to connect to a public transport stop."
54421379,"That person uses Public transports if: the journey is for a regular activity and can be completed on a direct route without transfers, despite feeling it limits their flexibility. Use Private modes if: the trip is complex or requires visiting multiple destinations that are poorly served by other options, making flexibility more important than the strong dislike for parking and unreliability. Use Soft modes if: the distance is short, as it provides a direct, single-mode journey that avoids the hassles of parking and the perceived inflexibility of public transport."
54440149,"That person uses Public transports if: the destination has significant parking difficulties and the service is convenient enough not to limit their activities, as they are not bothered by transfers. Use Private modes if: this is their habitual, default choice for most trips where they perceive no other alternative, especially when needing the flexibility and reliability to be on time. Use Soft modes if: the trip is for a short distance where the hassle of finding a parking spot for a car outweighs the convenience of driving."
54440235,"That person uses Public transports if: the car is not a viable option due to extreme parking difficulties or access restrictions at the destination, forcing them to use an alternative they perceive as restrictive and inconvenient. Use Private modes if: the trip requires flexibility, reliability, and a seamless single-mode journey, making it their habitual and preferred choice for almost all activities. Use Soft modes if: the destination is very close, making walking or cycling the most convenient and direct door-to-door option that avoids the hassle of driving and parking."
54440340,"That person uses Public transports if: **the destination is in a congested area where parking is a known and significant hassle, and the journey is relatively direct without requiring multiple transfers.** Use Private modes if: **the trip requires flexibility and guaranteed punctuality, and parking at the destination is easy and accessible, as this is their default mode for its perceived freedom and reliability.** Use Soft modes if: **the distance to the destination is very short, making the inconvenience of driving and parking greater than the effort of walking or biking.**"
54440508,"That person uses Public transports if: the car is unavailable for a necessary trip, as public transport is perceived as a restrictive alternative that limits their activities. Use Private modes if: for almost all daily travel, as the car is considered the habitual and superior option, providing freedom to go anywhere, ensuring punctuality, and parking is not a deterrent. Use Soft modes if: the travel distance is very short or the trip is for recreational purposes, where the flexibility and range of a car are not required."
54440528,"That person uses Public transports if: their private vehicle is completely unavailable, as they feel public transport is restrictive and strongly dislike making transfers. Use Private modes if: they need reliability, flexibility, and the freedom to travel anywhere on their own schedule, which makes it their habitual and preferred choice. Use Soft modes if: the trip is for a very short distance where it is more practical and convenient than driving and parking."
54440529,"That person uses Public transports if: the car is an unviable option due to extreme parking constraints or a destination inaccessible by car, as they perceive public transport as highly restrictive to their activities and strongly dislike transfers. Use Private modes if: the journey requires flexibility, reliability for on-time arrival, and a seamless door-to-door trip, as this is their strongly preferred and habitual mode that allows them to go wherever and whenever they want. Use Soft modes if: the destination is extremely close, making a car trip more cumbersome than walking, and the trip is for a minor errand where punctuality and flexibility are not primary concerns."
54440560,"That person uses Public transports if: the destination is served by a direct route that does not require changing modes, as they view it as a viable alternative that doesn't limit their activities. Use Private modes if: the trip requires a high degree of flexibility in destination and schedule, which they perceive as the primary benefit of their car. Use Soft modes if: the journey is for a very short and routine distance, where the simplicity of walking or biking is the most convenient option and avoids potential car-related hassles like parking or traffic."
54440574,"That person uses Public transports if: the journey is time-sensitive and requires punctuality, as they are very comfortable with transfers and feel the network is sufficient for their needs. Use Private modes if: the absolute priority is flexibility in destination and timing, and parking is known to be readily available. Use Soft modes if: the trip is for short distances where they can avoid the car's parking hassles and time unreliability, or for connecting to public transport hubs."
54440575,"That person uses Public transports if: the journey requires predictable travel times and may involve transfers, as they are comfortable with multi-modal trips. Use Private modes if: the trip demands maximum flexibility in destination and schedule, as they value the car's freedom and are not concerned about parking. Use Soft modes if: the travel distance is short, offering a convenient and direct option for a specific activity or for connecting to another form of transport."
54440583,"That person uses Public transports if: the car is unavailable or when the destination has severe parking constraints that make driving more inconvenient than the perceived limitations of transit, Use Private modes if: the journey requires high flexibility, punctuality, and a direct route, as this is their habitual and most trusted option, Use Soft modes if: the destination is very close, making it the most direct and simple way to avoid the hassle of parking the car for a short trip."
54440873,"That person uses Public transports if: it is for a regular or habitual journey, as they perceive it to be their main or only viable option and it does not limit their activities. Use Private modes if: the trip is not time-sensitive and parking is guaranteed and easy, as they strongly dislike looking for a parking space and do not believe a car ensures punctuality. Use Soft modes if: the distance is short, making it a practical choice for local trips or as a way to access public transport hubs."
54440922,"That person uses Public transports if: a direct, single-vehicle route is available to a destination where parking is a significant problem, as this would be an exception to their dislike for transfers and activity limitations. Use Private modes if: the journey requires maximum flexibility and freedom, as it is their habitual mode for getting to activities, even though they find it unreliable for being on time. Use Soft modes if: the trip is over a short distance where parking a car would be a major inconvenience, making walking or cycling the most direct and hassle-free option."
54441127,"That person uses Public transports if: it is the only perceived option for a regular trip, such as a commute, despite feeling that it limits their ability to do other activities. Use Private modes if: it is an absolute necessity for a specific trip where public transport is not an option at all, as they view cars as highly unreliable for arriving on time. Use Soft modes if: the distance is short, as this would be the preferred choice to maintain control and reliability, avoiding the perceived limitations of both cars and public transport."
54540022,"That person uses Public transports if: their private vehicle is unavailable and the destination is unreachable by soft modes, forcing them to use what they perceive as a highly restrictive alternative. Use Private modes if: the journey requires flexibility and freedom to maintain their activity schedule, making it their default and habitual choice for nearly all trips. Use Soft modes if: the destination is extremely close, making it the most direct and convenient option for a very short trip."
54540027,"That person uses Public transports if: the trip requires a predictable arrival time and the destination is known to have difficult or expensive parking, as they are not concerned about transfers or activity limitations. Use Private modes if: the journey requires maximum flexibility in destination and timing, such as for non-routine trips, and punctuality is not a critical factor. Use Soft modes if: the distance is short, making it the most reliable option to avoid both traffic delays and the significant hassle of finding a parking spot."
54540135,"That person uses Public transports if: their private vehicle is completely unavailable, as they feel they have no other alternatives for their travel. Use Private modes if: the trip requires flexibility, reliability, and punctuality, as this is their habitual and default choice for all main activities. Use Soft modes if: the destination is at a very short distance where driving and parking would be more inconvenient than the journey itself."
54540163,"That person uses Public transports if: the destination has significant parking difficulties and the trip is simple enough that it won't restrict their planned activities, Use Private modes if: the journey requires maximum flexibility to go anywhere and complete multiple activities that would otherwise be cancelled, Use Soft modes if: the trip is over a short distance where the inconvenience of driving and finding a parking spot is greater than the effort of walking or cycling."
54540270,"That person uses Public transports if: the destination has significant parking challenges and punctuality is more critical than the flexibility of the journey, Use Private modes if: the trip requires high flexibility in destination and timing that cannot be met by other options, even though they find it unreliable for being on time and strongly dislike parking, Use Soft modes if: the trip is over a very short distance where driving is impractical due to parking hassles and the journey is simple."
54540466,"That person uses Public transports if: the destination has severe parking difficulties or predictable, heavy traffic, making the car a more stressful and less reliable option, Use Private modes if: the journey requires flexibility to go anywhere at any time and parking is not a significant issue, Use Soft modes if: the travel distance is very short for a simple, non-essential trip where the convenience of a vehicle is unnecessary."
54540683,"That person uses Public transports if: the journey is predictable and follows a direct route that does not require changing modes, as they dislike transfers. Use Private modes if: the trip requires maximum flexibility to go anywhere at any time, or when a seamless, door-to-door journey is the top priority. Use Soft modes if: the destination is very close, making it more convenient and practical to walk or bike than to deal with a vehicle for a short distance."
54540812,"That person uses Public transports if: a direct, single-vehicle route is available to the destination, as they strongly dislike making transfers but believe public transport does not significantly limit their activities. Use Private modes if: the journey requires flexibility and a direct door-to-door trip, as this is their habitual mode and they are not deterred by the need to find parking. Use Soft modes if: the travel distance is very short, making it impractical to use a car, or for recreational purposes."
54540917,"That person uses Public transports if: arriving on time is crucial and the destination has known parking difficulties, even if it means sacrificing some flexibility in their schedule. Use Private modes if: the primary need is the freedom to go anywhere at any time, especially for trips to locations that are not well-served by other options and where parking is not a major concern. Use Soft modes if: the trip is for a short distance, as this person is open to using different modes of transport and strongly dislikes the hassle of searching for a parking space."
54541011,"That person uses Public transports if: it is for their regular activities, as they perceive it as their only viable option and it sufficiently meets their travel needs without limiting their plans. Use Private modes if: this option is not considered, as they do not have access to a private vehicle. Use Soft modes if: the travel distance is short or when it is required to connect to the public transport network."
54541019,"That person uses Public transports if: it is the only viable option for a trip, likely forced by an extreme lack of parking at the destination, as they feel it severely restricts their activities. Use Private modes if: the trip requires reliability and the flexibility to go anywhere at any time, which they feel only a car provides, making it their default ""no alternative"" choice for most travel. Use Soft modes if: the destination is very close, as they dislike the hassle of finding a parking spot and prefer direct, single-mode journeys for short distances."
54541081,"That person uses Public transports if: their destination is well-served by the network, as they strongly believe this mode does not restrict their activities. Use Private modes if: it is an exceptional circumstance where no other transport is available, as the survey responses indicate they do not regularly use a car. Use Soft modes if: the travel distance is short or when needing to connect to a public transport station for the first or last part of their journey."
56080019,"That person uses Public transports if: the journey is time-sensitive and requires a predictable arrival time, as they perceive the car as unreliable and are comfortable with making transfers. Use Private modes if: the trip requires high flexibility in destination or timing, and a precise arrival time is not the most critical factor. Use Soft modes if: the travel distance is short, allowing them to avoid both the car's potential delays and the fixed schedules of public transit for local errands or first/last-mile connections."
56080089,"That person uses Public transports if: the destination has difficult or expensive parking and the journey can be completed with minimal transfers. Use Private modes if: the trip requires a high degree of flexibility to go anywhere at any time, or for habitual journeys where it is perceived as the only alternative. Use Soft modes if: the destination is close enough to make the journey short and direct, thereby avoiding the disliked task of finding a parking space."
56080090,"That person uses Public transports if: their primary mode is unavailable or impractical for the destination, and the journey can be completed on a single direct route without transfers. Use Private modes if: the trip is part of their established daily routine, as they strongly value the perceived reliability, flexibility, and seamlessness of a single-mode journey. Use Soft modes if: the destination is very close and the trip is for leisure or non-essential purposes where punctuality is not a primary concern."
56080105,"That person uses Public transports if: it is their primary and necessary option for most travel, as they perceive having no other alternative and find it restrictive for certain activities. Use Private modes if: they need to reach a destination or perform activities that are not feasible with the limited flexibility of public transport, likely as a passenger. Use Soft modes if: the destination is for a short-distance trip or when it is required to connect with public transport services, as they are comfortable with changing modes during a journey."
56080129,"That person uses Public transports if: the service provides a direct route to their destination, as they dislike changing transport modes during a journey. Use Private modes if: it is the absolute last resort for a destination inaccessible by other means and where parking is guaranteed not to be an issue. Use Soft modes if: the destination is close enough for a short, simple, and direct trip."
56080130,"That person uses Public transports if: the service provides a direct, single-mode journey that does not constrain their planned activities, Use Private modes if: the need for flexibility to reach a specific destination outweighs the significant drawbacks of potential delays and parking difficulties, Use Soft modes if: the trip is for a short, predictable distance, as this avoids both the unreliability of their car and the inconvenience of transfers or activity limitations associated with public transport."
56080316,"That person uses Public transports if: the journey is time-sensitive and to a destination with known parking difficulties, as they perceive public transport as a reliable alternative that does not restrict their activities. Use Private modes if: the destination is hard to reach by other means and maximum flexibility is required, even though they dislike parking and do not trust the car to be on time. Use Soft modes if: the trip is over a short distance, which allows them to completely avoid the parking hassles and potential traffic delays associated with driving."
56080898,"That person uses Public transports if: traveling to a destination where parking is known to be extremely difficult or unavailable, forcing them to abandon their preferred mode. Use Private modes if: the trip is part of their regular routine, as this is their default and habitual choice that provides maximum freedom, flexibility, and perceived reliability. Use Soft modes if: the travel distance is very short, making it more inconvenient or illogical to drive and park than to simply walk or cycle."
70130057,"That person uses Public transports if: the destination is conveniently accessible by the network, as they believe it does not force them to cancel activities. Use Private modes if: this is their habitual, default choice for regular activities, driven by a strong belief in the car's freedom, flexibility, and reliability. Use Soft modes if: the travel distance is very short or the trip is for recreational purposes, as they rely on a primary mode for most travel."
70130105,"That person uses Public transports if: the journey is simple and does not involve a complex schedule, as their willingness to change transport modes makes them open to it, especially for destinations with difficult parking. Use Private modes if: the trip requires a high degree of flexibility to accomplish multiple activities that would otherwise be cancelled, making the car's convenience outweigh their strong dislike of finding a parking space. Use Soft modes if: the distance is short and the trip is for a single, simple purpose, which avoids both the parking hassle of a car and the activity constraints of public transport."
70130259,"That person uses Public transports if: the destination is too far to walk or cycle and a direct route is available, as they dislike changing modes during a trip. Use Private modes if: this mode is not a viable option, as they do not have access to a personal car. Use Soft modes if: the destination is close enough to allow for a direct, single-mode journey without transfers."
70130293,"That person uses Public transports if: the destination has significant parking difficulties and the journey can be completed with minimal or no transfers, Use Private modes if: the trip requires a high degree of flexibility and punctuality, and parking is manageable, Use Soft modes if: the distance is short, and the trip is for a local or recreational purpose where parking a car would be a significant inconvenience."
70130402,"That person uses Public transports if: the destination is well-serviced by the network and known to have difficult or expensive parking, Use Private modes if: the trip requires a high degree of flexibility in timing or destination where other modes are not viable, and parking is not a major issue, Use Soft modes if: the destination is nearby for a short, routine trip where it is more convenient than dealing with a vehicle."
70130414,"That person uses Public transports if: a direct route is available that bypasses traffic and avoids the significant hassle of parking, Use Private modes if: the need for flexibility to go anywhere at any time is the top priority and they feel it is the only viable option for the trip, Use Soft modes if: the destination is very close, making it impractical to deal with the car's potential time delays and difficult parking."
70130765,"That person uses Public transports if: it is their habitual mode for most journeys, as they feel they have no alternative and are not bothered by transfers. Use Private modes if: it is an exceptional circumstance where no other option is available, as they do not perceive cars as reliable and strongly dislike looking for parking. Use Soft modes if: the travel distance is short or when needing to access public transport stops and stations."
70130813,"That person uses Public transports if: they are absolutely forced to, as they perceive it as a restrictive option that limits their activities and feel they have no other alternative for that specific trip. Use Private modes if: it is their habitual, default choice, as it provides a strong sense of freedom, flexibility, and punctuality that aligns with their lifestyle. Use Soft modes if: the distance is very short and unavoidable, likely as a last-mile component of a car trip (e.g., walking from a parking spot), as they dislike changing transport modes."
70130947,"That person uses Public transports if: the destination has significant parking problems and the journey is direct with few or no transfers. Use Private modes if: flexibility, reliability, and the ability to visit multiple locations are the top priorities for the journey. Use Soft modes if: the travel distance is very short, making it the most practical option to avoid the inconvenience of parking."
70130969,"That person uses Public transports if: the destination is in a congested area where parking is known to be difficult, as they view it as a viable alternative that does not limit their activities. Use Private modes if: the trip requires maximum flexibility and reliability, and parking at the destination is easy and guaranteed. Use Soft modes if: the distance is short or when connecting to a public transport hub, completely avoiding the hassle of finding a parking space."
70130998,"That person uses Public transports if: it is for a regular, habitual journey where the schedule is predictable, despite perceiving it as limiting their overall flexibility, Use Private modes if: it is the only viable option for a specific, non-routine trip, as they do not have regular access to a car and strongly dislike parking, Use Soft modes if: the distance is short and they require more flexibility than the public transport network offers for that specific trip."
70140103,"That person uses Public transports if: a single, direct route without any transfers is available and the trip does not require flexibility for other activities, Use Private modes if: the destination is completely inaccessible by other means and parking is guaranteed to be simple and available, Use Soft modes if: the destination is within a reasonable distance, as this mode avoids both transfers and parking problems, making it the preferred choice for direct, simple journeys."
70140141,"That person uses Public transports if: the destination is likely to have significant parking difficulties and when a reliable travel time is more important than door-to-door flexibility. Use Private modes if: the trip demands a high degree of flexibility in terms of destination and timing, and parking is known to be easy and available. Use Soft modes if: the journey is for a short distance, allowing them to completely avoid the hassles of traffic unreliability and the strong dislike of searching for parking."
70140142,"That person uses Public transports if: it is their only perceived viable option for a routine trip, as they feel they have no alternative and are accustomed to a usual mode of transport. Use Private modes if: the trip requires maximum flexibility in destination and timing that public transport cannot provide, and when punctuality and parking are not primary concerns. Use Soft modes if: the distance is short, making it a convenient way to avoid the car's unreliability and parking hassles, or when it's a necessary part of a larger public transport journey."
70140229,"That person uses Public transports if: the destination has extremely difficult or prohibitively expensive parking, making the car completely unfeasible, as they perceive public transport to be highly restrictive. Use Private modes if: the journey requires flexibility, reliability, and a seamless, single-mode trip, which is their default choice for nearly all activities. Use Soft modes if: the destination is at a very short distance where the hassle of driving and parking would be impractical."
70140237,"That person uses Public transports if: the journey can be completed on a single, direct route without transfers and when their activities are simple and do not require the flexibility to make extra stops, Use Private modes if: the destination has guaranteed and easy parking and when travel time reliability is not the highest priority, Use Soft modes if: the distance is short, as this mode provides a direct, reliable journey while completely avoiding the major dislikes of parking and transfers."
70140247,"That person uses Public transports if: the destination has extremely difficult or expensive parking and the journey can be completed with a direct route, as they dislike transfers and feel public transport limits their activities. Use Private modes if: the trip requires flexibility, guaranteed on-time arrival, and parking at the destination is manageable, as this is their habitual and preferred mode for freedom and reliability. Use Soft modes if: the destination is very close, making it more convenient to walk or bike than to deal with the hassle of driving and finding a parking spot for a short trip."
70140251,"That person uses Public transports if: it is the absolute only option available because the destination is inaccessible by car or parking is known to be impossible, Use Private modes if: it is the default and habitual choice for any trip that requires flexibility and punctuality, as it is perceived as the only way to maintain their full schedule of activities, Use Soft modes if: the trip is for a non-essential purpose over a very short distance where taking a car would be highly impractical."
70140281,"That person uses Public transports if: the trip is routine and punctuality is more important than flexibility, as the car is not perceived as reliable for being on time. Use Private modes if: the journey requires the freedom to go anywhere at any time or to complete multiple activities, and potential delays or parking difficulties are an acceptable risk. Use Soft modes if: the destination is nearby and known to have significant parking challenges, making walking or cycling the most convenient and hassle-free option."
70140294,"That person uses Public transports if: their destination is inaccessible by car and a simple, direct route is available, as they strongly dislike changing transport modes. Use Private modes if: the trip requires flexibility and punctuality, as this is their habitual and most trusted option for a seamless, door-to-door journey. Use Soft modes if: the distance is very short and the trip is for leisure or non-time-sensitive activities."
70140295,"That person uses Public transports if: the destination has significant parking constraints and the travel plan is simple without requiring multiple stops, as they perceive public transport as limiting their activities. Use Private modes if: the journey requires maximum flexibility to go anywhere at any time, especially for multi-stop trips where parking is not a major concern. Use Soft modes if: the trip is over a short distance where the strong dislike of searching for a parking space makes driving a car more inconvenient."
70740047,"That person uses Public transports if: travel time needs to be predictable and the destination has difficult parking, as they perceive public transport as a viable alternative despite its limitations on activity planning. Use Private modes if: the trip requires maximum flexibility for location and timing, such as for complex, multi-stop journeys, even though they acknowledge issues with punctuality and parking. Use Soft modes if: the distance is short or to connect with other transport services, leveraging their openness to multi-modal travel and dislike of searching for parking."
70740120,"That person uses Public transports if: the destination is well-served by the network and travel time predictability is more important than flexibility, Use Private modes if: the trip requires high flexibility in destination and timing, as it is their habitual choice and perceived only option for regular activities, Use Soft modes if: the distance is very short and the trip is for a non-essential or recreational purpose that falls outside of their routine travel."
70740186,"That person uses Public transports if: it is the only viable option for a trip that does not require any transfers, as they strongly dislike changing modes. Use Private modes if: the journey requires flexibility and the destination has guaranteed or easy parking, as the hassle of finding a parking spot is a major deterrent. Use Soft modes if: the distance is short, as this allows for a direct, seamless journey that completely avoids the problems of both parking and transfers."
70740215,"That person uses Public transports if: their primary mode of transport is unavailable and the destination can be reached without transfers, as they perceive public transport as restrictive and inconvenient. Use Private modes if: the trip is part of their daily routine or requires flexibility in timing and destination, as they feel it is their only reliable option for maintaining their activities. Use Soft modes if: the destination is exceptionally close for a minor, non-essential trip where driving would be impractical."
70740257,"That person uses Public transports if: the destination is in a congested area where parking is difficult, as they are not limited by public transport schedules and are comfortable with transfers. Use Private modes if: the trip requires maximum flexibility in destination and timing, and the convenience of going anywhere outweighs the known issues of traffic unreliability and parking. Use Soft modes if: the distance is short, allowing them to avoid the unpredictability and parking hassles of the car, or when connecting to a public transport service."
70740266,"That person uses Public transports if: the destination has known parking difficulties, as they strongly dislike searching for parking and are not bothered by transfers. Use Private modes if: the journey requires high flexibility and guaranteed on-time arrival, and parking is readily available at the destination. Use Soft modes if: the travel distance is short or as part of a multi-modal trip to connect with public transport, thereby avoiding parking issues entirely."
70740299,"That person uses Public transports if: the destination has difficult parking and a predictable arrival time is important, Use Private modes if: the need for flexibility to go anywhere outweighs the significant hassle of parking and potential delays, Use Soft modes if: the distance is short, allowing them to avoid the disadvantages they perceive in motorized transport."
70740427,"That person uses Public transports if: the destination has significant parking difficulties, as they are not bothered by making transfers and do not perceive public transport as limiting their activities. Use Private modes if: the trip requires a high degree of flexibility and perceived punctuality, and parking is not a major concern. Use Soft modes if: the travel distance is short, making it a convenient way to avoid the disliked task of searching for a parking space."
80630371,"That person uses Public transports if: their primary mode of transport is unavailable or the destination is inaccessible by car, as they feel it restricts their activities. Use Private modes if: the trip requires flexibility, reliability, and a door-to-door journey without transfers, making it their habitual and preferred choice. Use Soft modes if: the travel distance is very short, making a car impractical, or for recreational activities."
90300011,"That person uses Public transports if: the journey is direct and requires no transfers, especially to a destination where parking is known to be difficult. Use Private modes if: the trip requires flexibility and convenience, particularly when easy parking is available, as this is their habitual and preferred single-mode option. Use Soft modes if: the destination is for a short-distance trip, which allows for a seamless door-to-door journey while completely avoiding the strong dislike for parking hassles."
90300012,"That person uses Public transports if: the journey can be completed using a single, direct line without any transfers, particularly to a destination where parking is known to be difficult. Use Private modes if: the destination offers easy and predictable parking, and the trip requires the flexibility to go anywhere without a strict schedule. Use Soft modes if: the destination is very close, making it the most straightforward and simple option that avoids both parking and transfer hassles."
90300013,"That person uses Public transports if: the destination is well-served by the network and punctuality is more important than route flexibility, Use Private modes if: the trip requires maximum flexibility for destination or schedule, and parking is readily available, Use Soft modes if: the trip is for a short distance where parking is difficult, and travel time is predictable."
90300138,"That person uses Public transports if: the destination has severe parking difficulties or high costs, and there is a direct route available that does not require changing vehicles. Use Private modes if: the destination offers easy and predictable parking, as they value the flexibility and perceived punctuality of the car for their activities. Use Soft modes if: the trip is for a very short distance where walking or cycling is the most convenient door-to-door option, thereby avoiding the disliked task of searching for parking."
90300157,"That person uses Public transports if: the car is completely unavailable and the destination has severe parking difficulties, as they strongly dislike transfers and are inexperienced with public transport. Use Private modes if: this is their habitual, default choice for almost any activity, as they perceive it as the most reliable and flexible option for going wherever and whenever they want. Use Soft modes if: the trip is for very short distances where the inconvenience of finding a parking spot outweighs the benefits of driving."
90300161,"That person uses Public transports if: the destination is known to have significant parking difficulties, and the journey can be made with minimal transfers, as the inconvenience of parking must outweigh the perceived loss of flexibility. Use Private modes if: the trip demands flexibility, punctuality, and the freedom to travel without being restricted by a schedule, and the hassle of parking is considered a manageable trade-off. Use Soft modes if: the distance is short, allowing for a convenient door-to-door journey that completely avoids the disliked tasks of finding a parking space and changing transport modes."
90300331,"That person uses Public transports if: the destination is well-served by the transit network and the trip does not require complex scheduling, as they are neutral about making transfers or potential activity limitations. Use Private modes if: the trip requires a high degree of flexibility and guaranteed punctuality, as they perceive their car as a reliable tool to go wherever and whenever they want. Use Soft modes if: the trip is for a short distance, such as a local errand or accessing other transport options, since they do not have a single usual mode of transport and consider alternatives."
90300344,"That person uses Public transports if: their primary private vehicle is unavailable and they have no other choice, as they feel locked into their current mode. Use Private modes if: it is their default and habitual choice for almost any activity, as they value the ability to go anywhere at any time and believe it ensures they will be on time. Use Soft modes if: the destination is very close and the significant dislike of finding a parking spot outweighs the convenience of taking the car for a short trip."
90300345,"That person uses Public transports if: punctuality is critical and the destination likely has parking challenges, as they do not feel public transport limits their activities and they strongly distrust the car for being on time. Use Private modes if: the trip demands absolute flexibility in destination and schedule ('go wherever and whenever') and punctuality is not a major concern. Use Soft modes if: the trip is for short, predictable distances where they can avoid both the car's unreliability and parking hassles, likely as part of their usual routine for local activities."
90300367,"That person uses Public transports if: the destination has known parking difficulties and the available service does not significantly limit their planned activities. Use Private modes if: the trip requires flexibility, multiple stops, or a guaranteed on-time arrival, and parking is expected to be manageable. Use Soft modes if: the trip is over a short distance where the inconvenience of finding a parking spot for a car outweighs the benefit of driving."
90300423,"That person uses Public transports if: the journey is direct without requiring transfers and the destination has significant parking difficulties, Use Private modes if: the trip requires high flexibility in timing or destination, and a predictable arrival time is crucial, Use Soft modes if: the distance is short, allowing for a convenient door-to-door trip that avoids the hassle of finding a parking spot."
90300470,"That person uses Public transports if: punctuality is important, as they do not perceive public transport as limiting their activities and are comfortable with transfers. Use Private modes if: the trip requires high flexibility in terms of destination or schedule, as they value the car's freedom to go anywhere, anytime, despite its perceived unreliability for on-time arrival. Use Soft modes if: the distance is short or as part of a larger multi-modal trip, as they are not committed to a single mode of transport and are open to combining different options."
90300827,"That person uses Public transports if: it is the only available option for a direct journey, as they perceive public transport as limiting their activities and dislike transfers, Use Private modes if: the trip requires maximum flexibility to go anywhere and accomplish multiple activities, which they feel only the car provides, Use Soft modes if: the distance is short and travel time reliability is more important than flexibility, as they find the car unreliable for being on time."
90300910,"That person uses Public transports if: a punctual arrival is important and the destination has known parking difficulties, as long as the trip's schedule is simple enough not to be constrained by transit limitations. Use Private modes if: maximum flexibility in destination and timing is the priority, and the journey does not have a strict deadline, particularly when parking is not an issue. Use Soft modes if: the distance is short, as this allows for a reliable and flexible trip that completely avoids the significant problems of parking and potential traffic delays associated with their car."
90301125,"That person uses Public transports if: the destination has significant parking constraints and the journey requires minimal transfers. Use Private modes if: the trip requires high flexibility in timing and destination, making it their default, habitual choice for which they feel there is no good alternative. Use Soft modes if: the distance is very short for a simple, single-purpose trip where the inconvenience of driving and parking outweighs the benefit."
90301139,"That person uses Public transports if: the destination has guaranteed parking difficulties or high costs, making the private car an impractical option despite the perceived inconvenience of public transit; Use Private modes if: the journey requires a high degree of reliability for punctuality and the flexibility to travel without restrictions, which are valued more than the inconvenience of finding a parking space; Use Soft modes if: the distance is very short, making it more convenient to walk or bike than to deal with car parking, and the trip is direct without the need for complex travel chains."
90302016,"That person uses Public transports if: a direct service is available to the destination, as they feel constrained by a lack of alternatives and prefer not to transfer between different modes. Use Private modes if: it is the only practical way to make a direct, single-mode journey, as they do not perceive the car as being particularly flexible or reliable for being on time. Use Soft modes if: the destination is close enough to make it the most simple and direct travel option available."
90320070,"That person uses Public transports if: it is for their habitual, routine travel, as they perceive it as their only viable option and it sufficiently covers their activity needs. Use Private modes if: it is an exceptional circumstance where no other transport is available, as they strongly feel a car does not provide flexibility or guarantee timeliness. Use Soft modes if: the destination is very close or to connect to a public transport station, serving as a first or last-mile solution."
90320178,"That person uses Public transports if: the travel time is predictable and the destination is in a congested area, as they are not concerned with transfers and find driving unreliable for being on time. Use Private modes if: the trip is to a destination not well-served by other options or requires significant flexibility that public transport cannot offer, despite the strong dislike for finding parking. Use Soft modes if: the distance is short, allowing for a reliable journey that completely avoids the traffic and parking frustrations they associate with car use."
90320344,"That person uses Public transports if: the destination has significant parking difficulties or high costs, and the journey is simple enough that it does not limit their other activities. Use Private modes if: punctuality and the flexibility to go anywhere at any time are the top priorities for the trip. Use Soft modes if: the destination is very close, making the effort of finding a parking spot for a car more inconvenient than walking or cycling."
90320560,"That person uses Public transports if: it is for a regular activity or when being on time is important, as they perceive public transit as a reliable mode that does not limit their access to activities. Use Private modes if: there is absolutely no other alternative to reach a destination and punctuality is not a concern, given their strong distrust in the car's ability to ensure a timely arrival. Use Soft modes if: the travel distance is short or as a means to connect to a public transport hub, since they are neutral about making transfers during a journey."
90320647,"That person uses Public transports if: it is their established, habitual mode for regular activities, as they feel they have no other viable alternative. Use Private modes if: the trip is essential, punctuality is critical, and they are certain that parking at the destination will not be an issue. Use Soft modes if: the travel distance is short or it is part of a multi-modal journey to connect with a public transport stop, as they are not averse to transfers."
90320692,"That person uses Public transports if: it is for a routine activity on a direct route, as this is their habitual mode and they feel they have no alternative. Use Private modes if: it is an exceptional trip of last resort to a destination that is otherwise inaccessible and has guaranteed easy parking, given their strong dislike for parking and lack of faith in the car's reliability. Use Soft modes if: the destination is very close, allowing for a simple, direct journey that avoids the potential for transfers and the hassles associated with car use."
90320710,"That person uses Public transports if: it is for a routine activity, as they feel they have no alternative and it does not limit their ability to do what they need to do. Use Private modes if: it is an exceptional circumstance, as they do not perceive a car as an accessible or flexible option for their regular travel. Use Soft modes if: the distance is short or as a means to connect to their primary public transport option, since they are neutral about transfers."
90320748,"That person uses Public transports if: their primary mode is unavailable or when traveling to a destination where parking is known to be exceptionally difficult, forcing them to accept the perceived limitations on their activities. Use Private modes if: the trip is part of their established daily routine and requires the flexibility to go anywhere and connect multiple activities, as they feel they have no other viable alternative. Use Soft modes if: the destination is very close for a minor, non-essential trip where convenience and speed are not the main priorities."
90320760,"That person uses Public transports if: it is their primary, habitual mode for regular travel, as they perceive it as their only viable alternative, Use Private modes if: it is an exceptional circumstance, such as receiving a lift from someone, as they do not have access to a personal vehicle, Use Soft modes if: the destination is within a short distance or when connecting to a public transport stop."
90320845,"That person uses Public transports if: it is their only perceived viable option for their routine and habitual journeys, as they feel they have no alternative. Use Private modes if: a trip is absolutely essential and the destination is completely inaccessible by other means, despite their dislike for parking and neutral view on car benefits. Use Soft modes if: the destination is very close, making it the most direct and convenient option for a short, single-purpose trip."
90321235,"That person uses Public transports if: the destination is well-served by the network and the trip does not require absolute flexibility, as they are neutral about transfers and the mode's limitations. Use Private modes if: being on time is the most critical factor for the journey and parking is not an issue, as they value the car's punctuality but dislike searching for a parking spot. Use Soft modes if: the travel distance is short, as they do not have a single usual mode of transport and are likely to choose the most convenient option for the specific trip."
90321321,"That person uses Public transports if: the destination is well-served by the network, as they are very comfortable with transfers and do not feel that public transport limits their activities. Use Private modes if: there is absolutely no other viable option, as they strongly disagree that cars are reliable or convenient and have a major aversion to looking for parking. Use Soft modes if: the distance is short, as they are flexible in their travel choices and prefer to avoid the hassles associated with driving."
92460013,"That person uses Public transports if: the car is not a viable option, likely due to severe parking difficulties or high costs at the destination, as they perceive public transport to be restrictive to their activities. Use Private modes if: they require flexibility in schedule and destination, as they feel it is their only reliable and habitual option for getting to places on time and without limitations. Use Soft modes if: the travel distance is very short, making it more convenient to walk or bike than to drive and deal with the hassle of finding a parking space."
92460014,"That person uses Public transports if: the destination has significant parking challenges and travel time must be reliable, as long as the journey is simple and does not require transfers. Use Private modes if: the trip requires high flexibility to go to multiple places or at any time, as this freedom is valued more than the known frustrations of unreliability and parking. Use Soft modes if: the distance is short, making it the most convenient option to completely avoid the strongly disliked hassle of finding a parking space."
92460117,"That person uses Public transports if: it is for a regular, routine journey, especially to a destination where they feel there is no viable alternative due to the significant difficulty of finding parking. Use Private modes if: the trip requires a high degree of flexibility in destination and timing, and convenient parking is guaranteed. Use Soft modes if: the travel distance is short, as this would be the most practical way to avoid the car-related hassles they strongly dislike, such as parking."
92460171,"That person uses Public transports if: the destination is well-served by the network and when avoiding the stress of parking and unpredictable travel times is the main priority, even if it means sacrificing some flexibility. Use Private modes if: the trip requires maximum flexibility to visit multiple or poorly-served locations, and the need to complete all planned activities outweighs the significant frustrations of potential delays and finding parking. Use Soft modes if: the journey is short and predictable, making it a reliable and convenient way to completely avoid the known hassles of driving like traffic and parking."
92460281,"That person uses Public transports if: their private car is completely unavailable, as they perceive public transport as highly restrictive and an absolute last resort. Use Private modes if: the trip requires flexibility and punctuality, as they feel the car is the only viable option that allows them to go anywhere, be on time, and not miss out on activities. Use Soft modes if: the destination is extremely close for a non-essential trip, where the inconvenience of driving and parking outweighs the benefit of using the car."
92460355,"That person uses Public transports if: the destination is known to have significant parking difficulties, as this is a notable dislike, and the public transport option does not severely limit their planned activities. Use Private modes if: it is their habitual choice for most trips, valued for its perceived reliability in being on time and the freedom to go anywhere, particularly when they feel there are no other viable options. Use Soft modes if: the travel distance is short, making it more convenient to walk or bike than to deal with the hassle of driving and finding a parking spot."
92460361,"That person uses Public transports if: the destination is known to have significant parking difficulties and the route is direct, as they dislike interchanges but do not feel public transport limits their activities. Use Private modes if: the trip requires maximum flexibility in destination and timing, as they perceive the car as the most versatile option and it is their habitual mode of transport. Use Soft modes if: the travel distance is short, as this would be a practical way to avoid their stated dislike of searching for a parking space."
92460638,"That person uses Public transports if: the destination is known to have difficult or expensive parking, as they believe public transport does not limit their activities and they are not bothered by making transfers. Use Private modes if: the journey requires a high degree of flexibility to go anywhere at any time, and parking is known to be readily available. Use Soft modes if: the distance is short, making it a practical way to avoid the disliked task of searching for a parking space."
92460665,"That person uses Public transports if: the destination has guaranteed and severe parking problems or traffic, making the car's known unreliability and hassle completely impractical. Use Private modes if: the need for absolute flexibility in destination and the ability to engage in multiple activities is paramount, forcing them to tolerate the hassles of parking and potential delays. Use Soft modes if: the distance is short enough that it becomes the most convenient and direct single-mode option, avoiding the complexities of other modes."
92460719,"That person uses Public transports if: the destination is well-connected, arrival time is more critical than en-route flexibility, and the hassle of parking outweighs the inconvenience of a fixed schedule. Use Private modes if: the trip requires a high degree of flexibility or involves destinations poorly served by other options, making it the only perceived way to complete all desired activities. Use Soft modes if: the distance is short, and the destination is in an area where parking is particularly difficult, making it a practical and efficient choice to avoid car-related frustrations."
92460819,"That person uses Public transports if: the destination is in a congested area where parking is a known difficulty and the car is perceived as unreliable for arriving on time. Use Private modes if: the trip is to a location with guaranteed and easy parking, and punctuality is not the primary concern. Use Soft modes if: the travel distance is short, making walking or cycling the most direct and hassle-free option for local errands."
95240035,"That person uses Public transports if: their private vehicle is completely unavailable, as they feel it is a restrictive option with no other alternative, Use Private modes if: the trip is part of their daily routine, as they perceive the car as the only mode that offers complete freedom, reliability, and the ability to maintain their schedule, Use Soft modes if: the travel distance is extremely short and the trip is for non-essential or recreational purposes where the convenience of a car is not a factor."
95240036,"That person uses Public transports if: the car is unavailable or completely impractical for the destination, as they perceive public transport to be highly restrictive and would only use it out of necessity. Use Private modes if: the journey requires flexibility, reliability, and a direct door-to-door trip, making it their habitual and preferred choice for almost all activities. Use Soft modes if: the destination is extremely close, making the car inconvenient for such a short distance, or for recreational purposes."
95240138,"That person uses Public transports if: it is for their regular, habitual activities, as they strongly feel they have no other alternative for their main journeys. Use Private modes if: they have a rare opportunity to get a ride for a trip where punctuality is extremely important, as they do not have regular access to a car but perceive it as a reliable way to be on time. Use Soft modes if: the travel distance is very short, making it more convenient than using their usual mode of transport."
95240293,"That person uses Public transports if: the journey is predictable and time-sensitive, as they feel it is the only reliable alternative for trips where car travel time is unpredictable and parking is a major issue. Use Private modes if: the destination is not well-served by other options and flexibility is the top priority, and when punctuality is not a concern. Use Soft modes if: the distance is short or as part of a larger multimodal journey, leveraging their willingness to change transport modes to avoid the car's drawbacks."
95240296,"That person uses Public transports if: the destination is in a congested area with significant parking difficulties and the trip's purpose is singular, not requiring the flexibility for other activities. Use Private modes if: the journey demands absolute freedom in timing and destination, reliability is critical, and multiple activities are planned. Use Soft modes if: the trip is for a short, routine distance where the inconvenience of finding a parking spot for a car outweighs the benefit of driving."
95240363,"That person uses Public transports if: the trip is a simple, direct journey to a destination where parking is known to be difficult, as they perceive public transport as too restrictive for complex activity schedules, Use Private modes if: the trip requires a high degree of flexibility in destination and timing, and the inconvenience of parking is outweighed by the need to reach places or chain activities not well-served by other modes, Use Soft modes if: the distance is short, allowing them to completely avoid the parking hassles they dislike and the activity limitations they associate with public transport."
95240423,"That person uses Public transports if: the trip requires a predictable arrival time to a destination where parking is known to be difficult, as long as the journey does not involve too many transfers. Use Private modes if: the absolute priority is flexibility in destination and timing, and when punctuality is not critical or parking is guaranteed and easy. Use Soft modes if: the destination is nearby, allowing for a direct, short-distance trip that completely avoids the strongly disliked hassle of searching for a parking space."
95240547,"That person uses Public transports if: the trip is a regular, habitual journey for which they feel they have no alternative, Use Private modes if: the trip demands maximum flexibility in destination and timing, as they value the car's freedom and are not deterred by parking, Use Soft modes if: the destination is close enough to allow for a convenient, direct door-to-door journey."
95240586,"That person uses Public transports if: it is their habitual and primary mode for most activities, as they perceive no viable alternatives and find it sufficient for their needs. Use Private modes if: it is an exceptional circumstance, such as getting a ride from someone else, as they do not regularly use a private car. Use Soft modes if: the destination is very close, making it practical for short-distance travel or for accessing a public transport stop."
95240673,"That person uses Public transports if: the destination is well-served by the network and does not limit their activities, as they are open to multi-modal journeys. Use Private modes if: the trip requires maximum flexibility in destination and timing, and a punctual arrival is critical, making it their habitual mode of choice. Use Soft modes if: the distance is short or as part of a multi-modal trip, such as walking to a train station."
95240835,"That person uses Public transports if: the travel distance is long or the weather is poor, making walking or cycling impractical. Use Private modes if: this is not a considered option, as the person indicates they do not have access to a private car. Use Soft modes if: the destination is nearby and the weather conditions are favorable, allowing for a flexible and low-cost journey."
95240891,"That person uses Public transports if: the destination has significant parking constraints, as they are comfortable with changing transport modes. Use Private modes if: the journey demands the high level of flexibility and freedom they associate with a car, and parking at the destination is not a concern. Use Soft modes if: the travel distance is short or when used to connect with another mode of transport."
96040078,"That person uses Public transports if: the destination is completely inaccessible by car due to extreme parking unavailability or cost, forcing them to use what they perceive as a highly restrictive alternative. Use Private modes if: it is their habitual and default choice for virtually all trips, as they believe it is the only way to travel with flexibility and punctuality without sacrificing activities. Use Soft modes if: the travel distance is extremely short and for non-essential purposes, such as recreation or walking from a distant parking spot to a final destination."
96040214,"That person uses Public transports if: their primary mode of transport is unavailable and they have no other alternative, accepting that it may limit their activities. Use Private modes if: this is their default and habitual choice for any trip requiring flexibility and reliability, as they strongly prefer single-mode, door-to-door journeys. Use Soft modes if: the destination is extremely close, making it impractical to use a car, and the trip is not time-sensitive."
96040355,"That person uses Public transports if: the destination is in a congested area where parking is a known hassle, and the route is direct, avoiding the need for transfers. Use Private modes if: the journey requires a high degree of flexibility to accomplish multiple activities that would otherwise be cancelled, and when punctuality is not the primary concern. Use Soft modes if: the trip is for a short, predictable distance, allowing them to avoid the parking problems associated with cars and the travel complexities they dislike."
96040363,"That person uses Public transports if: their private car is completely unavailable (e.g., broken down) and they have no other choice, as they perceive public transport as limiting their activities. Use Private modes if: for all regular activities, as they are a habitual user who strongly values the car's freedom, reliability, and is not deterred by challenges like parking. Use Soft modes if: for very short-distance, non-essential, or recreational trips where convenience and the need for a direct journey are not factors."
96040381,"That person uses Public transports if: it is the only available option to arrive on time, especially for destinations with difficult parking, despite the fact it may limit their other activities. Use Private modes if: the trip requires absolute flexibility in destination and timing that other modes cannot offer, and punctuality is not the main concern. Use Soft modes if: the destination is nearby, as it is a reliable way to avoid the major frustrations of parking and unpredictable travel times associated with car use."
96040382,"That person uses Public transports if: the destination has known parking difficulties and arriving on time is a priority, as they perceive cars as unreliable for punctuality. Use Private modes if: the trip requires high flexibility to go anywhere or link multiple activities, which they feel public transport cannot accommodate. Use Soft modes if: the travel distance is short, which allows them to avoid both the parking hassles of a car and the activity constraints of public transport."
96040452,"That person uses Public transports if: the destination has difficult or expensive parking, as they are comfortable with transfers and feel public transport does not limit their activities. Use Private modes if: the trip requires maximum flexibility in destination or timing and parking is not a concern. Use Soft modes if: the distance is short, making it more convenient to walk or cycle than to deal with the hassle of finding a parking spot."
96040496,"That person uses Public transports if: their private vehicle is unavailable and they have absolutely no other alternative for a necessary trip. Use Private modes if: the trip requires flexibility, reliability, and the ability to maintain their activity schedule, making it their default and habitual choice. Use Soft modes if: the destination is at a very short distance where taking a car is impractical, such as moving from a parking spot to the final destination."
96040515,"That person uses Public transports if: their primary mode of transport is unavailable and the journey does not force them to cancel other activities, Use Private modes if: the trip requires flexibility in destination and timing, as this is their habitual mode which they feel they have no alternative to, Use Soft modes if: the destination is extremely close and time is not a critical factor for the journey."
96040537,"That person uses Public transports if: they perceive it as their only viable option for their regular activities, making them a captive user. Use Private modes if: a vehicle is available and they require the flexibility to reach destinations or perform activities that are inaccessible or too restrictive with public transport. Use Soft modes if: the destination is close enough to be reached directly, as they prefer to avoid transfers between different modes of transport."
96040538,"That person uses Public transports if: their primary vehicle is unavailable and there is absolutely no other alternative for an essential trip, as they feel captive to their current mode. Use Private modes if: the journey requires flexibility and reliability, making it their default and habitual choice for all activities. Use Soft modes if: the destination is extremely close, making a short walk more practical than driving and parking."
54200542,"That person uses Public transports if: the destination is well-connected and the journey does not require the absolute flexibility that a car provides, as they are open to changing modes during a trip. Use Private modes if: the priority is having the freedom to go anywhere at any time and to be punctual, as they view their car as a very reliable and flexible option. Use Soft modes if: the distance is short and convenience is key, or when connecting to another form of transport for the first or last part of their journey."
30860447,"That person uses Public transports if: their private vehicle is unavailable and the journey is direct without requiring any transfers, given their strong aversion to changing transport modes. Use Private modes if: they need maximum flexibility to go anywhere at any time, as this is their habitual, single-mode preference which they feel they have no alternative to. Use Soft modes if: the destination is extremely close, making a car trip impractical, or for purely recreational activities."
10360206,"That person uses Public transports if: it is for a regular, habitual trip, as this is their default and perceived only option that adequately serves their activity needs, Use Private modes if: a specific journey requires a high guarantee of punctuality and a direct route, Use Soft modes if: the entire trip is for a very short distance that can be completed as a single-mode journey, satisfying their dislike for transfers."
