trip_id,household_id,person_id,day_id,pernum,daynum,tripnum,travel_day,travel_date,travel_dow,day_iscomplete,svy_complete,depart_date,depart_dow,depart_time_hour,depart_time_minute,depart_time_second,arrive_date,arrive_dow,arrival_time_hour,arrival_time_minute,arrival_time_second,o_in_region,origin_rgcname,origin_county,origin_jurisdiction,origin_tract10,origin_tract20,d_in_region,dest_rgcname,dest_county,dest_jurisdiction,dest_tract10,dest_tract20,distance_meters,distance_miles,duration_minutes,duration_seconds,speed_mph,speed_flag,dwell_mins,days_first_trip,days_last_trip,origin_purpose_cat,origin_purpose,origin_name,dest_purpose_cat,dest_purpose,dest_purpose_other,dest_name,mode_class,mode_1,mode_2,mode_3,mode_4,mode_other_specify,mode_acc,mode_egr,travelers_total,travelers_hh,travelers_nonhh,hhmember1,hhmember2,hhmember3,hhmember4,hhmember5,hhmember6,hhmember7,hhmember8,hhmember9,hhmember10,hhmember11,hhmember12,driver,change_vehicles,taxi_cost_known,taxi_cost_int,analyst_split,analyst_merged,analyst_split_loop,copied_trip,user_split,user_merged,user_added,flag_teleport,trace_quality_flag,pt_density,point_dist_index,survey_year,hh_day_iscomplete,trip_weight,ObjectId,GlobalID
2300559501014,23005595,2300559501,230055950103,1,3,14,Yes,2023-05-01,Monday,Yes,Incomplete,2023-05-01,Monday,19,1,0,2023-05-01,Monday,19,26,0,Yes,Seattle University Community,King County,Seattle,,53033005201,Yes,Not RGC,King County,Seattle,,53033005401,2764.999442304,1.718091,25,1500,4.12342499748,No,10.2166666666667,No,No,Shopping,Went grocery shopping,,Home,Went home,,,Transit,Bus (public transit),Missing Response,Missing Response,Missing Response,,Walked or jogged,Missing: Skip Logic,1 traveler,1 traveler,No other people,Selected,-995,-995,-995,-995,-995,-995,-995,,Missing: Skip Logic,Missing: Skip Logic,Missing: Skip Logic,Driver,-995,Missing Response,,No,No,No,No,Missing Response,Missing Response,No,No teleport detected,No,,,2023,Yes,0.0,62977,5fbd1643-8560-43a5-8f6d-e39090009520
2301062901029,23010629,2301062901,230106290104,1,4,29,Yes,2023-05-05,Friday,Yes,Incomplete,2023-05-05,Friday,13,31,22,2023-05-05,Friday,13,32,0,Yes,Seattle Uptown,King County,Seattle,,53033007203,Yes,Seattle Uptown,King County,Seattle,,53033007203,161.999785728,0.100662,1,38,9.53690194220748,No,14.7833333333333,No,No,Work,Went to primary workplace,,Work-related,"Went to work-related activity (e.g., meeting, delivery, worksite)",,,Drive SOV,Household vehicle 1,Missing Response,Missing Response,Missing Response,,Missing: Skip Logic,Missing: Skip Logic,1 traveler,1 traveler,Missing Response,Selected,Missing: Skip Logic,Missing: Skip Logic,Missing: Skip Logic,Missing: Skip Logic,Missing: Skip Logic,Missing: Skip Logic,Missing: Skip Logic,,Missing: Skip Logic,Missing: Skip Logic,Missing: Skip Logic,Missing: Skip Logic,Missing: Skip Logic,Missing Response,,No,No,No,No,Missing Response,Missing Response,No,No teleport detected,No,,,2023,Yes,0.0,64759,e20c93a9-d0a7-4b7f-9adb-290680ab8f59
2301304102001,23013041,2301304102,230130410201,2,1,1,Yes,2023-05-09,Tuesday,Yes,Incomplete,2023-05-09,Tuesday,8,20,15,2023-05-09,Tuesday,8,23,0,Yes,Not RGC,King County,Seattle,,53033006400,Yes,Not RGC,King County,Seattle,,53033007700,665.000252928,0.413212,3,165,9.01560011345537,No,453.666666666667,Yes,No,Other,Other reason,,Home,Went home,,,Missing Response,Missing Response,Missing Response,Missing Response,Missing Response,,Missing: Skip Logic,Missing: Skip Logic,1 traveler,1 traveler,Missing Response,Not Selected,Selected,Not Selected,Missing: Skip Logic,Missing: Skip Logic,Missing: Skip Logic,Missing: Skip Logic,Missing: Skip Logic,,Missing: Skip Logic,Missing: Skip Logic,Missing: Skip Logic,Missing: Skip Logic,Missing: Skip Logic,Missing Response,,No,No,No,No,Missing Response,Missing Response,No,No teleport detected,No,,,2023,No,0.0,64836,0edb5870-c9c9-429b-be62-b3a01b5cbd36
2302303101014,23023031,2302303101,230230310104,1,4,14,Yes,2023-05-01,Monday,Yes,Incomplete,2023-05-01,Monday,12,33,0,2023-05-01,Monday,12,34,0,Yes,Not RGC,King County,Seattle,,53033004701,Yes,Not RGC,King County,Seattle,,53033004701,312.000302592,0.193868,1,60,11.6325453018121,No,309.583333333333,No,No,Social/Recreation,"Attended recreational event (e.g., movies, sporting event)",,Personal Business/Errand/Appointment,"Medical appointment (e.g., doctor, dentist)",,,Drive SOV,Household vehicle 1,Missing Response,Missing Response,Missing Response,,Missing: Skip Logic,Missing: Skip Logic,1 traveler,1 traveler,Missing Response,Selected,Missing: Skip Logic,Missing: Skip Logic,Missing: Skip Logic,Missing: Skip Logic,Missing: Skip Logic,Missing: Skip Logic,Missing: Skip Logic,,Missing: Skip Logic,Missing: Skip Logic,Missing: Skip Logic,Missing: Skip Logic,Missing: Skip Logic,Missing Response,,No,No,No,No,Missing Response,Missing Response,No,No teleport detected,No,,,2023,Yes,0.0,67294,ff06f9ff-ebd0-43e4-935c-202e4e2d5d53
2304553101038,23045531,2304553101,230455310107,1,7,38,Yes,2023-05-08,Monday,No,Incomplete,2023-05-08,Monday,21,19,0,2023-05-08,Monday,21,31,0,Yes,Not RGC,King County,Seattle,,53033010002,Yes,Not RGC,King County,Seattle,,53033010601,8830.000599552,5.486708,12,720,27.43354,No,0.0,No,Yes,Social/Recreation,"Attended recreational event (e.g., movies, sporting event)",,Home,Went home,,,Transit,"Urban Rail (e.g., Link light rail, monorail, streetcar)",Missing Response,Missing Response,Missing Response,,Walked or jogged,"Drove and parked a car (e.g., a vehicle in my household)",2 travelers,2 travelers,No other people,Selected,Selected,-995,-995,-995,-995,-995,-995,,Missing: Skip Logic,Missing: Skip Logic,Missing: Skip Logic,Missing: Skip Logic,-995,Missing Response,,No,No,No,No,Yes,Missing Response,No,No teleport detected,No,8.48484848484848,44.539313152202,2023,No,0.0,72944,25557766-2b6e-43f1-9fda-334815930896
2304553102003,23045531,2304553102,230455310202,2,2,3,Yes,2023-05-03,Wednesday,Yes,Incomplete,2023-05-03,Wednesday,7,45,0,2023-05-03,Wednesday,7,47,0,Yes,Not RGC,King County,Seattle,,53033010601,Yes,Not RGC,King County,Seattle,,53033010602,223.999763328,0.139187,2,120,4.17565175651757,No,0.933333333333333,Yes,No,Home,Went home,,Social/Recreation,"Social event (e.g., visit friends, family, co-workers)",,,Walk,Walk (or jog/wheelchair),Missing Response,Missing Response,Missing Response,,Missing: Skip Logic,Missing: Skip Logic,1 traveler,1 traveler,Missing Response,Not Selected,Selected,Missing: Skip Logic,Missing: Skip Logic,Missing: Skip Logic,Missing: Skip Logic,Missing: Skip Logic,Missing: Skip Logic,,Missing: Skip Logic,Missing: Skip Logic,Missing: Skip Logic,Missing: Skip Logic,Missing: Skip Logic,Missing Response,,No,No,No,No,Missing Response,Missing Response,No,No teleport detected,No,,,2023,Yes,0.0,72967,c1290801-fe5d-48fe-82e7-cbff9a231071
2304553102029,23045531,2304553102,230455310207,2,7,29,Yes,2023-05-08,Monday,No,Incomplete,2023-05-08,Monday,20,56,0,2023-05-08,Monday,21,21,0,Yes,Not RGC,King County,Seattle,,53033009300,Yes,Not RGC,King County,Seattle,,53033010002,2602.000253952,1.616808,25,1500,3.88034540855265,No,0.0,No,No,Social/Recreation,"Attended recreational event (e.g., movies, sporting event)",,Social/Recreation,"Recreational event (e.g., movies, sporting event)",,,Transit,"Urban Rail (e.g., Link light rail, monorail, streetcar)",Missing Response,Missing Response,Missing Response,,Walked or jogged,Walked or jogged,2 travelers,2 travelers,No other people,Selected,Selected,Missing: Skip Logic,Missing: Skip Logic,Missing: Skip Logic,Missing: Skip Logic,Missing: Skip Logic,Missing: Skip Logic,,Missing: Skip Logic,Missing: Skip Logic,Missing: Skip Logic,Missing: Skip Logic,Missing: Skip Logic,Missing Response,,Yes,Yes,No,No,Missing Response,Missing Response,No,No teleport detected,No,7.03636363636364,7.13237130030744,2023,No,0.0,73168,1a4682dd-d680-4116-8789-0164e4bf938b
2304553102030,23045531,2304553102,230455310207,2,7,30,Yes,2023-05-08,Monday,No,Incomplete,2023-05-08,Monday,21,21,0,2023-05-08,Monday,21,32,0,Yes,Not RGC,King County,Seattle,,53033010002,Yes,Not RGC,King County,Seattle,,53033010601,8695.000778112,5.402823,11,660,29.4699972181768,No,327.666666666667,No,Yes,Social/Recreation,"Attended recreational event (e.g., movies, sporting event)",,Home,Went home,,,Missing Response,Missing Response,Missing Response,Missing Response,Missing Response,,Missing: Skip Logic,Missing: Skip Logic,2 travelers,2 travelers,No other people,Selected,Selected,Missing: Skip Logic,Missing: Skip Logic,Missing: Skip Logic,Missing: Skip Logic,Missing: Skip Logic,Missing: Skip Logic,,Missing: Skip Logic,Missing: Skip Logic,Missing: Skip Logic,Missing: Skip Logic,Missing: Skip Logic,Missing Response,,Yes,Yes,No,No,Missing Response,Missing Response,No,No teleport detected,No,7.03636363636364,7.13237130030744,2023,No,0.0,73171,fbd8d104-71d5-441c-84df-e7a5c51c1b91
2305682402013,23056824,2305682402,230568240207,2,7,13,Yes,2023-05-10,Wednesday,No,Incomplete,2023-05-10,Wednesday,13,25,0,2023-05-10,Wednesday,13,50,0,Yes,Seattle University Community,King County,Seattle,,53033005306,Yes,Not RGC,King County,Seattle,,53033004102,2855.999798784,1.774636,25,1500,4.25913321461314,No,139.833333333333,Yes,No,Home,Went home,,Work,Went to primary workplace,,,Missing Response,Missing Response,Missing Response,Missing Response,Missing Response,,Missing: Skip Logic,Missing: Skip Logic,1 traveler,1 traveler,Missing Response,Not Selected,Selected,Missing: Skip Logic,Missing: Skip Logic,Missing: Skip Logic,Missing: Skip Logic,Missing: Skip Logic,Missing: Skip Logic,,Missing: Skip Logic,Missing: Skip Logic,Missing: Skip Logic,Missing: Skip Logic,Missing: Skip Logic,Missing Response,,No,No,No,No,Missing Response,Missing Response,No,No teleport detected,No,,,2023,No,0.0,77128,29ad769d-b368-4da1-923c-592286a5fdb4
2305682402014,23056824,2305682402,230568240207,2,7,14,Yes,2023-05-10,Wednesday,No,Incomplete,2023-05-10,Wednesday,16,6,25,2023-05-10,Wednesday,16,10,0,Yes,Not RGC,King County,Seattle,,53033004102,Yes,Not RGC,King County,Seattle,,53033004102,520.999370496,0.323734,4,215,5.42068249556278,No,380.266666666667,No,No,Work,Went to primary workplace,,Personal Business/Errand/Appointment,"Medical appointment (e.g., doctor, dentist)",,,Missing Response,Missing Response,Missing Response,Missing Response,Missing Response,,Missing: Skip Logic,Missing: Skip Logic,1 traveler,1 traveler,Missing Response,Not Selected,Selected,Missing: Skip Logic,Missing: Skip Logic,Missing: Skip Logic,Missing: Skip Logic,Missing: Skip Logic,Missing: Skip Logic,,Missing: Skip Logic,Missing: Skip Logic,Missing: Skip Logic,Missing: Skip Logic,Missing: Skip Logic,Missing Response,,No,No,No,No,Missing Response,Missing Response,No,No teleport detected,No,,,2023,No,0.0,77135,bc3031f1-da1b-4caa-807e-db66821d757f
2305682402015,23056824,2305682402,230568240207,2,7,15,Yes,2023-05-10,Wednesday,No,Incomplete,2023-05-10,Wednesday,22,27,52,2023-05-10,Wednesday,22,30,0,Yes,Not RGC,King County,Seattle,,53033004102,Yes,Not RGC,King County,Seattle,,53033004102,349.000730496,0.216859,3,128,6.09925467585431,No,14.4166666666667,No,No,Personal Business/Errand/Appointment,"Went to medical appointment (e.g., doctor, dentist)",,Work,Went to primary workplace,,,Missing Response,Missing Response,Missing Response,Missing Response,Missing Response,,Missing: Skip Logic,Missing: Skip Logic,1 traveler,1 traveler,Missing Response,Not Selected,Selected,Missing: Skip Logic,Missing: Skip Logic,Missing: Skip Logic,Missing: Skip Logic,Missing: Skip Logic,Missing: Skip Logic,,Missing: Skip Logic,Missing: Skip Logic,Missing: Skip Logic,Missing: Skip Logic,Missing: Skip Logic,Missing Response,,No,No,No,No,Missing Response,Missing Response,No,No teleport detected,No,,,2023,No,0.0,77138,ea1fa4ec-60ed-44bc-8e22-6e8a35e593fa
2305682402016,23056824,2305682402,230568240207,2,7,16,Yes,2023-05-10,Wednesday,No,Incomplete,2023-05-10,Wednesday,22,44,0,2023-05-10,Wednesday,23,6,0,Yes,Not RGC,King County,Seattle,,53033004102,Yes,Seattle University Community,King County,Seattle,,53033005306,2842.000115328,1.765937,22,1320,4.81620057491014,No,233.733333333333,No,Yes,Work,Went to primary workplace,,Home,Went home,,,Missing Response,Missing Response,Missing Response,Missing Response,Missing Response,,Missing: Skip Logic,Missing: Skip Logic,1 traveler,1 traveler,Missing Response,Not Selected,Selected,Missing: Skip Logic,Missing: Skip Logic,Missing: Skip Logic,Missing: Skip Logic,Missing: Skip Logic,Missing: Skip Logic,,Missing: Skip Logic,Missing: Skip Logic,Missing: Skip Logic,Missing: Skip Logic,Missing: Skip Logic,Missing Response,,No,No,No,No,Missing Response,Missing Response,No,No teleport detected,No,,,2023,No,0.0,77142,8aa505e5-0c2d-476a-925e-f2c61d63bd33
2306366201002,23063662,2306366201,230636620101,1,1,2,Yes,2023-05-11,Thursday,Yes,Incomplete,2023-05-11,Thursday,5,43,0,2023-05-11,Thursday,5,50,0,Yes,Seattle First Hill/Capitol Hill,King County,Seattle,,53033008500,Yes,Seattle First Hill/Capitol Hill,King County,Seattle,,53033008500,285.999740928,0.177712,7,420,1.52325441859668,No,526.583333333333,No,No,Work-related,"Went to work-related place (e.g., meeting, second job, delivery)",,Work,Went to primary workplace,,,Walk,Walk (or jog/wheelchair),Missing Response,Missing Response,Missing Response,,Missing: Skip Logic,Missing: Skip Logic,1 traveler,1 traveler,Missing Response,Selected,Missing: Skip Logic,Missing: Skip Logic,Missing: Skip Logic,Missing: Skip Logic,Missing: Skip Logic,Missing: Skip Logic,Missing: Skip Logic,,Missing: Skip Logic,Missing: Skip Logic,Missing: Skip Logic,Missing: Skip Logic,Missing: Skip Logic,Missing Response,,No,No,No,No,Yes,Missing Response,No,No teleport detected,No,,,2023,Yes,0.0,78170,c6b578cf-a6a4-45f6-bcc1-b2cb5eb60229
2306366201011,23063662,2306366201,230636620105,1,5,11,Yes,2023-05-15,Monday,Yes,Incomplete,2023-05-15,Monday,5,51,3,2023-05-15,Monday,5,52,0,Yes,Seattle First Hill/Capitol Hill,King County,Seattle,,53033008500,Yes,Seattle First Hill/Capitol Hill,King County,Seattle,,53033008500,197.999201664,0.123031,1,57,7.77054253773764,No,530.183333333333,No,No,Work-related,"Went to work-related place (e.g., meeting, second job, delivery)",,Work,Went to primary workplace,,,Bike,Standard bicycle (my household's),Missing Response,Missing Response,Missing Response,,Missing: Skip Logic,Missing: Skip Logic,1 traveler,1 traveler,Missing Response,Selected,Missing: Skip Logic,Missing: Skip Logic,Missing: Skip Logic,Missing: Skip Logic,Missing: Skip Logic,Missing: Skip Logic,Missing: Skip Logic,,Missing: Skip Logic,Missing: Skip Logic,Missing: Skip Logic,Missing: Skip Logic,Missing: Skip Logic,Missing Response,,No,No,No,No,Missing Response,Missing Response,No,No teleport detected,No,,,2023,Yes,0.0,78230,aed169ba-312f-4ca8-b10e-f8edbe3afe59
2306366201014,23063662,2306366201,230636620106,1,6,14,Yes,2023-05-16,Tuesday,Yes,Incomplete,2023-05-16,Tuesday,5,46,0,2023-05-16,Tuesday,5,50,0,Yes,Seattle First Hill/Capitol Hill,King County,Seattle,,53033008500,Yes,Seattle First Hill/Capitol Hill,King County,Seattle,,53033008500,237.00004416,0.147265,4,240,2.2089970899709,No,527.5,No,No,Work-related,"Went to work-related place (e.g., meeting, second job, delivery)",,Work,Went to primary workplace,,,Walk,Walk (or jog/wheelchair),Missing Response,Missing Response,Missing Response,,Missing: Skip Logic,Missing: Skip Logic,1 traveler,1 traveler,Missing Response,Selected,Missing: Skip Logic,Missing: Skip Logic,Missing: Skip Logic,Missing: Skip Logic,Missing: Skip Logic,Missing: Skip Logic,Missing: Skip Logic,,Missing: Skip Logic,Missing: Skip Logic,Missing: Skip Logic,Missing: Skip Logic,Missing: Skip Logic,Missing Response,,No,No,No,No,Yes,Missing Response,No,No teleport detected,No,,,2023,Yes,0.0,78254,a3ecb057-f47c-4e79-bc87-708f5681761f
2306366201015,23063662,2306366201,230636620106,1,6,15,Yes,2023-05-16,Tuesday,Yes,Incomplete,2023-05-16,Tuesday,14,37,0,2023-05-16,Tuesday,14,59,0,Yes,Seattle First Hill/Capitol Hill,King County,Seattle,,53033008500,Yes,Not RGC,King County,Seattle,,53033008900,2966.000070528,1.842987,22,1320,5.02633732061331,No,0.0,No,Yes,Work,Went to primary workplace,,Home,Went home,,,Transit,Bus (public transit),Missing Response,Missing Response,Missing Response,,Bicycle or e-bicycle,Bicycle or e-bicycle,1 traveler,1 traveler,No other people,Selected,-995,-995,-995,-995,-995,-995,-995,,Missing: Skip Logic,Missing: Skip Logic,Missing: Skip Logic,Missing: Skip Logic,-995,Missing Response,,No,No,No,No,Yes,Missing Response,No,No teleport detected,No,,,2023,Yes,0.0,78260,66d11d54-bc39-4e11-961b-949c62361e18
2306366201017,23063662,2306366201,230636620107,1,7,17,Yes,2023-05-17,Wednesday,Yes,Incomplete,2023-05-17,Wednesday,5,48,0,2023-05-17,Wednesday,5,52,0,Yes,Seattle First Hill/Capitol Hill,King County,Seattle,,53033008500,Yes,Seattle First Hill/Capitol Hill,King County,Seattle,,53033008500,88.000539264,0.054681,4,240,0.820223202232022,No,526.233333333333,No,No,Work-related,"Went to work-related place (e.g., meeting, second job, delivery)",,Work,Went to primary workplace,,,Walk,Walk (or jog/wheelchair),Missing Response,Missing Response,Missing Response,,Missing: Skip Logic,Missing: Skip Logic,1 traveler,1 traveler,Missing Response,Selected,Missing: Skip Logic,Missing: Skip Logic,Missing: Skip Logic,Missing: Skip Logic,Missing: Skip Logic,Missing: Skip Logic,Missing: Skip Logic,,Missing: Skip Logic,Missing: Skip Logic,Missing: Skip Logic,Missing: Skip Logic,Missing: Skip Logic,Missing Response,,No,No,No,No,Yes,Missing Response,No,No teleport detected,No,,,2023,Yes,0.0,78271,a0b72464-58e6-4edd-8d88-5a6cb37ddfca
2306708201011,23067082,2306708201,230670820103,1,3,11,Yes,2023-05-05,Friday,No,Incomplete,2023-05-05,Friday,8,32,0,2023-05-05,Friday,9,2,0,Yes,Seattle First Hill/Capitol Hill,King County,Seattle,,53033007404,Yes,Seattle First Hill/Capitol Hill,King County,Seattle,,53033007502,1066.999900032,0.663003,30,1800,1.326006,No,0.0,Yes,No,Overnight,"Went to another residence (e.g., someone else's home, second home)",,Social/Recreation,"Social event (e.g., visit friends, family, co-workers)",,,Walk,Walk (or jog/wheelchair),Missing Response,Missing Response,Missing Response,,Missing: Skip Logic,Missing: Skip Logic,1 traveler,1 traveler,Missing Response,Selected,Missing: Skip Logic,Missing: Skip Logic,Missing: Skip Logic,Missing: Skip Logic,Missing: Skip Logic,Missing: Skip Logic,Missing: Skip Logic,,Missing: Skip Logic,Missing: Skip Logic,Missing: Skip Logic,Passenger,Missing: Skip Logic,Missing Response,,Yes,No,No,No,Missing Response,Yes,No,No teleport detected,No,3.67647058823529,73.5532061781264,2023,No,0.0,78526,c99348ab-f7bc-4aa7-9bea-1a8846697947
2306708201012,23067082,2306708201,230670820103,1,3,12,Yes,2023-05-05,Friday,No,Incomplete,2023-05-05,Friday,9,2,0,2023-05-05,Friday,9,7,0,Yes,Seattle University Community,King County,Seattle,,53033005305,Yes,Seattle University Community,King County,Seattle,,53033005201,482.8032,0.3,5,300,3.6000144000576,No,574.616666666667,No,No,Social/Recreation,"Attended social event (e.g., visit with friends, family, co-workers)",,Home,Went home,,,Walk,Walk (or jog/wheelchair),Missing Response,Missing Response,Missing Response,,Missing: Skip Logic,Missing: Skip Logic,1 traveler,1 traveler,Missing Response,Selected,-995,-995,-995,-995,-995,-995,-995,,Missing: Skip Logic,Missing: Skip Logic,Missing: Skip Logic,Passenger,-995,Missing Response,,Yes,No,No,No,Missing Response,Yes,No,No teleport detected,No,3.67647058823529,73.5532061781264,2023,No,0.0,78527,c024df36-777a-4730-9f51-afdcff3841a0
2306708201026,23067082,2306708201,230670820106,1,6,26,Yes,2023-05-08,Monday,No,Incomplete,2023-05-08,Monday,8,25,0,2023-05-08,Monday,8,54,0,Yes,Seattle First Hill/Capitol Hill,King County,Seattle,,53033006600,Yes,Seattle University Community,King County,Seattle,,53033005201,4574.999670912,2.842773,29,1740,5.88160336662301,No,1931.91666666667,Yes,Yes,Overnight,"Went to another residence (e.g., someone else's home, second home)",,Home,Went home,,,Drive SOV,Friend/colleague's car,Missing Response,Missing Response,Missing Response,,Missing: Skip Logic,Missing: Skip Logic,1 traveler,1 traveler,Missing Response,Selected,Missing: Skip Logic,Missing: Skip Logic,Missing: Skip Logic,Missing: Skip Logic,Missing: Skip Logic,Missing: Skip Logic,Missing: Skip Logic,,Missing: Skip Logic,Missing: Skip Logic,Missing: Skip Logic,Passenger,Missing: Skip Logic,Missing Response,,No,No,No,No,Missing Response,Yes,No,No teleport detected,No,4.1,73.3803452200805,2023,No,0.0,78541,9cc74b9f-1d9d-4ea4-a888-e25e70c8f544
2306905701003,23069057,2306905701,230690570106,1,4,3,Yes,2023-05-02,Tuesday,No,Incomplete,2023-05-02,Tuesday,10,23,0,2023-05-02,Tuesday,10,25,0,Yes,Seattle South Lake Union,King County,Seattle,,53033006701,Yes,Seattle Downtown,King County,Seattle,,53033007202,1331.999311104,0.827666,2,120,24.830228302283,No,485.0,Yes,No,Home,Went home,,Escort,"Dropped off, picked up, or accompanied another person",,,Missing Response,Missing Response,Missing Response,Missing Response,Missing Response,,Missing: Skip Logic,Missing: Skip Logic,1 traveler,1 traveler,Missing Response,Selected,Not Selected,Missing: Skip Logic,Missing: Skip Logic,Missing: Skip Logic,Missing: Skip Logic,Missing: Skip Logic,Missing: Skip Logic,,Missing: Skip Logic,Missing: Skip Logic,Missing: Skip Logic,,Missing: Skip Logic,Missing Response,,No,No,No,No,Missing Response,Missing Response,No,No teleport detected,No,,,2023,No,0.0,78855,10956bbd-786f-4745-989e-07cef04fd61e
2306905701004,23069057,2306905701,230690570106,1,4,4,Yes,2023-05-02,Tuesday,No,Incomplete,2023-05-02,Tuesday,18,30,54,2023-05-02,Tuesday,18,38,0,Yes,Seattle Downtown,King County,Seattle,,53033007202,Yes,Seattle South Lake Union,King County,Seattle,,53033006701,1667.000358144,1.035826,8,426,8.75348381263046,No,501.3,No,Yes,,,,Home,Went home,,,Missing Response,Missing Response,Missing Response,Missing Response,Missing Response,,Missing: Skip Logic,Missing: Skip Logic,1 traveler,1 traveler,Missing Response,Selected,Not Selected,Missing: Skip Logic,Missing: Skip Logic,Missing: Skip Logic,Missing: Skip Logic,Missing: Skip Logic,Missing: Skip Logic,,Missing: Skip Logic,Missing: Skip Logic,Missing: Skip Logic,,Missing: Skip Logic,Missing Response,,No,No,No,No,Missing Response,Missing Response,No,No teleport detected,No,,,2023,No,0.0,78856,3b0a3365-a3ba-46cf-a439-3ec16ae9f02b
2306816501014,23068165,2306816501,230681650106,1,6,14,Yes,2023-05-06,Saturday,Yes,Incomplete,2023-05-06,Saturday,20,34,58,2023-05-06,Saturday,20,43,0,Yes,Seattle Downtown,King County,Seattle,,53033009300,Yes,Seattle Downtown,King County,Seattle,,53033009100,1024.99924032,0.636905,9,482,4.75699838671128,No,376.95,No,Yes,Social/Recreation,"Attended recreational event (e.g., movies, sporting event)",,Home,Went home,,,Missing Response,Missing Response,Missing Response,Missing Response,Missing Response,,Missing: Skip Logic,Missing: Skip Logic,1 traveler,1 traveler,Missing Response,Selected,Missing: Skip Logic,Missing: Skip Logic,Missing: Skip Logic,Missing: Skip Logic,Missing: Skip Logic,Missing: Skip Logic,Missing: Skip Logic,,Missing: Skip Logic,Missing: Skip Logic,Missing: Skip Logic,Missing: Skip Logic,Missing: Skip Logic,Missing Response,,No,No,No,No,Missing Response,Missing Response,No,No teleport detected,No,,,2023,Yes,0.0,79006,cefde660-1ee2-4831-9852-8790520262d5
2306815201027,23068152,2306815201,230681520105,1,5,27,Yes,2023-05-14,Sunday,Yes,Incomplete,2023-05-14,Sunday,14,48,47,2023-05-14,Sunday,15,4,0,Yes,Seattle Downtown,King County,Seattle,,53033009300,Yes,Seattle Downtown,King County,Seattle,,53033007302,2796.000235776,1.737354,16,913,6.85046784248317,No,129.833333333333,No,No,Change mode,"Transferred to another mode of transportation (e.g., change from ferry to bus)",,Home,Went home,,,Transit,Bus (public transit),Missing Response,Missing Response,Missing Response,,Missing: Skip Logic,Missing: Skip Logic,1 traveler,1 traveler,Missing Response,Selected,Missing: Skip Logic,Missing: Skip Logic,Missing: Skip Logic,Missing: Skip Logic,Missing: Skip Logic,Missing: Skip Logic,Missing: Skip Logic,,Missing: Skip Logic,Missing: Skip Logic,Missing: Skip Logic,Missing: Skip Logic,Missing: Skip Logic,Missing Response,,No,No,No,No,Missing Response,Missing Response,No,No teleport detected,No,,,2023,Yes,0.0,79116,fd59e2fd-e55b-4fe7-86f0-265e428b49cb
2306986201025,23069862,2306986201,230698620104,1,4,25,Yes,2023-05-01,Monday,Yes,Incomplete,2023-05-01,Monday,16,29,48,2023-05-01,Monday,16,31,12,Yes,Seattle Downtown,King County,Seattle,,53033007202,Yes,Seattle Downtown,King County,Seattle,,53033008002,218.99953152,0.13608,2,84,5.83208331547594,No,52.5666666666667,No,No,Overnight,"Went to another residence (e.g., someone else's home, second home)",,Overnight,"Went to another residence (e.g., someone else's home, second home)",,,Walk,Walk (or jog/wheelchair),Missing Response,Missing Response,Missing Response,,Missing: Skip Logic,Missing: Skip Logic,1 traveler,1 traveler,Missing Response,Selected,Missing: Skip Logic,Missing: Skip Logic,Missing: Skip Logic,Missing: Skip Logic,Missing: Skip Logic,Missing: Skip Logic,Missing: Skip Logic,,Missing: Skip Logic,Missing: Skip Logic,Missing: Skip Logic,Missing: Skip Logic,Missing: Skip Logic,Missing Response,,No,No,No,No,Missing Response,Missing Response,No,No teleport detected,No,,,2023,Yes,0.0,79400,4d75a181-f449-478e-9cd1-61bb917475bd
2307253802011,23072538,2307253802,230725380203,2,3,11,Yes,2023-05-09,Tuesday,No,Incomplete,2023-05-09,Tuesday,18,35,0,2023-05-09,Tuesday,19,47,0,Yes,Seattle Downtown,King County,Seattle,,53033008102,Yes,Seattle Downtown,King County,Seattle,,53033008200,1762.999337088,1.095477,72,4320,0.9128975,No,209.05,No,No,Shopping,Went grocery shopping,,Social/Recreation,"Recreational event (e.g., movies, sporting event)",,,Transit,"Urban Rail (e.g., Link light rail, monorail, streetcar)",Missing Response,Missing Response,Missing Response,,Walked or jogged,Walked or jogged,1 traveler,1 traveler,No other people,Not Selected,Selected,Missing: Skip Logic,Missing: Skip Logic,Missing: Skip Logic,Missing: Skip Logic,Missing: Skip Logic,Missing: Skip Logic,,Missing: Skip Logic,Missing: Skip Logic,Missing: Skip Logic,Missing: Skip Logic,Missing: Skip Logic,Missing Response,,No,No,No,No,Missing Response,Yes,No,No teleport detected,No,3.2967032967033,60.0025337221076,2023,No,0.0,79754,653e1c96-4b26-49b5-ad9f-d4ff3ce05b38
2307253802013,23072538,2307253802,230725380203,2,3,13,Yes,2023-05-09,Tuesday,No,Incomplete,2023-05-09,Tuesday,23,32,0,2023-05-09,Tuesday,23,37,0,Yes,Seattle Downtown,King County,Seattle,,53033008200,Yes,Seattle Downtown,King County,Seattle,,53033009200,1683.999858816,1.046389,5,300,12.5567182268729,No,446.033333333333,No,Yes,Social/Recreation,"Attended recreational event (e.g., movies, sporting event)",,Home,Went home,,,Transit,"Urban Rail (e.g., Link light rail, monorail, streetcar)",Missing Response,Missing Response,Missing Response,,Walked or jogged,Walked or jogged,1 traveler,1 traveler,No other people,Not Selected,Selected,Missing: Skip Logic,Missing: Skip Logic,Missing: Skip Logic,Missing: Skip Logic,Missing: Skip Logic,Missing: Skip Logic,,Missing: Skip Logic,Missing: Skip Logic,Missing: Skip Logic,Missing: Skip Logic,Missing: Skip Logic,Missing Response,,No,No,No,No,Missing Response,Missing Response,No,No teleport detected,No,2.98013245033113,66.2761179577719,2023,No,0.0,79767,f0f79d29-53f0-4eda-8688-4c9316d04279
2307316301032,23073163,2307316301,230731630107,1,7,32,Yes,2023-05-08,Monday,No,Incomplete,2023-05-08,Monday,15,17,0,2023-05-08,Monday,15,38,0,Yes,Seattle University Community,King County,Seattle,,53033004302,Yes,Seattle University Community,King County,Seattle,,53033004301,1516.99984128,0.94262,21,1260,2.6932,No,7.0,No,No,Social/Recreation,"Attended social event (e.g., visit with friends, family, co-workers)",,Meal,Went to restaurant to eat/get take-out,,,Missing Response,Missing Response,Missing Response,Missing Response,Missing Response,,Missing: Skip Logic,Missing: Skip Logic,1 traveler,1 traveler,Missing Response,Selected,Not Selected,Not Selected,Missing: Skip Logic,Missing: Skip Logic,Missing: Skip Logic,Missing: Skip Logic,Missing: Skip Logic,,Missing: Skip Logic,Missing: Skip Logic,Missing: Skip Logic,,Missing: Skip Logic,Missing Response,,No,No,No,No,Missing Response,Missing Response,No,No teleport detected,No,3.74407582938389,6.27081134529256,2023,No,0.0,80014,fe59fe55-3151-47fd-a08a-32bea71975b8
2307316301033,23073163,2307316301,230731630107,1,7,33,Yes,2023-05-08,Monday,No,Incomplete,2023-05-08,Monday,15,45,0,2023-05-08,Monday,16,1,0,Yes,Seattle University Community,King County,Seattle,,53033004301,Yes,Seattle University Community,King County,Seattle,,53033005307,1338.999957504,0.832016,16,960,3.1200678001695,No,658.65,No,Yes,Meal,Went to restaurant to eat/get take-out,,Home,Went home,,,Missing Response,Missing Response,Missing Response,Missing Response,Missing Response,,Missing: Skip Logic,Missing: Skip Logic,1 traveler,1 traveler,Missing Response,Selected,Not Selected,Not Selected,Missing: Skip Logic,Missing: Skip Logic,Missing: Skip Logic,Missing: Skip Logic,Missing: Skip Logic,,Missing: Skip Logic,Missing: Skip Logic,Missing: Skip Logic,,Missing: Skip Logic,Missing Response,,No,No,No,No,Missing Response,Missing Response,No,No teleport detected,No,5.125,8.50129537423814,2023,No,0.0,80064,2c8ed22b-cc41-49d8-a8ae-ec4340d80673
2307316301004,23073163,2307316301,230731630101,1,1,4,Yes,2023-05-02,Tuesday,No,Incomplete,2023-05-02,Tuesday,13,25,0,2023-05-02,Tuesday,13,30,0,Yes,Seattle University Community,King County,Seattle,,53033005304,Yes,Seattle University Community,King County,Seattle,,53033005307,932.999481216,0.579739,5,300,6.95689582758331,No,12.0,No,No,School,Attend college/university,,Home,Went home,,,Walk,Walk (or jog/wheelchair),Missing Response,Missing Response,Missing Response,,Missing: Skip Logic,Missing: Skip Logic,1 traveler,1 traveler,Missing Response,Selected,Not Selected,Not Selected,Missing: Skip Logic,Missing: Skip Logic,Missing: Skip Logic,Missing: Skip Logic,Missing: Skip Logic,,Missing: Skip Logic,Missing: Skip Logic,Missing: Skip Logic,,Missing: Skip Logic,Missing Response,,No,No,No,No,Yes,Missing Response,No,No teleport detected,No,7.74193548387097,6.94498604145382,2023,No,0.0,80226,28a9f77c-f18e-4327-b84c-73dbcca58e94
2307316301005,23073163,2307316301,230731630101,1,1,5,Yes,2023-05-02,Tuesday,No,Incomplete,2023-05-02,Tuesday,13,42,0,2023-05-02,Tuesday,13,45,0,Yes,Seattle University Community,King County,Seattle,,53033005306,Yes,Seattle University Community,King County,Seattle,,53033005305,350.00013312,0.21748,3,180,4.3496,No,287.0,No,No,Home,Went home,,Work,Went to primary workplace,,,Walk,Walk (or jog/wheelchair),Missing Response,Missing Response,Missing Response,,Missing: Skip Logic,Missing: Skip Logic,1 traveler,1 traveler,Missing Response,Selected,Not Selected,Not Selected,Missing: Skip Logic,Missing: Skip Logic,Missing: Skip Logic,Missing: Skip Logic,Missing: Skip Logic,,Missing: Skip Logic,Missing: Skip Logic,Missing: Skip Logic,,Missing: Skip Logic,Missing Response,,No,No,No,No,Missing Response,Missing Response,No,No teleport detected,No,5.32710280373832,37.6027344304732,2023,No,0.0,80233,21ee3a86-8815-4f35-930a-9de13bde1d85
2307316301006,23073163,2307316301,230731630101,1,1,6,Yes,2023-05-02,Tuesday,No,Incomplete,2023-05-02,Tuesday,18,32,0,2023-05-02,Tuesday,18,38,0,Yes,Seattle University Community,King County,Seattle,,53033005305,Yes,Seattle University Community,King County,Seattle,,53033005304,503.999869824,0.313171,6,360,3.13171,No,18.0,No,No,Work,Went to primary workplace,,Shopping,Grocery shopping,,,Walk,Walk (or jog/wheelchair),Missing Response,Missing Response,Missing Response,,Missing: Skip Logic,Missing: Skip Logic,1 traveler,1 traveler,Missing Response,Selected,Not Selected,Not Selected,Missing: Skip Logic,Missing: Skip Logic,Missing: Skip Logic,Missing: Skip Logic,Missing: Skip Logic,,Missing: Skip Logic,Missing: Skip Logic,Missing: Skip Logic,,Missing: Skip Logic,Missing Response,,No,No,No,No,Missing Response,Missing Response,No,No teleport detected,No,4.82142857142857,15.5308623353433,2023,No,0.0,80236,bf8ba136-3a93-401b-8afc-4a8a2a5da232
2307316301007,23073163,2307316301,230731630101,1,1,7,Yes,2023-05-02,Tuesday,No,Incomplete,2023-05-02,Tuesday,18,56,0,2023-05-02,Tuesday,19,2,0,Yes,Seattle University Community,King County,Seattle,,53033005304,Yes,Seattle University Community,King County,Seattle,,53033005307,956.000225664,0.594031,6,360,5.94031,No,147.0,No,No,Shopping,Went grocery shopping,,Home,Went home,,,Missing Response,Missing Response,Missing Response,Missing Response,Missing Response,,Missing: Skip Logic,Missing: Skip Logic,1 traveler,1 traveler,Missing Response,Selected,Not Selected,Not Selected,Missing: Skip Logic,Missing: Skip Logic,Missing: Skip Logic,Missing: Skip Logic,Missing: Skip Logic,,Missing: Skip Logic,Missing: Skip Logic,Missing: Skip Logic,,Missing: Skip Logic,Missing Response,,No,No,No,No,Missing Response,Missing Response,No,No teleport detected,No,5.16971279373368,13.1209277711312,2023,No,0.0,80241,7fde7407-945e-436b-ad0a-3803241e3014
2307316301008,23073163,2307316301,230731630101,1,1,8,Yes,2023-05-02,Tuesday,No,Incomplete,2023-05-02,Tuesday,21,29,0,2023-05-02,Tuesday,21,39,0,Yes,Seattle University Community,King County,Seattle,,53033005306,Yes,Not RGC,King County,Seattle,,53033005303,2042.00004096,1.26884,10,600,7.61307045228181,No,50.0,No,No,Home,Went home,,Social/Recreation,"Exercise or recreation (e.g., gym, jog, bike, walk dog)",,,Missing Response,Missing Response,Missing Response,Missing Response,Missing Response,,Missing: Skip Logic,Missing: Skip Logic,1 traveler,1 traveler,Missing Response,Selected,Not Selected,Not Selected,Missing: Skip Logic,Missing: Skip Logic,Missing: Skip Logic,Missing: Skip Logic,Missing: Skip Logic,,Missing: Skip Logic,Missing: Skip Logic,Missing: Skip Logic,,Missing: Skip Logic,Missing Response,,No,No,No,No,Missing Response,Missing Response,No,No teleport detected,No,4.53427065026362,14.6331633459384,2023,No,0.0,80250,d1a14806-fc13-4762-a97f-4eacf34cfdfa
2307316301009,23073163,2307316301,230731630101,1,1,9,Yes,2023-05-02,Tuesday,No,Incomplete,2023-05-02,Tuesday,22,29,0,2023-05-02,Tuesday,22,40,0,Yes,Not RGC,King County,Seattle,,53033005303,Yes,Seattle University Community,King County,Seattle,,53033005307,2012.99966208,1.25082,11,660,6.82266695030355,No,898.0,No,Yes,Social/Recreation,"Went to exercise (e.g., gym, walk, jog, bike ride)",,Home,Went home,,,Missing Response,Missing Response,Missing Response,Missing Response,Missing Response,,Missing: Skip Logic,Missing: Skip Logic,1 traveler,1 traveler,Missing Response,Selected,Not Selected,Not Selected,Missing: Skip Logic,Missing: Skip Logic,Missing: Skip Logic,Missing: Skip Logic,Missing: Skip Logic,,Missing: Skip Logic,Missing: Skip Logic,Missing: Skip Logic,,Missing: Skip Logic,Missing Response,,No,No,No,No,Missing Response,Missing Response,No,No teleport detected,No,5.42944785276074,7.78473112819011,2023,No,0.0,80255,ce517831-f03d-4261-8acd-8b63cac9c9d9
2307316301015,23073163,2307316301,230731630103,1,3,15,Yes,2023-05-04,Thursday,No,Incomplete,2023-05-04,Thursday,10,23,0,2023-05-04,Thursday,10,32,0,Yes,Seattle University Community,King County,Seattle,,53033005307,Yes,Seattle University Community,King County,Seattle,,53033005303,619.000373376,0.384629,9,540,2.56419333333333,No,135.0,Yes,No,Home,Went home,,School-related,"Attend other education-related activity (e.g., field trip)",,,Walk,Walk (or jog/wheelchair),Missing Response,Missing Response,Missing Response,,Missing: Skip Logic,Missing: Skip Logic,1 traveler,1 traveler,Missing Response,Selected,Not Selected,Not Selected,Missing: Skip Logic,Missing: Skip Logic,Missing: Skip Logic,Missing: Skip Logic,Missing: Skip Logic,,Missing: Skip Logic,Missing: Skip Logic,Missing: Skip Logic,,Missing: Skip Logic,Missing Response,,No,No,No,No,Missing Response,Missing Response,No,No teleport detected,No,3.37568058076225,13.0834223172993,2023,No,0.0,80298,58c831a3-5fdd-4481-9cac-bcbde0adaa39
2307316301016,23073163,2307316301,230731630103,1,3,16,Yes,2023-05-04,Thursday,No,Incomplete,2023-05-04,Thursday,12,47,0,2023-05-04,Thursday,12,55,0,Yes,Seattle University Community,King County,Seattle,,53033005303,Yes,Seattle University Community,King County,Seattle,,53033005303,606.999495168,0.377172,8,480,2.82879707199268,No,33.0,No,No,School-related,"Attend other education-related activity (e.g., field trip)",,School,Attend college/university,,,Walk,Walk (or jog/wheelchair),Missing Response,Missing Response,Missing Response,,Missing: Skip Logic,Missing: Skip Logic,1 traveler,1 traveler,Missing Response,Selected,Not Selected,Not Selected,Missing: Skip Logic,Missing: Skip Logic,Missing: Skip Logic,Missing: Skip Logic,Missing: Skip Logic,,Missing: Skip Logic,Missing: Skip Logic,Missing: Skip Logic,,Missing: Skip Logic,Missing Response,,No,No,No,No,Missing Response,Missing Response,No,No teleport detected,No,2.24175824175824,49.9007139145225,2023,No,0.0,80311,029c24c0-c187-4b45-96bd-73c7598a5e60
2307316301017,23073163,2307316301,230731630103,1,3,17,Yes,2023-05-04,Thursday,No,Incomplete,2023-05-04,Thursday,13,28,0,2023-05-04,Thursday,13,38,0,Yes,Seattle University Community,King County,Seattle,,53033005303,Yes,Seattle University Community,King County,Seattle,,53033005307,838.99930752,0.52133,10,600,3.12799251197005,No,69.0,No,No,School,Attend college/university,,Home,Went home,,,Walk,Walk (or jog/wheelchair),Missing Response,Missing Response,Missing Response,,Missing: Skip Logic,Missing: Skip Logic,1 traveler,1 traveler,Missing Response,Selected,Not Selected,Not Selected,Missing: Skip Logic,Missing: Skip Logic,Missing: Skip Logic,Missing: Skip Logic,Missing: Skip Logic,,Missing: Skip Logic,Missing: Skip Logic,Missing: Skip Logic,,Missing: Skip Logic,Missing Response,,No,No,No,No,Missing Response,Missing Response,No,No teleport detected,No,3.16309719934102,12.8860365395677,2023,No,0.0,80318,e016da6c-0638-47e5-9ed9-412c9a5e417e
2307316301018,23073163,2307316301,230731630103,1,3,18,Yes,2023-05-04,Thursday,No,Incomplete,2023-05-04,Thursday,14,47,0,2023-05-04,Thursday,14,53,0,Yes,Seattle University Community,King County,Seattle,,53033005307,Yes,Seattle University Community,King County,Seattle,,53033005303,396.000012672,0.246063,6,360,2.46063,No,59.0,No,No,Home,Went home,,Social/Recreation,"Attend other type of class (e.g., cooking class)",,,Walk,Walk (or jog/wheelchair),Missing Response,Missing Response,Missing Response,,Missing: Skip Logic,Missing: Skip Logic,1 traveler,1 traveler,Missing Response,Selected,Not Selected,Not Selected,Missing: Skip Logic,Missing: Skip Logic,Missing: Skip Logic,Missing: Skip Logic,Missing: Skip Logic,,Missing: Skip Logic,Missing: Skip Logic,Missing: Skip Logic,,Missing: Skip Logic,Missing Response,,No,No,No,No,Missing Response,Missing Response,No,No teleport detected,No,2.33983286908078,19.8966849285541,2023,No,0.0,80324,c8019b58-5949-43ac-b515-54bfbb67a55f
2307316301019,23073163,2307316301,230731630103,1,3,19,Yes,2023-05-04,Thursday,No,Incomplete,2023-05-04,Thursday,15,52,0,2023-05-04,Thursday,16,0,0,Yes,Seattle University Community,King County,Seattle,,53033005303,Yes,Seattle University Community,King County,Seattle,,53033005303,531.999236736,0.330569,8,480,2.47927369818425,No,48.0,No,No,Social/Recreation,"Attend other type of class (e.g., cooking class)",,School,"Went to school/daycare (e.g., daycare, K-12, college)",,,Walk,Walk (or jog/wheelchair),Missing Response,Missing Response,Missing Response,,Missing: Skip Logic,Missing: Skip Logic,1 traveler,1 traveler,Missing Response,Selected,Not Selected,Not Selected,Missing: Skip Logic,Missing: Skip Logic,Missing: Skip Logic,Missing: Skip Logic,Missing: Skip Logic,,Missing: Skip Logic,Missing: Skip Logic,Missing: Skip Logic,,Missing: Skip Logic,Missing Response,,No,No,No,No,Missing Response,Missing Response,No,No teleport detected,No,3.39130434782609,15.6483038243837,2023,No,0.0,80332,86fa5f2a-fe51-4a83-bcbb-1ba554817ffe
2307316301020,23073163,2307316301,230731630103,1,3,20,Yes,2023-05-04,Thursday,No,Incomplete,2023-05-04,Thursday,16,48,0,2023-05-04,Thursday,16,59,0,Yes,Seattle University Community,King County,Seattle,,53033005303,Yes,Seattle University Community,King County,Seattle,,53033005303,584.000360064,0.362881,11,660,1.97935450791729,No,186.0,No,No,School,"Went to school/daycare (e.g., daycare, K-12, college)",,School,Attend college/university,,,Walk,Walk (or jog/wheelchair),Missing Response,Missing Response,Missing Response,,Missing: Skip Logic,Missing: Skip Logic,1 traveler,1 traveler,Missing Response,Selected,Not Selected,Not Selected,Missing: Skip Logic,Missing: Skip Logic,Missing: Skip Logic,Missing: Skip Logic,Missing: Skip Logic,,Missing: Skip Logic,Missing: Skip Logic,Missing: Skip Logic,,Missing: Skip Logic,Missing Response,,No,No,No,No,Missing Response,Missing Response,No,No teleport detected,No,3.67149758454106,21.0950086870207,2023,No,0.0,80346,9d16008c-cf12-4e53-9242-f478967a798f
2307316301021,23073163,2307316301,230731630103,1,3,21,Yes,2023-05-04,Thursday,No,Incomplete,2023-05-04,Thursday,20,5,0,2023-05-04,Thursday,20,12,0,Yes,Seattle University Community,King County,Seattle,,53033005303,Yes,Seattle University Community,King County,Seattle,,53033005307,452.999758464,0.281481,7,420,2.41270807261756,No,121.0,No,No,School,Attend college/university,,Home,Went home,,,Walk,Walk (or jog/wheelchair),Missing Response,Missing Response,Missing Response,,Missing: Skip Logic,Missing: Skip Logic,1 traveler,1 traveler,Missing Response,Selected,Not Selected,Not Selected,Missing: Skip Logic,Missing: Skip Logic,Missing: Skip Logic,Missing: Skip Logic,Missing: Skip Logic,,Missing: Skip Logic,Missing: Skip Logic,Missing: Skip Logic,,Missing: Skip Logic,Missing Response,,No,No,No,No,Missing Response,Missing Response,No,No teleport detected,No,2.85,15.9777254764848,2023,No,0.0,80353,beefaf3a-6e92-4184-a7ad-d66ef6e4486d
2307316301022,23073163,2307316301,230731630103,1,3,22,Yes,2023-05-04,Thursday,No,Incomplete,2023-05-04,Thursday,22,13,0,2023-05-04,Thursday,22,16,0,Yes,Seattle University Community,King County,Seattle,,53033005306,Yes,Seattle University Community,King County,Seattle,,53033005303,196.000396416,0.121789,3,180,2.43578,No,4.0,No,No,Home,Went home,,School,Attend college/university,,,Walk,Walk (or jog/wheelchair),Missing Response,Missing Response,Missing Response,,Missing: Skip Logic,Missing: Skip Logic,1 traveler,1 traveler,Missing Response,Selected,Not Selected,Not Selected,Missing: Skip Logic,Missing: Skip Logic,Missing: Skip Logic,Missing: Skip Logic,Missing: Skip Logic,,Missing: Skip Logic,Missing: Skip Logic,Missing: Skip Logic,,Missing: Skip Logic,Missing Response,,No,No,No,No,Missing Response,Missing Response,No,No teleport detected,No,4.77272727272727,86.5703151850195,2023,No,0.0,80356,007d8d16-87e6-42b0-a91b-b5c64b234f18
2307316301023,23073163,2307316301,230731630103,1,3,23,Yes,2023-05-04,Thursday,No,Incomplete,2023-05-04,Thursday,22,20,0,2023-05-04,Thursday,22,28,0,Yes,Seattle University Community,King County,Seattle,,53033005303,Yes,Seattle University Community,King County,Seattle,,53033004301,1198.999904256,0.745024,8,480,5.58769396923492,No,53.0,No,No,School,Attend college/university,,Meal,Went to restaurant to eat/get take-out,,,Missing Response,Missing Response,Missing Response,Missing Response,Missing Response,,Missing: Skip Logic,Missing: Skip Logic,1 traveler,1 traveler,Missing Response,Selected,Not Selected,Not Selected,Missing: Skip Logic,Missing: Skip Logic,Missing: Skip Logic,Missing: Skip Logic,Missing: Skip Logic,,Missing: Skip Logic,Missing: Skip Logic,Missing: Skip Logic,,Missing: Skip Logic,Missing Response,,No,No,No,No,Missing Response,Missing Response,No,No teleport detected,No,4.47204968944099,14.8831478385998,2023,No,0.0,80363,18f312de-01dc-4d9d-b4b6-df5eb7653e0a
2307316301024,23073163,2307316301,230731630103,1,3,24,Yes,2023-05-04,Thursday,No,Incomplete,2023-05-04,Thursday,23,21,0,2023-05-04,Thursday,23,22,0,Yes,Seattle University Community,King County,Seattle,,53033004301,Yes,Seattle University Community,King County,Seattle,,53033004301,495.000418176,0.307579,1,60,18.4554782191288,No,9.0,No,No,Meal,Went to restaurant to eat/get take-out,,Personal Business/Errand/Appointment,"Personal business (e.g., bank, post office)",,,Missing Response,Missing Response,Missing Response,Missing Response,Missing Response,,Missing: Skip Logic,Missing: Skip Logic,1 traveler,1 traveler,Missing Response,Selected,Not Selected,Not Selected,Missing: Skip Logic,Missing: Skip Logic,Missing: Skip Logic,Missing: Skip Logic,Missing: Skip Logic,,Missing: Skip Logic,Missing: Skip Logic,Missing: Skip Logic,,Missing: Skip Logic,Missing Response,,No,No,No,No,Missing Response,Missing Response,No,No teleport detected,No,10.0,47.7739184567234,2023,No,0.0,80371,5ef330db-7c53-4d8a-9842-218728a5080e
2307316301025,23073163,2307316301,230731630103,1,3,25,Yes,2023-05-04,Thursday,No,Incomplete,2023-05-04,Thursday,23,31,0,2023-05-04,Thursday,23,39,0,Yes,Seattle University Community,King County,Seattle,,53033004301,Yes,Seattle University Community,King County,Seattle,,53033005307,1204.999538688,0.748752,8,480,5.6156540391351,No,2667.0,No,Yes,Personal Business/Errand/Appointment,"Conducted personal business (e.g., bank, post office)",,Home,Went home,,,Missing Response,Missing Response,Missing Response,Missing Response,Missing Response,,Missing: Skip Logic,Missing: Skip Logic,1 traveler,1 traveler,Missing Response,Selected,Not Selected,Not Selected,Missing: Skip Logic,Missing: Skip Logic,Missing: Skip Logic,Missing: Skip Logic,Missing: Skip Logic,,Missing: Skip Logic,Missing: Skip Logic,Missing: Skip Logic,,Missing: Skip Logic,Missing Response,,No,No,No,No,Missing Response,Missing Response,No,No teleport detected,No,5.14285714285714,16.7826106756096,2023,No,0.0,80375,c64a96b7-9646-4b8a-81f6-e3e6a004c9a8
2307316301026,23073163,2307316301,230731630105,1,5,26,Yes,2023-05-06,Saturday,No,Incomplete,2023-05-06,Saturday,20,6,0,2023-05-06,Saturday,20,11,0,Yes,Seattle University Community,King County,Seattle,,53033005306,Yes,Seattle University Community,King County,Seattle,,53033005306,283.999326336,0.176469,5,300,2.11763647054588,No,70.0,Yes,No,Home,Went home,,Meal,Went to restaurant to eat/get take-out,,,Walk,Walk (or jog/wheelchair),Missing Response,Missing Response,Missing Response,,Missing: Skip Logic,Missing: Skip Logic,1 traveler,1 traveler,Missing Response,Selected,Not Selected,Not Selected,Missing: Skip Logic,Missing: Skip Logic,Missing: Skip Logic,Missing: Skip Logic,Missing: Skip Logic,,Missing: Skip Logic,Missing: Skip Logic,Missing: Skip Logic,,Missing: Skip Logic,Missing Response,,No,No,No,No,Missing Response,Missing Response,No,No teleport detected,No,2.46056782334385,29.35217496825,2023,No,0.0,80382,ed3ffcb7-ac6f-4d2c-b14d-f5d09f74cc28
2307316301027,23073163,2307316301,230731630105,1,5,27,Yes,2023-05-06,Saturday,No,Incomplete,2023-05-06,Saturday,21,21,0,2023-05-06,Saturday,21,25,0,Yes,Seattle University Community,King County,Seattle,,53033005306,Yes,Seattle University Community,King County,Seattle,,53033005307,272.999460096,0.169634,4,240,2.54453544535445,No,2394.0,No,Yes,Meal,Went to restaurant to eat/get take-out,,Home,Went home,,,Walk,Walk (or jog/wheelchair),Missing Response,Missing Response,Missing Response,,Missing: Skip Logic,Missing: Skip Logic,1 traveler,1 traveler,Missing Response,Selected,Not Selected,Not Selected,Missing: Skip Logic,Missing: Skip Logic,Missing: Skip Logic,Missing: Skip Logic,Missing: Skip Logic,,Missing: Skip Logic,Missing: Skip Logic,Missing: Skip Logic,,Missing: Skip Logic,Missing Response,,No,No,No,No,Missing Response,Missing Response,No,No teleport detected,No,4.10526315789474,27.3187042150916,2023,No,0.0,80388,baf33530-87dd-4560-9390-24324f996053
2307316301028,23073163,2307316301,230731630107,1,7,28,Yes,2023-05-08,Monday,No,Incomplete,2023-05-08,Monday,13,19,0,2023-05-08,Monday,13,28,0,Yes,Seattle University Community,King County,Seattle,,53033005306,Yes,Seattle University Community,King County,Seattle,,53033005303,1282.999614336,0.797219,9,540,5.31479333333333,No,62.0,Yes,No,Home,Went home,,Social/Recreation,"Exercise or recreation (e.g., gym, jog, bike, walk dog)",,,Missing Response,Missing Response,Missing Response,Missing Response,Missing Response,,Missing: Skip Logic,Missing: Skip Logic,1 traveler,1 traveler,Missing Response,Selected,Not Selected,Not Selected,Missing: Skip Logic,Missing: Skip Logic,Missing: Skip Logic,Missing: Skip Logic,Missing: Skip Logic,,Missing: Skip Logic,Missing: Skip Logic,Missing: Skip Logic,,Missing: Skip Logic,Missing Response,,No,No,No,No,Missing Response,Missing Response,No,No teleport detected,No,4.23664122137405,21.2632048829841,2023,No,0.0,80390,2db9729f-ec57-4d77-9ea0-1700e7993d75
2307316301029,23073163,2307316301,230731630107,1,7,29,Yes,2023-05-08,Monday,No,Incomplete,2023-05-08,Monday,14,30,0,2023-05-08,Monday,14,36,0,Yes,Seattle University Community,King County,Seattle,,53033005303,Yes,Seattle University Community,King County,Seattle,,53033005307,999.999690624,0.621371,6,360,6.21371,No,22.0,No,No,Social/Recreation,"Went to exercise (e.g., gym, walk, jog, bike ride)",,Home,Went home,,,Missing Response,Missing Response,Missing Response,Missing Response,Missing Response,,Missing: Skip Logic,Missing: Skip Logic,1 traveler,1 traveler,Missing Response,Selected,Not Selected,Not Selected,Missing: Skip Logic,Missing: Skip Logic,Missing: Skip Logic,Missing: Skip Logic,Missing: Skip Logic,,Missing: Skip Logic,Missing: Skip Logic,Missing: Skip Logic,,Missing: Skip Logic,Missing Response,,No,No,No,No,Missing Response,Missing Response,No,No teleport detected,No,5.57029177718833,10.5975897733234,2023,No,0.0,80392,36ae6770-e7e4-48f9-91f2-5dcee9e1ca86
2307316301030,23073163,2307316301,230731630107,1,7,30,Yes,2023-05-08,Monday,No,Incomplete,2023-05-08,Monday,14,58,0,2023-05-08,Monday,15,6,0,Yes,Seattle University Community,King County,Seattle,,53033005307,Yes,Seattle University Community,King County,Seattle,,53033005307,490.000186368,0.304472,8,480,2.28354570886427,No,2.0,No,No,Home,Went home,,Social/Recreation,"Social event (e.g., visit friends, family, co-workers)",,,Walk,Walk (or jog/wheelchair),Missing Response,Missing Response,Missing Response,,Missing: Skip Logic,Missing: Skip Logic,1 traveler,1 traveler,Missing Response,Selected,Not Selected,Not Selected,Missing: Skip Logic,Missing: Skip Logic,Missing: Skip Logic,Missing: Skip Logic,Missing: Skip Logic,,Missing: Skip Logic,Missing: Skip Logic,Missing: Skip Logic,,Missing: Skip Logic,Missing Response,,No,No,No,No,Missing Response,Missing Response,No,No teleport detected,No,2.71047227926078,20.6995802678669,2023,No,0.0,80394,af7e1d49-9b68-406f-b2d2-002405e4a8a1
2307316301031,23073163,2307316301,230731630107,1,7,31,Yes,2023-05-08,Monday,No,Incomplete,2023-05-08,Monday,15,8,0,2023-05-08,Monday,15,14,0,Yes,Seattle University Community,King County,Seattle,,53033005307,Yes,Seattle University Community,King County,Seattle,,53033004302,275.999277312,0.171498,6,360,1.71498,No,3.0,No,No,Social/Recreation,"Attended social event (e.g., visit with friends, family, co-workers)",,Social/Recreation,"Social event (e.g., visit friends, family, co-workers)",,,Walk,Walk (or jog/wheelchair),Missing Response,Missing Response,Missing Response,,Missing: Skip Logic,Missing: Skip Logic,1 traveler,1 traveler,Missing Response,Selected,Not Selected,Not Selected,Missing: Skip Logic,Missing: Skip Logic,Missing: Skip Logic,Missing: Skip Logic,Missing: Skip Logic,,Missing: Skip Logic,Missing: Skip Logic,Missing: Skip Logic,,Missing: Skip Logic,Missing Response,,No,No,No,No,Missing Response,Missing Response,No,No teleport detected,No,3.5,34.7805239160462,2023,No,0.0,80396,f883e1ad-797f-47fb-b444-70214e1a10b9
2308704802024,23087048,2308704802,230870480207,2,7,24,Yes,2023-05-02,Tuesday,No,Incomplete,2023-05-02,Tuesday,17,38,0,2023-05-02,Tuesday,17,52,0,Yes,Not RGC,King County,Seattle,,53033011700,Yes,Not RGC,King County,Seattle,,53033011700,409.000293504,0.254141,14,840,1.08917727025324,No,547.066666666667,No,Yes,Work-related,"Went to work-related place (e.g., meeting, second job, delivery)",,Home,Went home,,,Walk,Walk (or jog/wheelchair),Missing Response,Missing Response,Missing Response,,Missing: Skip Logic,Missing: Skip Logic,1 traveler,1 traveler,Missing Response,Not Selected,Selected,Missing: Skip Logic,Missing: Skip Logic,Missing: Skip Logic,Missing: Skip Logic,Missing: Skip Logic,Missing: Skip Logic,,Missing: Skip Logic,Missing: Skip Logic,Missing: Skip Logic,Missing: Skip Logic,Missing: Skip Logic,Missing Response,,No,No,No,No,Missing Response,Missing Response,No,No teleport detected,No,5.2143684820394,7.13492819996533,2023,No,0.0,82830,5e95d493-d030-48d9-b501-d0381ce9efbf
2308704802023,23087048,2308704802,230870480207,2,7,23,Yes,2023-05-02,Tuesday,No,Incomplete,2023-05-02,Tuesday,17,30,0,2023-05-02,Tuesday,17,36,0,Yes,Not RGC,King County,Seattle,,53033011700,Yes,Not RGC,King County,Seattle,,53033011700,635.000471424,0.394571,6,360,3.94571,No,2.51666666666667,No,No,Home,Went home,,Work-related,"Went to work-related activity (e.g., meeting, delivery, worksite)",,,Walk,Walk (or jog/wheelchair),Missing Response,Missing Response,Missing Response,,Missing: Skip Logic,Missing: Skip Logic,1 traveler,1 traveler,Missing Response,Not Selected,Selected,Missing: Skip Logic,Missing: Skip Logic,Missing: Skip Logic,Missing: Skip Logic,Missing: Skip Logic,Missing: Skip Logic,,Missing: Skip Logic,Missing: Skip Logic,Missing: Skip Logic,Missing: Skip Logic,Missing: Skip Logic,Missing Response,,No,No,No,No,Missing Response,Missing Response,No,No teleport detected,No,,,2023,No,0.0,83144,3be464e5-bbde-41cb-afb9-d173f1399699
2308813801009,23088138,2308813801,230881380102,1,2,9,Yes,2023-05-05,Friday,Yes,Incomplete,2023-05-05,Friday,6,44,42,2023-05-05,Friday,6,49,0,Yes,Seattle First Hill/Capitol Hill,King County,Seattle,,53033007600,Yes,Not RGC,King County,Seattle,,53033007600,1250.99941824,0.777335,5,258,10.8466357826584,No,438.483333333333,No,No,Social/Recreation,"Attended social event (e.g., visit with friends, family, co-workers)",,Overnight,"Went to another residence (e.g., someone else's home, second home)",,,Walk,Walk (or jog/wheelchair),Missing Response,Missing Response,Missing Response,,Missing: Skip Logic,Missing: Skip Logic,1 traveler,1 traveler,Missing Response,Selected,Missing: Skip Logic,Missing: Skip Logic,Missing: Skip Logic,Missing: Skip Logic,Missing: Skip Logic,Missing: Skip Logic,Missing: Skip Logic,,Missing: Skip Logic,Missing: Skip Logic,Missing: Skip Logic,Missing: Skip Logic,Missing: Skip Logic,Missing Response,,No,No,No,No,Missing Response,Missing Response,No,No teleport detected,No,,,2023,Yes,0.0,83577,f48905d0-ad18-4f1f-8f78-d6bd6bde2155
2309238101010,23092381,2309238101,230923810105,1,5,10,Yes,2023-05-01,Monday,No,Incomplete,2023-05-01,Monday,11,16,0,2023-05-01,Monday,12,57,0,Yes,Not RGC,King County,Seattle,,53033007600,Yes,Seattle First Hill/Capitol Hill,King County,Seattle,,53033007901,2827.001029248,1.756617,101,6060,1.04353505812575,No,8.5,Yes,No,Home,Went home,,Shopping,Grocery shopping,,,Missing Response,Missing Response,Missing Response,Missing Response,Missing Response,,Missing: Skip Logic,Missing: Skip Logic,1 traveler,1 traveler,Missing Response,Selected,-995,-995,-995,-995,-995,-995,-995,,Missing: Skip Logic,Missing: Skip Logic,Missing: Skip Logic,Missing: Skip Logic,-995,Missing Response,,No,No,No,No,Missing Response,Missing Response,No,No teleport detected,No,1.9197896120973,4.88835748930053,2023,No,0.0,84444,089e9ad5-afc3-4432-a806-9d43286ee861
2309238101011,23092381,2309238101,230923810105,1,5,11,Yes,2023-05-01,Monday,No,Incomplete,2023-05-01,Monday,13,7,0,2023-05-01,Monday,13,34,0,Yes,Seattle First Hill/Capitol Hill,King County,Seattle,,53033007901,Yes,Not RGC,King County,Seattle,,53033007600,1290.000260736,0.801569,27,1620,1.78126444444444,No,805.533333333333,No,Yes,Shopping,Went grocery shopping,,Home,Went home,,,Missing Response,Missing Response,Missing Response,Missing Response,Missing Response,,Missing: Skip Logic,Missing: Skip Logic,1 traveler,1 traveler,Missing Response,Selected,Missing: Skip Logic,Missing: Skip Logic,Missing: Skip Logic,Missing: Skip Logic,Missing: Skip Logic,Missing: Skip Logic,Missing: Skip Logic,,Missing: Skip Logic,Missing: Skip Logic,Missing: Skip Logic,Missing: Skip Logic,Missing: Skip Logic,Missing Response,,No,No,No,No,Missing Response,Missing Response,No,No teleport detected,No,1.66153846153846,9.4990512707158,2023,No,0.0,84445,0d04d820-6191-4cb5-a7f8-08a91d4c7b12
2309263401010,23092634,2309263401,230926340103,1,3,10,Yes,2023-05-19,Friday,Yes,Incomplete,2023-05-19,Friday,19,18,0,2023-05-19,Friday,19,19,0,Yes,Seattle University Community,King County,Seattle,,53033004301,Yes,Seattle University Community,King County,Seattle,,53033004301,568.000262016,0.352939,1,60,21.1771870874835,No,8.3,No,No,Shopping,"Went to other shopping (e.g., mall, pet store)",,Meal,Went to restaurant to eat/get take-out,,,Drive SOV,Household vehicle 1,Missing Response,Missing Response,Missing Response,,Missing: Skip Logic,Missing: Skip Logic,1 traveler,1 traveler,Missing Response,Selected,Not Selected,Missing: Skip Logic,Missing: Skip Logic,Missing: Skip Logic,Missing: Skip Logic,Missing: Skip Logic,Missing: Skip Logic,,Missing: Skip Logic,Missing: Skip Logic,Missing: Skip Logic,Missing: Skip Logic,Missing: Skip Logic,Missing Response,,No,No,No,No,Missing Response,Missing Response,No,No teleport detected,No,,,2023,Yes,0.0,84671,664091bb-2474-4954-b3dd-e07ad93b8cfb
2309464701005,23094647,2309464701,230946470101,1,1,5,Yes,2023-05-04,Thursday,Yes,Incomplete,2023-05-04,Thursday,16,11,0,2023-05-04,Thursday,16,17,0,Yes,Seattle First Hill/Capitol Hill,King County,Seattle,,53033007406,Yes,Seattle South Lake Union,King County,Seattle,,53033007301,713.999949696,0.443659,6,360,4.43659,No,274.933333333333,No,No,Work,Went to primary workplace,,Other,Other reason,,,Walk,Walk (or jog/wheelchair),Missing Response,Missing Response,Missing Response,,Missing: Skip Logic,Missing: Skip Logic,1 traveler,1 traveler,Missing Response,Selected,Missing: Skip Logic,Missing: Skip Logic,Missing: Skip Logic,Missing: Skip Logic,Missing: Skip Logic,Missing: Skip Logic,Missing: Skip Logic,,Missing: Skip Logic,Missing: Skip Logic,Missing: Skip Logic,Missing: Skip Logic,Missing: Skip Logic,Missing Response,,Yes,No,No,No,Yes,Missing Response,No,Teleport detected,No,,,2023,Yes,0.0,85589,2a7cfc69-8ed0-410b-a5a7-a4a04c6144d8
2309464701006,23094647,2309464701,230946470101,1,1,6,Yes,2023-05-04,Thursday,Yes,Incomplete,2023-05-04,Thursday,20,51,38,2023-05-04,Thursday,20,59,0,Yes,Seattle Downtown,King County,Seattle,,53033007302,Yes,Seattle First Hill/Capitol Hill,King County,Seattle,,53033007404,821.000404224,0.510146,8,442,4.15506161577494,No,0.0,No,Yes,Other,Other reason,,Home,Went home,,,Transit,Bus (public transit),Missing Response,Missing Response,Missing Response,,Walked or jogged,Missing: Skip Logic,1 traveler,1 traveler,No other people,Selected,-995,-995,-995,-995,-995,-995,-995,,Missing: Skip Logic,Missing: Skip Logic,Missing: Skip Logic,Missing: Skip Logic,-995,Missing Response,,Yes,No,No,No,Yes,Missing Response,No,No teleport detected,No,,,2023,Yes,0.0,85590,86d69df9-3bbd-45fd-98c7-acc144c6bbfe
2309861301001,23098613,2309861301,230986130105,1,1,1,Yes,2023-05-16,Tuesday,No,Incomplete,2023-05-16,Tuesday,9,10,0,2023-05-16,Tuesday,10,5,0,Yes,Seattle First Hill/Capitol Hill,King County,Seattle,,53033007403,Yes,Seattle First Hill/Capitol Hill,King County,Seattle,,53033008500,4612.99950144,2.866385,55,3300,3.1269677287038,No,4.6,Yes,Yes,Home,Went home,HOME,Personal Business/Errand/Appointment,"Medical appointment (e.g., doctor, dentist)",,,Missing Response,Missing Response,Missing Response,Missing Response,Missing Response,,Missing: Skip Logic,Missing: Skip Logic,1 traveler,1 traveler,Missing Response,Selected,-995,-995,-995,-995,-995,-995,-995,,Missing: Skip Logic,Missing: Skip Logic,Missing: Skip Logic,Missing: Skip Logic,-995,Missing Response,,No,No,No,No,Missing Response,Missing Response,No,No teleport detected,No,3.49514563106796,31.6348026596708,2023,No,0.0,87034,dc13f8a8-89aa-4a6a-ab97-fb688ad80052
2309861301002,23098613,2309861301,230986130106,1,2,2,Yes,2023-05-17,Wednesday,No,Incomplete,2023-05-17,Wednesday,7,31,12,2023-05-17,Wednesday,7,42,0,Yes,Seattle First Hill/Capitol Hill,King County,Seattle,,53033008500,Yes,Seattle First Hill/Capitol Hill,King County,Seattle,,53033007403,2314.000098432,1.437853,11,648,7.98807222222222,No,1910.81666666667,Yes,Yes,Personal Business/Errand/Appointment,"Went to medical appointment (e.g., doctor, dentist)",,Home,Went home,,,Missing Response,Missing Response,Missing Response,Missing Response,Missing Response,,Missing: Skip Logic,Missing: Skip Logic,1 traveler,1 traveler,Missing Response,Selected,Missing: Skip Logic,Missing: Skip Logic,Missing: Skip Logic,Missing: Skip Logic,Missing: Skip Logic,Missing: Skip Logic,Missing: Skip Logic,,Missing: Skip Logic,Missing: Skip Logic,Missing: Skip Logic,Missing: Skip Logic,Missing: Skip Logic,Missing Response,,No,No,No,No,Missing Response,Missing Response,No,No teleport detected,No,120.0,0.0,2023,No,0.0,87040,438bdb3f-a13d-4b66-84af-7f201513150c
2309861301004,23098613,2309861301,230986130107,1,3,4,Yes,2023-05-18,Thursday,No,Incomplete,2023-05-18,Thursday,15,35,0,2023-05-18,Thursday,15,55,0,Yes,Seattle First Hill/Capitol Hill,King County,Seattle,,53033007403,Yes,Not RGC,King County,Seattle,,53033006100,3022.99981632,1.878405,20,1200,5.63522063522063,No,0.0,No,No,Meal,Went to restaurant to eat/get take-out,,Social/Recreation,"Social event (e.g., visit friends, family, co-workers)",,,Missing Response,Missing Response,Missing Response,Missing Response,Missing Response,,Missing: Skip Logic,Missing: Skip Logic,1 traveler,1 traveler,Missing Response,Selected,-995,-995,-995,-995,-995,-995,-995,,Missing: Skip Logic,Missing: Skip Logic,Missing: Skip Logic,Missing: Skip Logic,-995,Missing Response,,No,No,No,No,Yes,Yes,No,No teleport detected,No,3.85542168674699,48.153219923979,2023,No,0.0,87051,6afd3a58-3b4a-4b88-8a72-4524b2a30a06
2309861301005,23098613,2309861301,230986130107,1,3,5,Yes,2023-05-18,Thursday,No,Incomplete,2023-05-18,Thursday,15,55,0,2023-05-18,Thursday,16,29,0,Yes,Not RGC,King County,Seattle,,53033006100,Yes,Not RGC,King County,Seattle,,53033005000,3931.999150464,2.443231,34,2040,4.31158919010493,No,0.0,No,No,Social/Recreation,"Attended social event (e.g., visit with friends, family, co-workers)",,Meal,Went to restaurant to eat/get take-out,,,Missing Response,Missing Response,Missing Response,Missing Response,Missing Response,,Missing: Skip Logic,Missing: Skip Logic,1 traveler,1 traveler,Missing Response,Selected,-995,-995,-995,-995,-995,-995,-995,,Missing: Skip Logic,Missing: Skip Logic,Missing: Skip Logic,Missing: Skip Logic,-995,Missing Response,,No,No,No,No,Yes,Yes,No,No teleport detected,No,4.44444444444444,0.0,2023,No,0.0,87056,7f52ccf3-715b-4e3b-992d-f2ecedbf6daf
2309861301006,23098613,2309861301,230986130107,1,3,6,Yes,2023-05-18,Thursday,No,Incomplete,2023-05-18,Thursday,16,42,0,2023-05-18,Thursday,16,44,0,Yes,Not RGC,King County,Seattle,,53033005000,Yes,Not RGC,King County,Seattle,,53033005000,466.000039296,0.289559,2,120,8.68685686856869,No,29.3333333333333,No,No,Meal,Went to restaurant to eat/get take-out,,Social/Recreation,"Recreational event (e.g., movies, sporting event)",,,Missing Response,Missing Response,Missing Response,Missing Response,Missing Response,,Missing: Skip Logic,Missing: Skip Logic,1 traveler,1 traveler,Missing Response,Selected,Missing: Skip Logic,Missing: Skip Logic,Missing: Skip Logic,Missing: Skip Logic,Missing: Skip Logic,Missing: Skip Logic,Missing: Skip Logic,,Missing: Skip Logic,Missing: Skip Logic,Missing: Skip Logic,Missing: Skip Logic,Missing: Skip Logic,Missing Response,,No,No,No,No,Missing Response,Missing Response,No,No teleport detected,No,4.40366972477064,36.0550558824884,2023,No,0.0,87063,4c1a995f-691d-48ca-a36d-d6a125b45c17
2309861301007,23098613,2309861301,230986130107,1,3,7,Yes,2023-05-18,Thursday,No,Incomplete,2023-05-18,Thursday,17,14,0,2023-05-18,Thursday,17,18,0,Yes,Not RGC,King County,Seattle,,53033005000,Yes,Not RGC,King County,Seattle,,53033005100,420.999562368,0.261597,4,240,3.9239942399424,No,0.0,No,No,Social/Recreation,"Attended recreational event (e.g., movies, sporting event)",,Shopping,Grocery shopping,,,Walk,Walk (or jog/wheelchair),Missing Response,Missing Response,Missing Response,,Missing: Skip Logic,Missing: Skip Logic,1 traveler,1 traveler,Missing Response,Selected,Missing: Skip Logic,Missing: Skip Logic,Missing: Skip Logic,Missing: Skip Logic,Missing: Skip Logic,Missing: Skip Logic,Missing: Skip Logic,,Missing: Skip Logic,Missing: Skip Logic,Missing: Skip Logic,Missing: Skip Logic,Missing: Skip Logic,Missing Response,,Yes,No,No,No,Yes,Yes,No,No teleport detected,No,2.76699029126214,14.534882247044,2023,No,0.0,87066,59ba158e-ecd4-44ae-9943-9d0981d304e1
2309861301008,23098613,2309861301,230986130107,1,3,8,Yes,2023-05-18,Thursday,No,Incomplete,2023-05-18,Thursday,17,18,0,2023-05-18,Thursday,17,47,0,Yes,Not RGC,King County,Seattle,,53033005100,Yes,Seattle University Community,King County,Seattle,,53033005306,1670.999577984,1.038311,29,1740,2.14823113671113,No,0.0,No,No,Shopping,Went grocery shopping,,Personal Business/Errand/Appointment,"Personal business (e.g., bank, post office)",,,Missing Response,Missing Response,Missing Response,Missing Response,Missing Response,,Missing: Skip Logic,Missing: Skip Logic,1 traveler,1 traveler,Missing Response,Selected,Missing: Skip Logic,Missing: Skip Logic,Missing: Skip Logic,Missing: Skip Logic,Missing: Skip Logic,Missing: Skip Logic,Missing: Skip Logic,,Missing: Skip Logic,Missing: Skip Logic,Missing: Skip Logic,Missing: Skip Logic,Missing: Skip Logic,Missing Response,,Yes,No,No,No,Yes,Yes,No,No teleport detected,No,2.76699029126214,14.534882247044,2023,No,0.0,87067,4c0684e1-c164-421b-91ed-60aed1d2840c
2309861301009,23098613,2309861301,230986130107,1,3,9,Yes,2023-05-18,Thursday,No,Incomplete,2023-05-18,Thursday,17,47,0,2023-05-18,Thursday,18,11,0,Yes,Seattle University Community,King County,Seattle,,53033005306,Yes,Seattle First Hill/Capitol Hill,King County,Seattle,,53033007405,5368.000708224,3.335521,24,1440,8.3388025,No,0.0,No,No,Personal Business/Errand/Appointment,"Conducted personal business (e.g., bank, post office)",,Social/Recreation,"Social event (e.g., visit friends, family, co-workers)",,,Missing Response,Missing Response,Missing Response,Missing Response,Missing Response,,Missing: Skip Logic,Missing: Skip Logic,1 traveler,1 traveler,Missing Response,Selected,Missing: Skip Logic,Missing: Skip Logic,Missing: Skip Logic,Missing: Skip Logic,Missing: Skip Logic,Missing: Skip Logic,Missing: Skip Logic,,Missing: Skip Logic,Missing: Skip Logic,Missing: Skip Logic,Missing: Skip Logic,Missing: Skip Logic,Missing Response,,No,No,No,No,Yes,Yes,No,No teleport detected,No,3.0622009569378,85.3417296650895,2023,No,0.0,87075,5ee5fb84-5b6b-4b82-a48f-d27f4ce267d3
2309861301010,23098613,2309861301,230986130107,1,3,10,Yes,2023-05-18,Thursday,No,Incomplete,2023-05-18,Thursday,18,15,34,2023-05-18,Thursday,18,16,25,Yes,Seattle First Hill/Capitol Hill,King County,Seattle,,53033007405,Yes,Seattle First Hill/Capitol Hill,King County,Seattle,,53033007405,70.000026624,0.043496,1,51,3.07045037413525,No,10.2333333333333,No,No,Social/Recreation,"Attended social event (e.g., visit with friends, family, co-workers)",,Personal Business/Errand/Appointment,"Personal business (e.g., bank, post office)","exercise
",,Walk,Walk (or jog/wheelchair),Missing Response,Missing Response,Missing Response,,Missing: Skip Logic,Missing: Skip Logic,1 traveler,1 traveler,No other people,Selected,Missing: Skip Logic,Missing: Skip Logic,Missing: Skip Logic,Missing: Skip Logic,Missing: Skip Logic,Missing: Skip Logic,Missing: Skip Logic,,Missing: Skip Logic,Missing: Skip Logic,Missing: Skip Logic,Missing: Skip Logic,Missing: Skip Logic,Missing Response,,No,No,No,No,Yes,Yes,No,No teleport detected,No,5.45454545454546,0.0,2023,No,0.0,87083,c25ecedb-5950-41a1-b5c2-d7ff03fe5e59
2309861301011,23098613,2309861301,230986130107,1,3,11,Yes,2023-05-18,Thursday,No,Incomplete,2023-05-18,Thursday,18,17,0,2023-05-18,Thursday,18,23,0,Yes,Seattle First Hill/Capitol Hill,King County,Seattle,,53033007405,Yes,Seattle First Hill/Capitol Hill,King County,Seattle,,53033007405,951.99939648,0.591545,6,360,5.91545,No,0.0,No,Yes,Personal Business/Errand/Appointment,"Conducted personal business (e.g., bank, post office)",,Social/Recreation,"Social event (e.g., visit friends, family, co-workers)",,"Place near: 1724 Summit Ave, Seattle, WA 98122, United States",Walk,Walk (or jog/wheelchair),Missing Response,Missing Response,Missing Response,,Missing: Skip Logic,Missing: Skip Logic,1 traveler,1 traveler,Missing Response,Selected,-995,-995,-995,-995,-995,-995,-995,,Missing: Skip Logic,Missing: Skip Logic,Missing: Skip Logic,Missing: Skip Logic,-995,Missing Response,,No,No,No,No,Yes,Missing Response,No,No teleport detected,No,45.0,27.0409357854954,2023,No,0.0,87085,5f3432eb-4037-4620-9fc7-e4f6ba4420ee
2310241501001,23102415,2310241501,231024150101,1,1,1,Yes,2023-05-06,Saturday,No,Incomplete,2023-05-06,Saturday,10,9,0,2023-05-06,Saturday,10,17,0,Yes,Seattle Downtown,King County,Seattle,,53033008003,Yes,Seattle Downtown,King County,Seattle,,53033008102,563.999432832,0.350453,8,480,2.62840407101018,No,4865.85,Yes,Yes,Home,Went home,HOME,Social/Recreation,"Social event (e.g., visit friends, family, co-workers)",,,Walk,Walk (or jog/wheelchair),Missing Response,Missing Response,Missing Response,,Missing: Skip Logic,Missing: Skip Logic,1 traveler,1 traveler,Missing Response,Selected,Missing: Skip Logic,Missing: Skip Logic,Missing: Skip Logic,Missing: Skip Logic,Missing: Skip Logic,Missing: Skip Logic,Missing: Skip Logic,,Missing: Skip Logic,Missing: Skip Logic,Missing: Skip Logic,Missing: Skip Logic,Missing: Skip Logic,Missing Response,,No,No,No,No,Missing Response,Missing Response,No,No teleport detected,No,0.458891013384321,50.4199825406805,2023,No,0.0,87907,bd54cdf6-a103-4397-ac97-e01e5394fdd7
2310241501003,23102415,2310241501,231024150107,1,7,3,Yes,2023-05-12,Friday,Yes,Incomplete,2023-05-12,Friday,11,18,0,2023-05-12,Friday,11,20,0,Yes,Seattle Downtown,King County,Seattle,,53033008003,Yes,Seattle Downtown,King County,Seattle,,53033008101,662.000435712,0.411348,2,120,12.3405634056341,No,939.466666666667,Yes,Yes,Home,Went home,,Meal,Went to restaurant to eat/get take-out,,,Missing Response,Missing Response,Missing Response,Missing Response,Missing Response,,Missing: Skip Logic,Missing: Skip Logic,1 traveler,1 traveler,Missing Response,Selected,Missing: Skip Logic,Missing: Skip Logic,Missing: Skip Logic,Missing: Skip Logic,Missing: Skip Logic,Missing: Skip Logic,Missing: Skip Logic,,Missing: Skip Logic,Missing: Skip Logic,Missing: Skip Logic,Missing: Skip Logic,Missing: Skip Logic,Missing Response,,No,No,No,No,Missing Response,Missing Response,No,No teleport detected,No,,,2023,Yes,0.0,87919,3f5ea470-4be1-4b8a-8815-c4205f0cedfe
2310494401027,23104944,2310494401,231049440106,1,6,27,Yes,2023-05-26,Friday,No,Incomplete,2023-05-26,Friday,10,59,0,2023-05-26,Friday,11,27,0,Yes,Seattle Uptown,King County,Seattle,,53033007101,Yes,Seattle First Hill/Capitol Hill,King County,Seattle,,53033007405,4695.999808896,2.917959,28,1680,6.2527782182546,No,12.4833333333333,Yes,No,Social/Recreation,"Attended recreational event (e.g., movies, sporting event)",,Personal Business/Errand/Appointment,"Personal business (e.g., bank, post office)",,,Missing Response,Missing Response,Missing Response,Missing Response,Missing Response,,Missing: Skip Logic,Missing: Skip Logic,1 traveler,1 traveler,Missing Response,Selected,-995,-995,-995,-995,-995,-995,-995,,Missing: Skip Logic,Missing: Skip Logic,Missing: Skip Logic,Missing: Skip Logic,-995,Missing Response,,No,No,No,No,Missing Response,Missing Response,No,No teleport detected,No,3.59102244389027,13.3896458222708,2023,No,0.0,88027,701639e2-5d70-4809-b663-d46347b73782
2310494401028,23104944,2310494401,231049440106,1,6,28,Yes,2023-05-26,Friday,No,Incomplete,2023-05-26,Friday,13,27,0,2023-05-26,Friday,13,54,0,Yes,Seattle First Hill/Capitol Hill,King County,Seattle,,53033007405,Yes,Seattle Downtown,King County,Seattle,,53033009100,2941.999923456,1.828074,27,1620,4.06238666666667,No,67.7833333333333,No,No,Personal Business/Errand/Appointment,"Conducted personal business (e.g., bank, post office)",,Meal,Went to restaurant to eat/get take-out,,,Missing Response,Missing Response,Missing Response,Missing Response,Missing Response,,Missing: Skip Logic,Missing: Skip Logic,1 traveler,1 traveler,Missing Response,Selected,Missing: Skip Logic,Missing: Skip Logic,Missing: Skip Logic,Missing: Skip Logic,Missing: Skip Logic,Missing: Skip Logic,Missing: Skip Logic,,Missing: Skip Logic,Missing: Skip Logic,Missing: Skip Logic,Missing: Skip Logic,Missing: Skip Logic,Missing Response,,No,No,No,No,Missing Response,Missing Response,No,No teleport detected,No,3.18153462258266,6.48555483568513,2023,No,0.0,88057,6a200dae-8ebe-43b9-8611-c8824bb7eb1a
2310494401029,23104944,2310494401,231049440106,1,6,29,Yes,2023-05-26,Friday,No,Incomplete,2023-05-26,Friday,15,0,14,2023-05-26,Friday,15,20,0,Yes,Seattle Downtown,King County,Seattle,,53033009100,Yes,Seattle Downtown,King County,Seattle,,53033008102,2270.000633472,1.410513,20,1186,4.28149548936997,No,11.25,No,No,Meal,Went to restaurant to eat/get take-out,,Personal Business/Errand/Appointment,"Medical appointment (e.g., doctor, dentist)",,,Missing Response,Missing Response,Missing Response,Missing Response,Missing Response,,Missing: Skip Logic,Missing: Skip Logic,1 traveler,1 traveler,Missing Response,Selected,-995,-995,-995,-995,-995,-995,-995,,Missing: Skip Logic,Missing: Skip Logic,Missing: Skip Logic,Missing: Skip Logic,-995,Missing Response,,No,No,No,No,Missing Response,Missing Response,No,No teleport detected,No,7.05882352941176,45.1436731562377,2023,No,0.0,88060,211a7af0-114e-43a3-8dc0-9255992e28eb
2310494401030,23104944,2310494401,231049440106,1,6,30,Yes,2023-05-26,Friday,No,Incomplete,2023-05-26,Friday,15,30,0,2023-05-26,Friday,15,48,0,Yes,Seattle Downtown,King County,Seattle,,53033008102,Yes,Not RGC,King County,Seattle,,53033006703,2704.000476672,1.680188,18,1080,5.60062666666667,No,8.76666666666667,No,No,Personal Business/Errand/Appointment,"Went to medical appointment (e.g., doctor, dentist)",,Home,Went home,,,Missing Response,Missing Response,Missing Response,Missing Response,Missing Response,,Missing: Skip Logic,Missing: Skip Logic,1 traveler,1 traveler,Missing Response,Selected,Missing: Skip Logic,Missing: Skip Logic,Missing: Skip Logic,Missing: Skip Logic,Missing: Skip Logic,Missing: Skip Logic,Missing: Skip Logic,,Missing: Skip Logic,Missing: Skip Logic,Missing: Skip Logic,Missing: Skip Logic,Missing: Skip Logic,Missing Response,,No,No,No,No,Missing Response,Missing Response,No,No teleport detected,No,2.63913824057451,8.49728651184789,2023,No,0.0,88064,a5191980-1f55-4f02-8d7c-0940e8f3d1e8
2310494401031,23104944,2310494401,231049440106,1,6,31,Yes,2023-05-26,Friday,No,Incomplete,2023-05-26,Friday,15,57,0,2023-05-26,Friday,16,18,0,Yes,Not RGC,King County,Seattle,,53033006703,Yes,Seattle Uptown,King County,Seattle,,53033007101,1026.999654912,0.638148,21,1260,1.82328,No,31.6833333333333,No,No,Home,Went home,,Social/Recreation,"Recreational event (e.g., movies, sporting event)",,,Missing Response,Missing Response,Missing Response,Missing Response,Missing Response,,Missing: Skip Logic,Missing: Skip Logic,1 traveler,1 traveler,Missing Response,Selected,Missing: Skip Logic,Missing: Skip Logic,Missing: Skip Logic,Missing: Skip Logic,Missing: Skip Logic,Missing: Skip Logic,Missing: Skip Logic,,Missing: Skip Logic,Missing: Skip Logic,Missing: Skip Logic,Missing: Skip Logic,Missing: Skip Logic,Missing Response,,No,No,No,No,Missing Response,Missing Response,No,No teleport detected,Yes,1.4576802507837,17.2658024946236,2023,No,0.0,88116,81d7fd94-693b-468f-84bf-64116d5b3783
2310494401032,23104944,2310494401,231049440106,1,6,32,Yes,2023-05-26,Friday,No,Incomplete,2023-05-26,Friday,16,50,0,2023-05-26,Friday,16,51,0,Yes,Seattle Uptown,King County,Seattle,,53033007101,Yes,Seattle Uptown,King County,Seattle,,53033007101,988.00042176,0.613915,1,60,36.8363734549382,No,26.6833333333333,No,No,Social/Recreation,"Attended recreational event (e.g., movies, sporting event)",,Social/Recreation,"Recreational event (e.g., movies, sporting event)",,,Missing Response,Missing Response,Missing Response,Missing Response,Missing Response,,Missing: Skip Logic,Missing: Skip Logic,1 traveler,1 traveler,Missing Response,Selected,Missing: Skip Logic,Missing: Skip Logic,Missing: Skip Logic,Missing: Skip Logic,Missing: Skip Logic,Missing: Skip Logic,Missing: Skip Logic,,Missing: Skip Logic,Missing: Skip Logic,Missing: Skip Logic,Missing: Skip Logic,Missing: Skip Logic,Missing Response,,No,No,No,No,Missing Response,Missing Response,No,No teleport detected,No,5.21739130434783,49.2223845311097,2023,No,0.0,88119,8867af97-20d7-42a7-8e71-30a850a13a94
2310494401033,23104944,2310494401,231049440106,1,6,33,Yes,2023-05-26,Friday,No,Incomplete,2023-05-26,Friday,17,18,0,2023-05-26,Friday,17,43,0,Yes,Seattle Uptown,King County,Seattle,,53033007101,Yes,Not RGC,King County,Seattle,,53033006703,1839.000607488,1.142702,25,1500,2.7424891879827,No,70.5833333333333,No,No,Social/Recreation,"Attended recreational event (e.g., movies, sporting event)",,Home,Went home,,,Missing Response,Missing Response,Missing Response,Missing Response,Missing Response,,Missing: Skip Logic,Missing: Skip Logic,1 traveler,1 traveler,Missing Response,Selected,Missing: Skip Logic,Missing: Skip Logic,Missing: Skip Logic,Missing: Skip Logic,Missing: Skip Logic,Missing: Skip Logic,Missing: Skip Logic,,Missing: Skip Logic,Missing: Skip Logic,Missing: Skip Logic,Missing: Skip Logic,Missing: Skip Logic,Missing Response,,No,No,No,No,Missing Response,Missing Response,No,No teleport detected,No,1.7578125,7.68836994961582,2023,No,0.0,88122,581d97a9-d33a-402c-828c-959d61b0dbdf
2310494401034,23104944,2310494401,231049440106,1,6,34,Yes,2023-05-26,Friday,No,Incomplete,2023-05-26,Friday,18,54,0,2023-05-26,Friday,19,9,0,Yes,Not RGC,King County,Seattle,,53033006703,Yes,Not RGC,King County,Seattle,,53033004902,3063.999464064,1.903881,15,900,7.615524,No,112.066666666667,No,No,Home,Went home,,Personal Business/Errand/Appointment,"Personal business (e.g., bank, post office)",,,Missing Response,Missing Response,Missing Response,Missing Response,Missing Response,,Missing: Skip Logic,Missing: Skip Logic,1 traveler,1 traveler,Missing Response,Selected,Missing: Skip Logic,Missing: Skip Logic,Missing: Skip Logic,Missing: Skip Logic,Missing: Skip Logic,Missing: Skip Logic,Missing: Skip Logic,,Missing: Skip Logic,Missing: Skip Logic,Missing: Skip Logic,Missing: Skip Logic,Missing: Skip Logic,Missing Response,,No,No,No,No,Missing Response,Missing Response,No,No teleport detected,No,5.94059405940594,5.67648129392815,2023,No,0.0,88125,14641c2c-10ac-45c3-b8de-c9731ed36d48
2310494401035,23104944,2310494401,231049440106,1,6,35,Yes,2023-05-26,Friday,No,Incomplete,2023-05-26,Friday,21,1,0,2023-05-26,Friday,21,5,0,Yes,Not RGC,King County,Seattle,,53033004902,Yes,Not RGC,King County,Seattle,,53033004800,495.000418176,0.307579,4,240,4.61373113731137,No,243.383333333333,No,Yes,Personal Business/Errand/Appointment,"Conducted personal business (e.g., bank, post office)",,Overnight,"Went to another residence (e.g., someone else's home, second home)",,,Walk,Walk (or jog/wheelchair),Missing Response,Missing Response,Missing Response,,Missing: Skip Logic,Missing: Skip Logic,1 traveler,1 traveler,Missing Response,Selected,Missing: Skip Logic,Missing: Skip Logic,Missing: Skip Logic,Missing: Skip Logic,Missing: Skip Logic,Missing: Skip Logic,Missing: Skip Logic,,Missing: Skip Logic,Missing: Skip Logic,Missing: Skip Logic,Missing: Skip Logic,Missing: Skip Logic,Missing Response,,No,No,No,No,Missing Response,Missing Response,No,No teleport detected,No,2.71493212669683,42.5549304842109,2023,No,0.0,88127,4bd95cbb-a989-4146-be7b-b397fc430cdf
2310494401036,23104944,2310494401,231049440106,1,6,36,Yes,2023-05-26,Friday,No,Incomplete,2023-05-27,Saturday,1,6,51,2023-05-27,Saturday,1,8,0,Yes,Not RGC,King County,Seattle,,53033004800,Yes,Not RGC,King County,Seattle,,53033004902,186.999335424,0.116196,2,69,6.06261087342168,No,3.93333333333333,Yes,No,Overnight,"Went to another residence (e.g., someone else's home, second home)",,Meal,Went to restaurant to eat/get take-out,,,Missing Response,Missing Response,Missing Response,Missing Response,Missing Response,,Missing: Skip Logic,Missing: Skip Logic,1 traveler,1 traveler,Missing Response,Selected,Missing: Skip Logic,Missing: Skip Logic,Missing: Skip Logic,Missing: Skip Logic,Missing: Skip Logic,Missing: Skip Logic,Missing: Skip Logic,,Missing: Skip Logic,Missing: Skip Logic,Missing: Skip Logic,Missing: Skip Logic,Missing: Skip Logic,Missing Response,,No,No,No,No,Missing Response,Missing Response,No,No teleport detected,No,120.0,0.0,2023,No,0.0,88138,2d29b745-32c8-4401-8182-011fd198f053
2310494401037,23104944,2310494401,231049440106,1,6,37,Yes,2023-05-26,Friday,No,Incomplete,2023-05-27,Saturday,1,12,0,2023-05-27,Saturday,1,17,0,Yes,Not RGC,King County,Seattle,,53033004902,Yes,Not RGC,King County,Seattle,,53033006702,3542.999784192,2.201518,5,300,26.4183216732867,No,868.65,No,No,Meal,Went to restaurant to eat/get take-out,,Home,Went home,,,Missing Response,Missing Response,Missing Response,Missing Response,Missing Response,,Missing: Skip Logic,Missing: Skip Logic,1 traveler,1 traveler,Missing Response,Selected,Missing: Skip Logic,Missing: Skip Logic,Missing: Skip Logic,Missing: Skip Logic,Missing: Skip Logic,Missing: Skip Logic,Missing: Skip Logic,,Missing: Skip Logic,Missing: Skip Logic,Missing: Skip Logic,Missing: Skip Logic,Missing: Skip Logic,Missing Response,,No,No,No,No,Missing Response,Missing Response,No,No teleport detected,No,5.03225806451613,11.6176741381308,2023,No,0.0,88141,0c5e9402-d29f-47fa-83be-b6768d1e387d
2310494401038,23104944,2310494401,231049440107,1,7,38,Yes,2023-05-27,Saturday,No,Incomplete,2023-05-27,Saturday,15,46,0,2023-05-27,Saturday,16,7,0,Yes,Not RGC,King County,Seattle,,53033006702,Yes,Not RGC,King County,Seattle,,53033000900,13109.999468544,8.146176,21,1260,23.2747885714286,No,170.416666666667,No,No,Home,Went home,,Social/Recreation,"Recreational event (e.g., movies, sporting event)",,,Missing Response,Missing Response,Missing Response,Missing Response,Missing Response,,Missing: Skip Logic,Missing: Skip Logic,1 traveler,1 traveler,Missing Response,Selected,Missing: Skip Logic,Missing: Skip Logic,Missing: Skip Logic,Missing: Skip Logic,Missing: Skip Logic,Missing: Skip Logic,Missing: Skip Logic,,Missing: Skip Logic,Missing: Skip Logic,Missing: Skip Logic,Missing: Skip Logic,Missing: Skip Logic,Missing Response,,No,No,No,No,Missing Response,Missing Response,No,No teleport detected,No,2.9093799682035,6.27379319672263,2023,No,0.0,88186,9e23692e-292c-4939-93bd-b61565b99b33
2310494401039,23104944,2310494401,231049440107,1,7,39,Yes,2023-05-27,Saturday,No,Incomplete,2023-05-27,Saturday,18,57,0,2023-05-27,Saturday,19,13,0,Yes,Not RGC,King County,Seattle,,53033000900,Yes,Not RGC,King County,Seattle,,53033001400,7642.99996416,4.74914,16,960,17.8093195232988,No,15.6166666666667,No,No,Social/Recreation,"Attended recreational event (e.g., movies, sporting event)",,Social/Recreation,"Social event (e.g., visit friends, family, co-workers)",,,Missing Response,Missing Response,Missing Response,Missing Response,Missing Response,,Missing: Skip Logic,Missing: Skip Logic,1 traveler,1 traveler,Missing Response,Selected,Missing: Skip Logic,Missing: Skip Logic,Missing: Skip Logic,Missing: Skip Logic,Missing: Skip Logic,Missing: Skip Logic,Missing: Skip Logic,,Missing: Skip Logic,Missing: Skip Logic,Missing: Skip Logic,Missing: Skip Logic,Missing: Skip Logic,Missing Response,,No,No,No,No,Missing Response,Missing Response,No,No teleport detected,No,5.18676627534685,3.01860814954639,2023,No,0.0,88195,b7fc7e5f-5bdf-4aea-a4e3-f88e34e7253c
2310494401040,23104944,2310494401,231049440107,1,7,40,Yes,2023-05-27,Saturday,No,Incomplete,2023-05-27,Saturday,19,29,0,2023-05-27,Saturday,19,41,0,Yes,Not RGC,King County,Seattle,,53033001400,Yes,Not RGC,King County,Seattle,,53033006703,9507.999523968,5.907997,12,720,29.539985,No,61.4333333333333,No,No,Social/Recreation,"Attended social event (e.g., visit with friends, family, co-workers)",,Home,Went home,,,Missing Response,Missing Response,Missing Response,Missing Response,Missing Response,,Missing: Skip Logic,Missing: Skip Logic,1 traveler,1 traveler,Missing Response,Selected,Missing: Skip Logic,Missing: Skip Logic,Missing: Skip Logic,Missing: Skip Logic,Missing: Skip Logic,Missing: Skip Logic,Missing: Skip Logic,,Missing: Skip Logic,Missing: Skip Logic,Missing: Skip Logic,Missing: Skip Logic,Missing: Skip Logic,Missing Response,,No,No,No,No,Missing Response,Missing Response,No,No teleport detected,No,4.28015564202335,6.21480500803943,2023,No,0.0,88199,2728696b-35c8-409c-8db9-f0448b75c2eb
2310494401041,23104944,2310494401,231049440107,1,7,41,Yes,2023-05-27,Saturday,No,Incomplete,2023-05-27,Saturday,20,43,0,2023-05-27,Saturday,21,36,0,Yes,Not RGC,King County,Seattle,,53033006703,Yes,Seattle First Hill/Capitol Hill,King County,Seattle,,53033007403,3389.999450112,2.106448,53,3180,2.38465901307887,No,64.0166666666667,No,No,Home,Went home,,Social/Recreation,"Recreational event (e.g., movies, sporting event)",,,Missing Response,Missing Response,Missing Response,Missing Response,Missing Response,,Missing: Skip Logic,Missing: Skip Logic,1 traveler,1 traveler,Missing Response,Selected,Missing: Skip Logic,Missing: Skip Logic,Missing: Skip Logic,Missing: Skip Logic,Missing: Skip Logic,Missing: Skip Logic,Missing: Skip Logic,,Missing: Skip Logic,Missing: Skip Logic,Missing: Skip Logic,Missing: Skip Logic,Missing: Skip Logic,Missing Response,,No,No,No,No,Missing Response,Missing Response,No,No teleport detected,No,,,2023,No,0.0,88201,42a79883-b166-41fe-8f5e-4eb9483bf005
2310494401042,23104944,2310494401,231049440107,1,7,42,Yes,2023-05-27,Saturday,No,Incomplete,2023-05-27,Saturday,22,40,0,2023-05-27,Saturday,22,57,0,Yes,Seattle First Hill/Capitol Hill,King County,Seattle,,53033007403,Yes,Seattle First Hill/Capitol Hill,King County,Seattle,,53033007405,524.000797056,0.325599,17,1020,1.14917429314623,No,242.45,No,Yes,Social/Recreation,"Attended recreational event (e.g., movies, sporting event)",,Meal,Went to restaurant to eat/get take-out,,,Walk,Walk (or jog/wheelchair),Missing Response,Missing Response,Missing Response,,Missing: Skip Logic,Missing: Skip Logic,1 traveler,1 traveler,Missing Response,Selected,Missing: Skip Logic,Missing: Skip Logic,Missing: Skip Logic,Missing: Skip Logic,Missing: Skip Logic,Missing: Skip Logic,Missing: Skip Logic,,Missing: Skip Logic,Missing: Skip Logic,Missing: Skip Logic,Missing: Skip Logic,Missing: Skip Logic,Missing Response,,No,No,No,No,Missing Response,Missing Response,No,No teleport detected,No,,,2023,No,0.0,88204,2d247e3a-f224-4ba6-8d42-ab247c087c40
2310494401019,23104944,2310494401,231049440105,1,5,19,Yes,2023-05-25,Thursday,No,Incomplete,2023-05-25,Thursday,8,32,0,2023-05-25,Thursday,9,3,0,Yes,Not RGC,King County,Seattle,,53033006703,Yes,Seattle South Lake Union,King County,Seattle,,53033006600,2704.000476672,1.680188,31,1860,3.25198097029803,No,99.7,Yes,No,Home,Went home,,Work-related,Went to other work-related activity,,,Missing Response,Missing Response,Missing Response,Missing Response,Missing Response,,Missing: Skip Logic,Missing: Skip Logic,1 traveler,1 traveler,Missing Response,Selected,Missing: Skip Logic,Missing: Skip Logic,Missing: Skip Logic,Missing: Skip Logic,Missing: Skip Logic,Missing: Skip Logic,Missing: Skip Logic,,Missing: Skip Logic,Missing: Skip Logic,Missing: Skip Logic,Missing: Skip Logic,Missing: Skip Logic,Missing Response,,No,No,No,No,Missing Response,Missing Response,No,No teleport detected,No,2.24633749321758,5.82071500946637,2023,No,0.0,88324,7f63a6d2-7101-4289-9916-dd6ba1ad90cb
2310494401020,23104944,2310494401,231049440105,1,5,20,Yes,2023-05-25,Thursday,No,Incomplete,2023-05-25,Thursday,10,42,0,2023-05-25,Thursday,10,44,0,Yes,Seattle South Lake Union,King County,Seattle,,53033006600,Yes,Seattle South Lake Union,King County,Seattle,,53033006600,560.000212992,0.347968,2,120,10.4391443914439,No,45.4166666666667,No,No,Work-related,Went to other work-related activity,,Work,Went to primary workplace,,,Missing Response,Missing Response,Missing Response,Missing Response,Missing Response,,Missing: Skip Logic,Missing: Skip Logic,1 traveler,1 traveler,Missing Response,Selected,Missing: Skip Logic,Missing: Skip Logic,Missing: Skip Logic,Missing: Skip Logic,Missing: Skip Logic,Missing: Skip Logic,Missing: Skip Logic,,Missing: Skip Logic,Missing: Skip Logic,Missing: Skip Logic,Missing: Skip Logic,Missing: Skip Logic,Missing Response,,No,No,No,No,Missing Response,Missing Response,No,No teleport detected,No,3.42857142857143,40.1128492866183,2023,No,0.0,88326,cb8851ab-4677-42f5-9a68-e668cf923b67
2310494401021,23104944,2310494401,231049440105,1,5,21,Yes,2023-05-25,Thursday,No,Incomplete,2023-05-25,Thursday,11,30,0,2023-05-25,Thursday,11,36,0,Yes,Seattle South Lake Union,King County,Seattle,,53033006600,Yes,Seattle South Lake Union,King County,Seattle,,53033007303,1260.000479232,0.782928,6,360,7.82928,No,28.1333333333333,No,No,Work,Went to primary workplace,,Personal Business/Errand/Appointment,"Personal business (e.g., bank, post office)",,,Missing Response,Missing Response,Missing Response,Missing Response,Missing Response,,Missing: Skip Logic,Missing: Skip Logic,1 traveler,1 traveler,Missing Response,Selected,Missing: Skip Logic,Missing: Skip Logic,Missing: Skip Logic,Missing: Skip Logic,Missing: Skip Logic,Missing: Skip Logic,Missing: Skip Logic,,Missing: Skip Logic,Missing: Skip Logic,Missing: Skip Logic,Missing: Skip Logic,Missing: Skip Logic,Missing Response,,No,No,No,No,Missing Response,Missing Response,No,No teleport detected,No,3.42431761786601,15.2725589653584,2023,No,0.0,88332,796d2d2f-b07f-4d42-9354-b956a67247a6
2310494401022,23104944,2310494401,231049440105,1,5,22,Yes,2023-05-25,Thursday,No,Incomplete,2023-05-25,Thursday,12,4,0,2023-05-25,Thursday,12,8,0,Yes,Seattle South Lake Union,King County,Seattle,,53033007303,Yes,Seattle South Lake Union,King County,Seattle,,53033006600,1271.000345472,0.789763,4,240,11.8465634656347,No,96.2,No,No,Personal Business/Errand/Appointment,"Conducted personal business (e.g., bank, post office)",,Work,Went to primary workplace,,,Missing Response,Missing Response,Missing Response,Missing Response,Missing Response,,Missing: Skip Logic,Missing: Skip Logic,1 traveler,1 traveler,Missing Response,Selected,Missing: Skip Logic,Missing: Skip Logic,Missing: Skip Logic,Missing: Skip Logic,Missing: Skip Logic,Missing: Skip Logic,Missing: Skip Logic,,Missing: Skip Logic,Missing: Skip Logic,Missing: Skip Logic,Missing: Skip Logic,Missing: Skip Logic,Missing Response,,No,No,No,No,Missing Response,Missing Response,No,No teleport detected,No,4.74418604651163,9.60683591422051,2023,No,0.0,88334,2bb9bcc7-6107-4ca0-9d2b-98d70b00ec12
2310494401023,23104944,2310494401,231049440105,1,5,23,Yes,2023-05-25,Thursday,No,Incomplete,2023-05-25,Thursday,13,44,0,2023-05-25,Thursday,13,49,0,Yes,Seattle South Lake Union,King County,Seattle,,53033006600,Yes,Seattle South Lake Union,King County,Seattle,,53033006600,328.00040064,0.20381,5,300,2.44572978291913,No,283.733333333333,No,No,Work,Went to primary workplace,,Work,Went to primary workplace,,,Walk,Walk (or jog/wheelchair),Missing Response,Missing Response,Missing Response,,Missing: Skip Logic,Missing: Skip Logic,1 traveler,1 traveler,Missing Response,Selected,Missing: Skip Logic,Missing: Skip Logic,Missing: Skip Logic,Missing: Skip Logic,Missing: Skip Logic,Missing: Skip Logic,Missing: Skip Logic,,Missing: Skip Logic,Missing: Skip Logic,Missing: Skip Logic,Missing: Skip Logic,Missing: Skip Logic,Missing Response,,No,No,No,No,Missing Response,Missing Response,No,No teleport detected,No,1.54981549815498,53.2315779294653,2023,No,0.0,88338,426b9567-4424-4e49-a3a5-5cf4b4b25247
2310494401024,23104944,2310494401,231049440105,1,5,24,Yes,2023-05-25,Thursday,No,Incomplete,2023-05-25,Thursday,18,32,0,2023-05-25,Thursday,19,4,0,Yes,Seattle South Lake Union,King County,Seattle,,53033006600,Yes,Not RGC,King County,Seattle,,53033006703,2128.999568256,1.322899,32,1920,2.48043717527323,No,13.2666666666667,No,No,Work,Went to primary workplace,,Home,Went home,,,Missing Response,Missing Response,Missing Response,Missing Response,Missing Response,,Missing: Skip Logic,Missing: Skip Logic,1 traveler,1 traveler,Missing Response,Selected,Missing: Skip Logic,Missing: Skip Logic,Missing: Skip Logic,Missing: Skip Logic,Missing: Skip Logic,Missing: Skip Logic,Missing: Skip Logic,,Missing: Skip Logic,Missing: Skip Logic,Missing: Skip Logic,Missing: Skip Logic,Missing: Skip Logic,Missing Response,,No,No,No,No,Missing Response,Missing Response,No,No teleport detected,No,2.05787781350482,7.19957272490991,2023,No,0.0,88341,af26267b-1586-48c8-b2c4-1866e3e00376
2310494401025,23104944,2310494401,231049440105,1,5,25,Yes,2023-05-25,Thursday,No,Incomplete,2023-05-25,Thursday,19,17,0,2023-05-25,Thursday,19,48,0,Yes,Not RGC,King County,Seattle,,53033006703,Yes,Seattle Uptown,King County,Seattle,,53033007101,1260.999881856,0.783549,31,1860,1.51654840844956,No,25.8166666666667,No,No,Home,Went home,,Meal,Went to restaurant to eat/get take-out,,,Missing Response,Missing Response,Missing Response,Missing Response,Missing Response,,Missing: Skip Logic,Missing: Skip Logic,1 traveler,1 traveler,Missing Response,Selected,Missing: Skip Logic,Missing: Skip Logic,Missing: Skip Logic,Missing: Skip Logic,Missing: Skip Logic,Missing: Skip Logic,Missing: Skip Logic,,Missing: Skip Logic,Missing: Skip Logic,Missing: Skip Logic,Missing: Skip Logic,Missing: Skip Logic,Missing Response,,No,No,No,No,Missing Response,Missing Response,No,No teleport detected,No,1.71317326411421,16.2891305480219,2023,No,0.0,88344,d4a39c36-1871-4c2a-8c1e-83a00a756205
2310494401026,23104944,2310494401,231049440105,1,5,26,Yes,2023-05-25,Thursday,No,Incomplete,2023-05-25,Thursday,20,13,0,2023-05-25,Thursday,20,23,0,Yes,Seattle Uptown,King County,Seattle,,53033007101,Yes,Seattle Uptown,King County,Seattle,,53033007101,657.000203904,0.408241,10,600,2.44945579782319,No,875.433333333333,No,Yes,Meal,Went to restaurant to eat/get take-out,,Social/Recreation,"Recreational event (e.g., movies, sporting event)",,,Walk,Walk (or jog/wheelchair),Missing Response,Missing Response,Missing Response,,Missing: Skip Logic,Missing: Skip Logic,1 traveler,1 traveler,Missing Response,Selected,Missing: Skip Logic,Missing: Skip Logic,Missing: Skip Logic,Missing: Skip Logic,Missing: Skip Logic,Missing: Skip Logic,Missing: Skip Logic,,Missing: Skip Logic,Missing: Skip Logic,Missing: Skip Logic,Missing: Skip Logic,Missing: Skip Logic,Missing Response,,No,No,No,No,Missing Response,Missing Response,No,No teleport detected,Yes,1.28712871287129,40.6377207591732,2023,No,0.0,88346,7c0024fe-b82c-491a-a4dd-ac73151257d0
2310871801003,23108718,2310871801,231087180102,1,2,3,Yes,2023-05-22,Monday,No,Incomplete,2023-05-22,Monday,6,51,0,2023-05-22,Monday,7,8,0,Yes,Seattle First Hill/Capitol Hill,King County,Seattle,,53033007501,Yes,Not RGC,King County,Seattle,,53033009300,4240.000233216,2.634614,17,1020,9.2986485866454,No,4.71666666666667,Yes,No,Home,Went home,,Work-related,"Went to work-related activity (e.g., meeting, delivery, worksite)",,,Transit,"Urban Rail (e.g., Link light rail, monorail, streetcar)",Missing Response,Missing Response,Missing Response,,Walked or jogged,Walked or jogged,1 traveler,1 traveler,No other people,Selected,Missing: Skip Logic,Missing: Skip Logic,Missing: Skip Logic,Missing: Skip Logic,Missing: Skip Logic,Missing: Skip Logic,Missing: Skip Logic,,Missing: Skip Logic,Missing: Skip Logic,Missing: Skip Logic,Missing: Skip Logic,Missing: Skip Logic,Missing Response,,No,No,No,No,Missing Response,Missing Response,No,No teleport detected,No,2.83367556468173,69.6449303919174,2023,No,0.0,89455,66a2b298-26b8-41f8-a231-313defa99089
2310871801005,23108718,2310871801,231087180102,1,2,5,Yes,2023-05-22,Monday,No,Incomplete,2023-05-22,Monday,16,1,0,2023-05-22,Monday,16,33,0,Yes,Not RGC,King County,Seattle,,53033009300,Yes,Seattle First Hill/Capitol Hill,King County,Seattle,,53033007501,5757.000074496,3.577234,32,1920,6.70731794207371,No,0.0,No,No,Work,Went to primary workplace,,Work-related,"Went to work-related activity (e.g., meeting, delivery, worksite)",on my way home,,Transit,"Urban Rail (e.g., Link light rail, monorail, streetcar)",Missing Response,Missing Response,Missing Response,,Walked or jogged,Walked or jogged,1 traveler,1 traveler,No other people,Selected,-995,-995,-995,-995,-995,-995,-995,,Missing: Skip Logic,Missing: Skip Logic,Missing: Skip Logic,Missing: Skip Logic,-995,Missing Response,,Yes,No,No,No,Missing Response,Yes,No,No teleport detected,No,2.76150627615063,37.2438287926255,2023,No,0.0,89466,9749ae65-092b-4236-9e27-aa7054411745
2310871801025,23108718,2310871801,231087180106,1,6,25,Yes,2023-05-26,Friday,Yes,Incomplete,2023-05-26,Friday,7,5,0,2023-05-26,Friday,7,11,0,Yes,Seattle First Hill/Capitol Hill,King County,Seattle,,53033007501,Yes,Seattle First Hill/Capitol Hill,King County,Seattle,,53033007501,493.999406208,0.306957,6,360,3.06957,No,500.45,Yes,No,Home,Went home,,Work-related,"Went to work-related activity (e.g., meeting, delivery, worksite)",,,Walk,Walk (or jog/wheelchair),Missing Response,Missing Response,Missing Response,,Missing: Skip Logic,Missing: Skip Logic,1 traveler,1 traveler,Missing Response,Selected,Missing: Skip Logic,Missing: Skip Logic,Missing: Skip Logic,Missing: Skip Logic,Missing: Skip Logic,Missing: Skip Logic,Missing: Skip Logic,,Missing: Skip Logic,Missing: Skip Logic,Missing: Skip Logic,Missing: Skip Logic,Missing: Skip Logic,Missing Response,,No,No,No,No,Missing Response,Missing Response,No,No teleport detected,No,,,2023,Yes,0.0,89576,0d57244c-dc80-492f-9010-150018139b7e
2310871801026,23108718,2310871801,231087180106,1,6,26,Yes,2023-05-26,Friday,Yes,Incomplete,2023-05-26,Friday,15,32,0,2023-05-26,Friday,15,37,0,Yes,Seattle First Hill/Capitol Hill,King County,Seattle,,53033007406,Yes,Seattle First Hill/Capitol Hill,King County,Seattle,,53033007501,403.000659072,0.250413,5,300,3.00496801987208,No,167.416666666667,No,No,Work-related,"Went to work-related place (e.g., meeting, second job, delivery)",,Work-related,"Went to work-related activity (e.g., meeting, delivery, worksite)",,,Walk,Walk (or jog/wheelchair),Missing Response,Missing Response,Missing Response,,Missing: Skip Logic,Missing: Skip Logic,1 traveler,1 traveler,Missing Response,Selected,Missing: Skip Logic,Missing: Skip Logic,Missing: Skip Logic,Missing: Skip Logic,Missing: Skip Logic,Missing: Skip Logic,Missing: Skip Logic,,Missing: Skip Logic,Missing: Skip Logic,Missing: Skip Logic,Missing: Skip Logic,Missing: Skip Logic,Missing Response,,No,No,No,No,Missing Response,Missing Response,No,No teleport detected,No,,,2023,Yes,0.0,89578,80a7df39-394d-440a-a3eb-a73d2eb33cb9
2313281402022,23132814,2313281402,231328140207,2,7,22,Yes,2023-05-30,Tuesday,Yes,Incomplete,2023-05-30,Tuesday,19,37,0,2023-05-30,Tuesday,19,53,0,Yes,Seattle University Community,King County,Seattle,,53033005305,Yes,Seattle University Community,King County,Seattle,,53033005305,603.000275328,0.374687,16,960,1.40507976269941,No,208.916666666667,No,No,Social/Recreation,"Attended recreational event (e.g., movies, sporting event)",,Social/Recreation,Religious/civic/volunteer activity,,,Drive SOV,Household vehicle 1,Missing Response,Missing Response,Missing Response,,Missing: Skip Logic,Missing: Skip Logic,1 traveler,1 traveler,Missing Response,Not Selected,Selected,Not Selected,Missing: Skip Logic,Missing: Skip Logic,Missing: Skip Logic,Missing: Skip Logic,Missing: Skip Logic,,Missing: Skip Logic,Missing: Skip Logic,Missing: Skip Logic,Driver,Missing: Skip Logic,Missing Response,,No,No,No,No,Yes,Missing Response,No,No teleport detected,No,,,2023,Yes,0.0,92850,ebf901a6-14d0-4a31-893b-925b91260cc8
2313279501012,23132795,2313279501,231327950104,1,4,12,Yes,2023-05-22,Monday,Yes,Incomplete,2023-05-22,Monday,17,20,0,2023-05-22,Monday,17,22,0,Yes,Not RGC,King County,Seattle,,53033001800,Yes,Not RGC,King County,Seattle,,53033001800,271.000654848,0.168392,2,120,5.05181051810518,No,11.0,Yes,No,Home,Went home,,Change mode,"Changed or transferred mode (e.g., change from ferry to bus)",,,Walk,Walk (or jog/wheelchair),Missing Response,Missing Response,Missing Response,,Missing: Skip Logic,Missing: Skip Logic,1 traveler,1 traveler,Missing Response,Selected,Not Selected,Missing: Skip Logic,Missing: Skip Logic,Missing: Skip Logic,Missing: Skip Logic,Missing: Skip Logic,Missing: Skip Logic,,Missing: Skip Logic,Missing: Skip Logic,Missing: Skip Logic,Missing: Skip Logic,Missing: Skip Logic,Missing Response,,No,No,No,No,Missing Response,Missing Response,No,No teleport detected,No,,,2023,Yes,0.0,92878,bc9886ce-26dc-496c-a372-9b6e7ec06a00
2313745002002,23137450,2313745002,231374500201,2,1,2,Yes,2023-05-25,Thursday,Yes,Incomplete,2023-05-25,Thursday,8,28,0,2023-05-25,Thursday,8,29,0,Yes,Not RGC,King County,Seattle,,53033010501,Yes,Not RGC,King County,Seattle,,53033010502,414.000525312,0.257248,1,60,15.4354974198968,No,9.38333333333333,No,No,Shopping,Went grocery shopping,,Shopping,Grocery shopping,,,Missing Response,Missing Response,Missing Response,Missing Response,Missing Response,,Missing: Skip Logic,Missing: Skip Logic,1 traveler,1 traveler,Missing Response,Not Selected,Selected,Missing: Skip Logic,Missing: Skip Logic,Missing: Skip Logic,Missing: Skip Logic,Missing: Skip Logic,Missing: Skip Logic,,Missing: Skip Logic,Missing: Skip Logic,Missing: Skip Logic,Missing: Skip Logic,Missing: Skip Logic,Missing Response,,No,No,No,No,Missing Response,Missing Response,No,No teleport detected,No,,,2023,Yes,0.0,93936,dfac7503-9b33-46ef-a1d8-37b207c1228e
2313745002003,23137450,2313745002,231374500201,2,1,3,Yes,2023-05-25,Thursday,Yes,Incomplete,2023-05-25,Thursday,8,38,0,2023-05-25,Thursday,8,39,0,Yes,Not RGC,King County,Seattle,,53033010502,Yes,Not RGC,King County,Seattle,,53033010502,306.00066816,0.19014,1,60,11.4088563542542,No,0.0,No,No,Shopping,Went grocery shopping,,Escort,Drop someone off,,,Missing Response,Missing Response,Missing Response,Missing Response,Missing Response,,Missing: Skip Logic,Missing: Skip Logic,1 traveler,1 traveler,Missing Response,Not Selected,Selected,Missing: Skip Logic,Missing: Skip Logic,Missing: Skip Logic,Missing: Skip Logic,Missing: Skip Logic,Missing: Skip Logic,,Missing: Skip Logic,Missing: Skip Logic,Missing: Skip Logic,Missing: Skip Logic,Missing: Skip Logic,Missing Response,,No,No,No,No,Yes,Missing Response,No,No teleport detected,No,,,2023,Yes,0.0,93939,9ded8aae-7c84-441b-9837-a37e3d0a88f0
2314163002014,23141630,2314163002,231416300203,2,3,14,Yes,2023-05-28,Sunday,Yes,Incomplete,2023-05-28,Sunday,12,34,0,2023-05-28,Sunday,13,3,0,Yes,Not RGC,King County,Seattle,,53033009300,Yes,Not RGC,King County,Seattle,,53033009300,871.99890624,0.541835,29,1740,1.12103870416462,No,11.5833333333333,No,No,Social/Recreation,"Attended recreational event (e.g., movies, sporting event)",,Social/Recreation,"Recreational event (e.g., movies, sporting event)",,,Walk,Walk (or jog/wheelchair),Missing Response,Missing Response,Missing Response,,Missing: Skip Logic,Missing: Skip Logic,1 traveler,1 traveler,Missing Response,Not Selected,Selected,Not Selected,-995,-995,-995,-995,-995,,Missing: Skip Logic,Missing: Skip Logic,Missing: Skip Logic,Missing: Skip Logic,-995,Missing Response,,No,No,No,No,Missing Response,Missing Response,No,No teleport detected,No,,,2023,No,0.0,94463,a847979d-4f57-4f3e-b0a2-ed97e0ad4d05
2314163002015,23141630,2314163002,231416300203,2,3,15,Yes,2023-05-28,Sunday,Yes,Incomplete,2023-05-28,Sunday,16,5,0,2023-05-28,Sunday,16,10,0,Yes,Not RGC,King County,Seattle,,53033009300,Yes,Seattle Downtown,King County,Seattle,,53033009300,301.999838976,0.187654,5,300,2.25185700742803,No,3.48333333333333,No,No,Social/Recreation,"Attended recreational event (e.g., movies, sporting event)",,Meal,Went to restaurant to eat/get take-out,,,Walk,Walk (or jog/wheelchair),Missing Response,Missing Response,Missing Response,,Missing: Skip Logic,Missing: Skip Logic,1 traveler,1 traveler,Missing Response,Not Selected,Selected,Not Selected,Missing: Skip Logic,Missing: Skip Logic,Missing: Skip Logic,Missing: Skip Logic,Missing: Skip Logic,,Missing: Skip Logic,Missing: Skip Logic,Missing: Skip Logic,Missing: Skip Logic,Missing: Skip Logic,Missing Response,,No,No,No,No,Missing Response,Missing Response,No,No teleport detected,No,,,2023,No,0.0,94478,d68db068-f6b9-46a8-b455-43a567c0da84
2315054102030,23150541,2315054102,231505410206,2,6,30,Yes,2023-05-25,Thursday,Yes,Incomplete,2023-05-25,Thursday,19,3,0,2023-05-25,Thursday,19,5,0,Yes,Seattle Downtown,King County,Seattle,,53033008101,Yes,Seattle Downtown,King County,Seattle,,53033008102,601.99926336,0.374065,2,120,11.2220622206222,No,211.333333333333,No,No,Social/Recreation,"Attended recreational event (e.g., movies, sporting event)",,Meal,Went to restaurant to eat/get take-out,,,Drive SOV,Household vehicle 2,Missing Response,Missing Response,Missing Response,,Missing: Skip Logic,Missing: Skip Logic,1 traveler,1 traveler,Missing Response,Not Selected,Selected,Missing: Skip Logic,Missing: Skip Logic,Missing: Skip Logic,Missing: Skip Logic,Missing: Skip Logic,Missing: Skip Logic,,Missing: Skip Logic,Missing: Skip Logic,Missing: Skip Logic,Missing: Skip Logic,Missing: Skip Logic,Missing Response,,No,No,No,No,Missing Response,Missing Response,No,No teleport detected,No,,,2023,Yes,0.0,96002,d5f5d33a-4bc9-4fca-8e9f-2072f9663ac3
2315417801002,23154178,2315417801,231541780101,1,1,2,Yes,2023-05-24,Wednesday,,,2023-05-24,Wednesday,8,9,0,2023-05-24,Wednesday,8,40,0,Yes,Not RGC,King County,Seattle,,53033005401,Yes,Not RGC,King County,Seattle,,53033009701,16627.99970304,10.33216,31,1860,19.9977548358127,,,No,No,Social/Recreation,"Went to exercise (e.g., gym, walk, jog, bike ride)",,Home,Went home,,HOME,Drive SOV,Other vehicle in household,Missing Response,Missing Response,Missing Response,,Missing: Skip Logic,Missing: Skip Logic,1 traveler,1 traveler,No other people,,,,,,,,,,,,,,,,,,,,,,,,,,,,2023,,49.3068827114487,96992,8c8dbd77-5210-4c4c-a7fa-03530f7ece21
2315886201008,23158862,2315886201,231588620106,1,6,8,Yes,2023-05-22,Monday,Yes,Incomplete,2023-05-22,Monday,9,57,0,2023-05-22,Monday,9,58,0,Yes,Not RGC,King County,Seattle,,53033009801,Yes,Not RGC,King County,Seattle,,53033009600,1301.9995296,0.809025,1,60,48.5434417376695,No,0.0,Yes,No,Home,Went home,,Social/Recreation,"Exercise or recreation (e.g., gym, jog, bike, walk dog)",,,Missing Response,Missing Response,Missing Response,Missing Response,Missing Response,,Missing: Skip Logic,Missing: Skip Logic,1 traveler,1 traveler,Missing Response,Selected,Missing: Skip Logic,Missing: Skip Logic,Missing: Skip Logic,Missing: Skip Logic,Missing: Skip Logic,Missing: Skip Logic,Missing: Skip Logic,,Missing: Skip Logic,Missing: Skip Logic,Missing: Skip Logic,Missing: Skip Logic,Missing: Skip Logic,Missing Response,,Yes,No,No,No,Missing Response,Missing Response,No,No teleport detected,No,,,2023,Yes,0.0,97242,bae68d5c-15b6-4fa2-93c8-21add93874e3
2315886201009,23158862,2315886201,231588620106,1,6,9,Yes,2023-05-22,Monday,Yes,Incomplete,2023-05-22,Monday,9,58,0,2023-05-22,Monday,9,59,0,Yes,Not RGC,King County,Seattle,,53033009600,Yes,Not RGC,King County,Seattle,,53033009801,1301.9995296,0.809025,1,60,48.5434417376695,No,600.616666666667,No,No,Social/Recreation,"Went to exercise (e.g., gym, walk, jog, bike ride)",,Home,Went home,,,Missing Response,Missing Response,Missing Response,Missing Response,Missing Response,,Missing: Skip Logic,Missing: Skip Logic,1 traveler,1 traveler,Missing Response,Selected,Missing: Skip Logic,Missing: Skip Logic,Missing: Skip Logic,Missing: Skip Logic,Missing: Skip Logic,Missing: Skip Logic,Missing: Skip Logic,,Missing: Skip Logic,Missing: Skip Logic,Missing: Skip Logic,Missing: Skip Logic,Missing: Skip Logic,Missing Response,,Yes,No,No,No,Missing Response,Missing Response,No,No teleport detected,No,,,2023,Yes,0.0,97243,ab2ed580-5b5a-4647-b610-9874d85ea726
2316025101005,23160251,2316025101,231602510102,1,2,5,Yes,2023-05-23,Tuesday,No,Incomplete,2023-05-23,Tuesday,10,44,0,2023-05-23,Tuesday,10,46,0,Yes,Seattle University Community,King County,Seattle,,53033005303,Yes,Seattle University Community,King County,Seattle,,53033005303,353.99935296,0.219965,2,120,6.5990159901599,No,223.0,No,No,Work,Went to primary workplace,,Work-related,"Went to work-related activity (e.g., meeting, delivery, worksite)",,,Walk,Walk (or jog/wheelchair),Missing Response,Missing Response,Missing Response,,Missing: Skip Logic,Missing: Skip Logic,1 traveler,1 traveler,Missing Response,Selected,Not Selected,Missing: Skip Logic,Missing: Skip Logic,Missing: Skip Logic,Missing: Skip Logic,Missing: Skip Logic,Missing: Skip Logic,,Missing: Skip Logic,Missing: Skip Logic,Missing: Skip Logic,,Missing: Skip Logic,Missing Response,,No,No,No,No,Missing Response,Missing Response,No,No teleport detected,No,,,2023,No,0.0,97676,2afe52e2-6bc2-4292-9a5b-63396cf300c5
2316025101006,23160251,2316025101,231602510102,1,2,6,Yes,2023-05-23,Tuesday,No,Incomplete,2023-05-23,Tuesday,14,29,0,2023-05-23,Tuesday,14,34,0,Yes,Seattle University Community,King County,Seattle,,53033005303,Yes,Seattle University Community,King County,Seattle,,53033005303,320.99975424,0.19946,5,300,2.3935295741183,No,156.0,No,No,Work-related,"Went to work-related place (e.g., meeting, second job, delivery)",,Work,Went to primary workplace,,,Walk,Walk (or jog/wheelchair),Missing Response,Missing Response,Missing Response,,Missing: Skip Logic,Missing: Skip Logic,1 traveler,1 traveler,Missing Response,Selected,Not Selected,Missing: Skip Logic,Missing: Skip Logic,Missing: Skip Logic,Missing: Skip Logic,Missing: Skip Logic,Missing: Skip Logic,,Missing: Skip Logic,Missing: Skip Logic,Missing: Skip Logic,,Missing: Skip Logic,Missing Response,,No,No,No,No,Missing Response,Missing Response,No,No teleport detected,No,,,2023,No,0.0,97679,b3c2983f-b8e5-4ef6-a4c2-5f43f6799ea6
2316073201027,23160732,2316073201,231607320107,1,7,27,Yes,2023-05-25,Thursday,Yes,Incomplete,2023-05-25,Thursday,6,10,49,2023-05-25,Thursday,6,14,0,Yes,Not RGC,King County,Seattle,,53033004102,Yes,Not RGC,King County,Seattle,,53033004102,428.999611392,0.266568,4,191,5.02437093582132,No,22.9833333333333,Yes,No,Home,Went home,,Social/Recreation,"Recreational event (e.g., movies, sporting event)",,,Missing Response,Missing Response,Missing Response,Missing Response,Missing Response,,Missing: Skip Logic,Missing: Skip Logic,1 traveler,1 traveler,Missing Response,Selected,Not Selected,Missing: Skip Logic,Missing: Skip Logic,Missing: Skip Logic,Missing: Skip Logic,Missing: Skip Logic,Missing: Skip Logic,,Missing: Skip Logic,Missing: Skip Logic,Missing: Skip Logic,Missing: Skip Logic,Missing: Skip Logic,Missing Response,,No,No,No,No,Missing Response,Missing Response,No,No teleport detected,No,,,2023,Yes,0.0,97854,0284cdc5-d113-4966-be05-3ec2808e81cd
2316073201028,23160732,2316073201,231607320107,1,7,28,Yes,2023-05-25,Thursday,Yes,Incomplete,2023-05-25,Thursday,6,34,24,2023-05-25,Thursday,6,37,0,Yes,Not RGC,King County,Seattle,,53033004102,Yes,Not RGC,King County,Seattle,,53033004102,452.00035584,0.28086,3,156,6.48143447257287,No,70.5833333333333,No,No,Social/Recreation,"Attended recreational event (e.g., movies, sporting event)",,Home,Went home,,,Missing Response,Missing Response,Missing Response,Missing Response,Missing Response,,Missing: Skip Logic,Missing: Skip Logic,1 traveler,1 traveler,Missing Response,Selected,Not Selected,Missing: Skip Logic,Missing: Skip Logic,Missing: Skip Logic,Missing: Skip Logic,Missing: Skip Logic,Missing: Skip Logic,,Missing: Skip Logic,Missing: Skip Logic,Missing: Skip Logic,Missing: Skip Logic,Missing: Skip Logic,Missing Response,,No,No,No,No,Missing Response,Missing Response,No,No teleport detected,No,,,2023,Yes,0.0,97861,0fe92504-492d-44b2-89f6-f62b60d6ed74
2316073202020,23160732,2316073202,231607320206,2,6,20,Yes,2023-05-24,Wednesday,Yes,Incomplete,2023-05-24,Wednesday,16,19,0,2023-05-24,Wednesday,16,20,0,Yes,Not RGC,King County,Seattle,,53033004102,Yes,Not RGC,King County,Seattle,,53033004102,444.99970944,0.27651,1,60,16.591263650546,No,23.1166666666667,No,No,Social/Recreation,"Attended recreational event (e.g., movies, sporting event)",,Home,Went home,,,Drive SOV,Household vehicle 1,Missing Response,Missing Response,Missing Response,,Missing: Skip Logic,Missing: Skip Logic,1 traveler,1 traveler,Missing Response,Not Selected,Selected,Missing: Skip Logic,Missing: Skip Logic,Missing: Skip Logic,Missing: Skip Logic,Missing: Skip Logic,Missing: Skip Logic,,Missing: Skip Logic,Missing: Skip Logic,Missing: Skip Logic,Missing: Skip Logic,Missing: Skip Logic,Missing Response,,No,No,No,No,Missing Response,Missing Response,No,No teleport detected,No,,,2023,Yes,0.0,98000,5b3f6b00-b6b1-4b3e-acbe-11703b0a2378
2316514401026,23165144,2316514401,231651440107,1,7,26,Yes,2023-05-27,Saturday,No,Incomplete,2023-05-27,Saturday,13,47,0,2023-05-27,Saturday,13,52,0,Yes,Not RGC,King County,Seattle,,53033009300,Yes,Not RGC,King County,Seattle,,53033009300,321.8688,0.2,5,300,2.4000096000384,No,91.6833333333333,No,No,Meal,Went to restaurant to eat/get take-out,,Social/Recreation,"Recreational event (e.g., movies, sporting event)",,,Walk,Walk (or jog/wheelchair),Missing Response,Missing Response,Missing Response,,Missing: Skip Logic,Missing: Skip Logic,1 traveler,1 traveler,Missing Response,Selected,Not Selected,Missing: Skip Logic,Missing: Skip Logic,Missing: Skip Logic,Missing: Skip Logic,Missing: Skip Logic,Missing: Skip Logic,,Missing: Skip Logic,Missing: Skip Logic,Missing: Skip Logic,Driver,Missing: Skip Logic,Missing Response,,No,No,No,No,Missing Response,Missing Response,No,No teleport detected,No,,,2023,No,0.0,98611,3e89461c-3db9-48b8-b957-03500e6a022a
2316509501046,23165095,2316509501,231650950107,1,7,46,Yes,2023-05-23,Tuesday,No,Incomplete,2023-05-23,Tuesday,8,35,0,2023-05-23,Tuesday,9,13,0,Yes,Not RGC,King County,Seattle,,53033001600,Yes,Seattle Downtown,King County,Seattle,,53033008101,10862.99957952,6.749955,38,2280,10.6578292935944,No,216.2,Yes,No,Home,Went home,,Work,Went to primary workplace,,,Transit,Bus (public transit),Missing Response,Missing Response,Missing Response,,Missing: Skip Logic,Missing: Skip Logic,1 traveler,1 traveler,Missing Response,Selected,Missing: Skip Logic,Missing: Skip Logic,Missing: Skip Logic,Missing: Skip Logic,Missing: Skip Logic,Missing: Skip Logic,Missing: Skip Logic,,Missing: Skip Logic,Missing: Skip Logic,Missing: Skip Logic,Missing: Skip Logic,Missing: Skip Logic,Missing Response,,No,No,No,No,Missing Response,Missing Response,No,No teleport detected,No,5.90809628008753,2.88412332726681,2023,No,0.0,98783,45af4608-5f36-4b07-bb30-3b974e94e195
2317068902014,23170689,2317068902,231706890202,2,2,14,Yes,2023-05-23,Tuesday,Yes,Incomplete,2023-05-23,Tuesday,17,24,28,2023-05-23,Tuesday,17,26,0,Yes,Not RGC,King County,Seattle,,53033003100,Yes,Not RGC,King County,Seattle,,53033003100,304.000253568,0.188897,2,92,7.39178243005283,No,911.1,No,Yes,Escort,Pick someone up,,Home,Went home,,,Drive SOV,Household vehicle 2,Missing Response,Missing Response,Missing Response,,Missing: Skip Logic,Bicycle or e-bicycle,1 traveler,1 traveler,Missing Response,Not Selected,Selected,Not Selected,Not Selected,Missing: Skip Logic,Missing: Skip Logic,Missing: Skip Logic,Missing: Skip Logic,,Missing: Skip Logic,Missing: Skip Logic,Missing: Skip Logic,Passenger,Missing: Skip Logic,Missing Response,,No,No,No,No,Missing Response,Missing Response,No,No teleport detected,No,,,2023,No,0.0,99753,3aad167d-6ce3-423f-a58c-5ba2206dee99
2317626201014,23176262,2317626201,231762620103,1,3,14,Yes,2023-05-18,Thursday,No,Incomplete,2023-05-18,Thursday,10,38,23,2023-05-18,Thursday,10,51,0,Yes,Seattle First Hill/Capitol Hill,King County,Seattle,,53033007502,Yes,Seattle University Community,King County,Seattle,,53033005305,5145.00034752,3.196955,13,757,15.2035410434807,No,18.3,No,No,Shopping,"Went to other shopping (e.g., mall, pet store)",,Social/Recreation,"Recreational event (e.g., movies, sporting event)",,,Transit,"Urban Rail (e.g., Link light rail, monorail, streetcar)",Missing Response,Missing Response,Missing Response,,Walked or jogged,Walked or jogged,1 traveler,1 traveler,No other people,Selected,Missing: Skip Logic,Missing: Skip Logic,Missing: Skip Logic,Missing: Skip Logic,Missing: Skip Logic,Missing: Skip Logic,Missing: Skip Logic,,Missing: Skip Logic,Missing: Skip Logic,Missing: Skip Logic,Missing: Skip Logic,Missing: Skip Logic,Missing Response,,No,No,No,No,Missing Response,Missing Response,No,No teleport detected,No,4.10958904109589,84.5147882470932,2023,No,0.0,100066,1a9dea0d-5af9-44dc-8dcf-c02bfb99612b
2317596001020,23175960,2317596001,231759600105,1,5,20,Yes,2023-05-21,Sunday,No,Incomplete,2023-05-21,Sunday,15,38,0,2023-05-21,Sunday,16,7,0,Yes,Seattle University Community,King County,Seattle,,53033005305,Yes,Seattle University Community,King County,Seattle,,53033005306,689.999802624,0.428746,29,1740,0.887061301421587,No,24.2666666666667,No,No,School-related,"Attend other education-related activity (e.g., field trip)",,Shopping,Grocery shopping,,,Walk,Walk (or jog/wheelchair),Missing Response,Missing Response,Missing Response,,Missing: Skip Logic,Missing: Skip Logic,1 traveler,1 traveler,Missing Response,Selected,Missing: Skip Logic,Missing: Skip Logic,Missing: Skip Logic,Missing: Skip Logic,Missing: Skip Logic,Missing: Skip Logic,Missing: Skip Logic,,Missing: Skip Logic,Missing: Skip Logic,Missing: Skip Logic,Missing: Skip Logic,Missing: Skip Logic,Missing Response,,No,No,No,No,Yes,Missing Response,No,Teleport detected,No,,,2023,No,0.0,100129,eefbd129-b6b0-45ca-93f9-6dfe461c2940
2317596001021,23175960,2317596001,231759600105,1,5,21,Yes,2023-05-21,Sunday,No,Incomplete,2023-05-21,Sunday,16,31,0,2023-05-21,Sunday,16,44,0,Yes,Seattle University Community,King County,Seattle,,53033005305,Yes,Seattle University Community,King County,Seattle,,53033005303,605.00068992,0.37593,13,780,1.73506687712885,No,11.1333333333333,No,No,Shopping,Went grocery shopping,,Social/Recreation,"Recreational event (e.g., movies, sporting event)",,,Walk,Walk (or jog/wheelchair),Missing Response,Missing Response,Missing Response,,Missing: Skip Logic,Missing: Skip Logic,1 traveler,1 traveler,Missing Response,Selected,Missing: Skip Logic,Missing: Skip Logic,Missing: Skip Logic,Missing: Skip Logic,Missing: Skip Logic,Missing: Skip Logic,Missing: Skip Logic,,Missing: Skip Logic,Missing: Skip Logic,Missing: Skip Logic,Missing: Skip Logic,Missing: Skip Logic,Missing Response,,No,No,No,No,Missing Response,Missing Response,No,No teleport detected,No,,,2023,No,0.0,100135,be6152ec-f256-4d03-8591-c69abcda7048
2317596001022,23175960,2317596001,231759600105,1,5,22,Yes,2023-05-21,Sunday,No,Incomplete,2023-05-21,Sunday,16,55,0,2023-05-21,Sunday,16,58,0,Yes,Seattle University Community,King County,Seattle,,53033005303,Yes,Seattle University Community,King County,Seattle,,53033005303,321.8688,0.2,3,180,4.0,No,148.433333333333,No,No,Social/Recreation,"Attended recreational event (e.g., movies, sporting event)",,School-related,"Attend other education-related activity (e.g., field trip)",,,Walk,Walk (or jog/wheelchair),Missing Response,Missing Response,Missing Response,,Missing: Skip Logic,Missing: Skip Logic,1 traveler,1 traveler,Missing Response,Selected,Missing: Skip Logic,Missing: Skip Logic,Missing: Skip Logic,Missing: Skip Logic,Missing: Skip Logic,Missing: Skip Logic,Missing: Skip Logic,,Missing: Skip Logic,Missing: Skip Logic,Missing: Skip Logic,Missing: Skip Logic,Missing: Skip Logic,Missing Response,,No,No,No,No,Missing Response,Missing Response,No,No teleport detected,No,,,2023,No,0.0,100140,76f572e3-1c68-48b3-b3d5-1f62929ffa47
2317489301007,23174893,2317489301,231748930104,1,4,7,Yes,2023-05-19,Friday,No,Incomplete,2023-05-19,Friday,14,20,0,2023-05-19,Friday,14,37,0,Yes,Not RGC,King County,Seattle,,53033001900,Yes,Seattle Downtown,King County,Seattle,,53033008004,11729.999863296,7.288684,17,1020,25.724797323291,No,420.0,No,No,Work-related,"Went to work-related place (e.g., meeting, second job, delivery)",,Work,Went to primary workplace,,,Transit,"Urban Rail (e.g., Link light rail, monorail, streetcar)",Missing Response,Missing Response,Missing Response,,Transferred from other rail,Walked or jogged,1 traveler,1 traveler,No other people,Selected,Not Selected,Missing: Skip Logic,Missing: Skip Logic,Missing: Skip Logic,Missing: Skip Logic,Missing: Skip Logic,Missing: Skip Logic,,Missing: Skip Logic,Missing: Skip Logic,Missing: Skip Logic,Missing: Skip Logic,Missing: Skip Logic,Missing Response,,No,No,No,No,Missing Response,Missing Response,No,No teleport detected,Yes,4.14829659318637,76.9531871073035,2023,No,0.0,100168,748962ae-5a3b-4a49-9d3b-670e24215402
2317525401013,23175254,2317525401,231752540103,1,3,13,Yes,2023-05-22,Monday,Yes,Incomplete,2023-05-22,Monday,11,21,0,2023-05-22,Monday,11,25,0,Yes,Seattle First Hill/Capitol Hill,King County,Seattle,,53033008500,Yes,Seattle First Hill/Capitol Hill,King County,Seattle,,53033008401,210.999482496,0.131109,4,240,1.96665466654667,No,498.033333333333,No,No,Work-related,"Went to work-related place (e.g., meeting, second job, delivery)",,Work,Went to primary workplace,,,Drive SOV,Household vehicle 2,Missing Response,Missing Response,Missing Response,,Missing: Skip Logic,Missing: Skip Logic,1 traveler,1 traveler,Missing Response,Selected,Missing: Skip Logic,Missing: Skip Logic,Missing: Skip Logic,Missing: Skip Logic,Missing: Skip Logic,Missing: Skip Logic,Missing: Skip Logic,,Missing: Skip Logic,Missing: Skip Logic,Missing: Skip Logic,Missing: Skip Logic,Missing: Skip Logic,Missing Response,,No,No,No,No,Missing Response,Missing Response,No,No teleport detected,No,,,2023,Yes,0.0,100174,53f3539d-633d-4fb9-85dd-1fb9989c8fbc
2317489301009,23174893,2317489301,231748930104,1,4,9,Yes,2023-05-19,Friday,No,Incomplete,2023-05-19,Friday,22,9,25,2023-05-19,Friday,22,22,0,Yes,Seattle Downtown,King County,Seattle,,53033008102,Yes,Seattle Northgate,King County,Seattle,,53033001900,11107.00027008,6.90157,13,755,32.908183213969,No,8.0,No,No,Work-related,"Went to work-related place (e.g., meeting, second job, delivery)",,Work-related,"Went to work-related activity (e.g., meeting, delivery, worksite)",,,Transit,"Urban Rail (e.g., Link light rail, monorail, streetcar)",Missing Response,Missing Response,Missing Response,,Walked or jogged,Walked or jogged,1 traveler,1 traveler,No other people,Selected,Not Selected,Missing: Skip Logic,Missing: Skip Logic,Missing: Skip Logic,Missing: Skip Logic,Missing: Skip Logic,Missing: Skip Logic,,Missing: Skip Logic,Missing: Skip Logic,Missing: Skip Logic,,Missing: Skip Logic,Missing Response,,No,No,No,No,Missing Response,Missing Response,No,No teleport detected,Yes,3.10756972111554,64.6273350870159,2023,No,0.0,100180,3e047d23-ca20-4c07-91a7-31ad6201522c
2317525401018,23175254,2317525401,231752540105,1,5,18,Yes,2023-05-24,Wednesday,Yes,Incomplete,2023-05-24,Wednesday,6,0,0,2023-05-24,Wednesday,6,4,0,Yes,Seattle First Hill/Capitol Hill,King County,Seattle,,53033008500,Yes,Seattle First Hill/Capitol Hill,King County,Seattle,,53033008401,428.999611392,0.266568,4,240,3.99855998559986,No,806.033333333333,No,No,Work-related,"Went to work-related place (e.g., meeting, second job, delivery)",,Work,Went to primary workplace,,,Drive SOV,Household vehicle 2,Missing Response,Missing Response,Missing Response,,Missing: Skip Logic,Missing: Skip Logic,1 traveler,1 traveler,Missing Response,Selected,Missing: Skip Logic,Missing: Skip Logic,Missing: Skip Logic,Missing: Skip Logic,Missing: Skip Logic,Missing: Skip Logic,Missing: Skip Logic,,Missing: Skip Logic,Missing: Skip Logic,Missing: Skip Logic,Missing: Skip Logic,Missing: Skip Logic,Missing Response,,No,No,No,No,Missing Response,Missing Response,No,No teleport detected,No,,,2023,Yes,0.0,100204,57cec78a-41b0-4f09-be4d-7e35b88e4f8c
2317489301014,23174893,2317489301,231748930105,1,5,14,Yes,2023-05-20,Saturday,No,Incomplete,2023-05-20,Saturday,23,36,0,2023-05-20,Saturday,23,40,0,Yes,Seattle Downtown,King County,Seattle,,53033008102,Yes,Seattle Northgate,King County,Seattle,,53033001900,11331.000033408,7.040757,4,240,105.612411124111,No,0.0,No,No,Work-related,"Went to work-related place (e.g., meeting, second job, delivery)",,Work-related,"Went to work-related activity (e.g., meeting, delivery, worksite)",,,Missing Response,Missing Response,Missing Response,Missing Response,Missing Response,,Missing: Skip Logic,Missing: Skip Logic,1 traveler,1 traveler,Missing Response,Selected,Not Selected,Missing: Skip Logic,Missing: Skip Logic,Missing: Skip Logic,Missing: Skip Logic,Missing: Skip Logic,Missing: Skip Logic,,Missing: Skip Logic,Missing: Skip Logic,Missing: Skip Logic,,Missing: Skip Logic,Missing Response,,No,No,No,No,Yes,Missing Response,No,No teleport detected,Yes,3.4020618556701,84.8117844720172,2023,No,0.0,100223,4dfad8d0-c6a2-4536-a68f-caa77e3fb2f2
2317489301015,23174893,2317489301,231748930105,1,5,15,Yes,2023-05-20,Saturday,No,Incomplete,2023-05-20,Saturday,23,40,0,2023-05-21,Sunday,0,8,0,Yes,Seattle Northgate,King County,Seattle,,53033001900,Yes,Not RGC,King County,Seattle,,53033001100,2879.999945856,1.789549,28,1680,3.83475333536191,No,578.0,No,Yes,Work-related,"Went to work-related place (e.g., meeting, second job, delivery)",,Home,Went home,,,Missing Response,Missing Response,Missing Response,Missing Response,Missing Response,,Missing: Skip Logic,Missing: Skip Logic,1 traveler,1 traveler,Missing Response,Selected,Not Selected,Missing: Skip Logic,Missing: Skip Logic,Missing: Skip Logic,Missing: Skip Logic,Missing: Skip Logic,Missing: Skip Logic,,Missing: Skip Logic,Missing: Skip Logic,Missing: Skip Logic,,Missing: Skip Logic,Missing Response,,No,No,No,No,Yes,Missing Response,No,No teleport detected,No,3.262001156738,0.11430407279689,2023,No,0.0,100233,4755082e-5fcc-4346-96f5-0d2a4a1ca6c0
2317489301016,23174893,2317489301,231748930106,1,6,16,Yes,2023-05-21,Sunday,No,Incomplete,2023-05-21,Sunday,9,46,0,2023-05-21,Sunday,10,20,0,Yes,Not RGC,King County,Seattle,,53033001100,Yes,Not RGC,King County,Seattle,,53033005100,7155.000192384,4.445911,34,2040,7.84573452439356,No,1.0,Yes,No,Home,Went home,,Social/Recreation,"Recreational event (e.g., movies, sporting event)",,,Missing Response,Missing Response,Missing Response,Missing Response,Missing Response,,Missing: Skip Logic,Missing: Skip Logic,1 traveler,1 traveler,Missing Response,Selected,Not Selected,-995,-995,-995,-995,-995,-995,,Missing: Skip Logic,Missing: Skip Logic,Missing: Skip Logic,,-995,Missing Response,,No,No,No,No,Missing Response,Missing Response,No,No teleport detected,No,3.66666666666667,5.38316062262069,2023,No,0.0,100242,23575c5c-e84d-43c0-a479-4b01fbc7b5d6
2317489301017,23174893,2317489301,231748930106,1,6,17,Yes,2023-05-21,Sunday,No,Incomplete,2023-05-21,Sunday,10,21,0,2023-05-21,Sunday,10,58,0,Yes,Not RGC,King County,Seattle,,53033005100,Yes,Seattle Downtown,King County,Seattle,,53033008004,6629.00059008,4.11907,37,2220,6.67958019414075,No,271.0,No,No,Social/Recreation,"Attended recreational event (e.g., movies, sporting event)",,Work,Went to primary workplace,,,Missing Response,Missing Response,Missing Response,Missing Response,Missing Response,,Missing: Skip Logic,Missing: Skip Logic,1 traveler,1 traveler,Missing Response,Selected,Not Selected,Missing: Skip Logic,Missing: Skip Logic,Missing: Skip Logic,Missing: Skip Logic,Missing: Skip Logic,Missing: Skip Logic,,Missing: Skip Logic,Missing: Skip Logic,Missing: Skip Logic,,Missing: Skip Logic,Missing Response,,No,No,No,No,Missing Response,Missing Response,No,No teleport detected,No,3.09082693176683,4.58821083565569,2023,No,0.0,100250,ca11ab41-7651-4b02-8e20-43f2586ab729
2317489301018,23174893,2317489301,231748930106,1,6,18,Yes,2023-05-21,Sunday,No,Incomplete,2023-05-21,Sunday,15,29,0,2023-05-21,Sunday,15,50,0,Yes,Seattle Downtown,King County,Seattle,,53033008003,Yes,Seattle Downtown,King County,Seattle,,53033008102,2702.999464704,1.679566,21,1260,4.79876,No,17.0,No,No,Work,Went to primary workplace,,Shopping,"Other shopping (e.g., mall, pet store)",,,Missing Response,Missing Response,Missing Response,Missing Response,Missing Response,,Missing: Skip Logic,Missing: Skip Logic,1 traveler,1 traveler,Missing Response,Selected,Not Selected,Missing: Skip Logic,Missing: Skip Logic,Missing: Skip Logic,Missing: Skip Logic,Missing: Skip Logic,Missing: Skip Logic,,Missing: Skip Logic,Missing: Skip Logic,Missing: Skip Logic,,Missing: Skip Logic,Missing Response,,No,No,No,No,Missing Response,Missing Response,No,No teleport detected,No,2.47030878859857,14.2985647164203,2023,No,0.0,100253,6f56fef2-dfe9-489e-93c1-a98a1c457196
2317489301019,23174893,2317489301,231748930106,1,6,19,Yes,2023-05-21,Sunday,No,Incomplete,2023-05-21,Sunday,16,7,0,2023-05-21,Sunday,16,13,0,Yes,Seattle Downtown,King County,Seattle,,53033008102,Yes,Seattle Northgate,King County,Seattle,,53033001900,11309.000300928,7.027087,6,360,70.27087,No,7.0,No,No,Shopping,"Went to other shopping (e.g., mall, pet store)",,Social/Recreation,"Social event (e.g., visit friends, family, co-workers)",,,Missing Response,Missing Response,Missing Response,Missing Response,Missing Response,,Missing: Skip Logic,Missing: Skip Logic,1 traveler,1 traveler,Missing Response,Selected,Not Selected,Missing: Skip Logic,Missing: Skip Logic,Missing: Skip Logic,Missing: Skip Logic,Missing: Skip Logic,Missing: Skip Logic,,Missing: Skip Logic,Missing: Skip Logic,Missing: Skip Logic,,Missing: Skip Logic,Missing Response,,No,No,No,No,Missing Response,Missing Response,No,No teleport detected,No,,,2023,No,0.0,100261,d56441e5-4091-4792-ad44-4fc8bb761fd5
2317489301020,23174893,2317489301,231748930106,1,6,20,Yes,2023-05-21,Sunday,No,Incomplete,2023-05-21,Sunday,16,20,0,2023-05-21,Sunday,16,31,0,Yes,Seattle Northgate,King County,Seattle,,53033001900,Yes,Not RGC,King County,Seattle,,53033001100,2961.999241344,1.840501,11,660,10.039114616572,No,628.15,No,Yes,Social/Recreation,"Attended social event (e.g., visit with friends, family, co-workers)",,Home,Went home,,,Missing Response,Missing Response,Missing Response,Missing Response,Missing Response,,Missing: Skip Logic,Missing: Skip Logic,1 traveler,1 traveler,Missing Response,Selected,Not Selected,Missing: Skip Logic,Missing: Skip Logic,Missing: Skip Logic,Missing: Skip Logic,Missing: Skip Logic,Missing: Skip Logic,,Missing: Skip Logic,Missing: Skip Logic,Missing: Skip Logic,,Missing: Skip Logic,Missing Response,,No,No,No,No,Missing Response,Missing Response,No,No teleport detected,No,,,2023,No,0.0,100269,341091b2-2cbe-4f36-a271-1c5084e86e28
2317826801003,23178268,2317826801,231782680101,1,1,3,Yes,2023-05-26,Friday,Yes,Incomplete,2023-05-26,Friday,22,24,0,2023-05-26,Friday,22,27,0,Yes,Seattle Downtown,King County,Seattle,,53033007202,Yes,Not RGC,King County,Seattle,,53033007800,4746.999920256,2.949649,3,180,58.99298,No,5.06666666666667,No,No,Home,Went home,,Social/Recreation,"Social event (e.g., visit friends, family, co-workers)",,,Missing Response,Missing Response,Missing Response,Missing Response,Missing Response,,Missing: Skip Logic,Missing: Skip Logic,1 traveler,1 traveler,Missing Response,Selected,Missing: Skip Logic,Missing: Skip Logic,Missing: Skip Logic,Missing: Skip Logic,Missing: Skip Logic,Missing: Skip Logic,Missing: Skip Logic,,Missing: Skip Logic,Missing: Skip Logic,Missing: Skip Logic,Missing: Skip Logic,Missing: Skip Logic,Missing Response,,No,No,No,No,Missing Response,Missing Response,No,No teleport detected,No,,,2023,Yes,0.0,100458,b19bf704-43db-4f84-ab74-2870b7669908
2317826801004,23178268,2317826801,231782680101,1,1,4,Yes,2023-05-26,Friday,Yes,Incomplete,2023-05-26,Friday,22,32,0,2023-05-26,Friday,22,33,0,Yes,Not RGC,King County,Seattle,,53033007800,Yes,Seattle Downtown,King County,Seattle,,53033007202,4870.999875456,3.026699,1,60,181.609204368175,No,928.866666666667,No,Yes,Social/Recreation,"Attended social event (e.g., visit with friends, family, co-workers)",,Home,Went home,,,Missing Response,Missing Response,Missing Response,Missing Response,Missing Response,,Missing: Skip Logic,Missing: Skip Logic,1 traveler,1 traveler,Missing Response,Selected,Missing: Skip Logic,Missing: Skip Logic,Missing: Skip Logic,Missing: Skip Logic,Missing: Skip Logic,Missing: Skip Logic,Missing: Skip Logic,,Missing: Skip Logic,Missing: Skip Logic,Missing: Skip Logic,Missing: Skip Logic,Missing: Skip Logic,Missing Response,,Yes,No,No,No,Missing Response,Missing Response,No,No teleport detected,No,,,2023,Yes,0.0,100459,9879dce1-c0fb-4c52-8d51-c20d79e3f091
2318012701001,23180127,2318012701,231801270101,1,1,1,Yes,2023-05-27,Saturday,No,Incomplete,2023-05-27,Saturday,12,0,0,2023-05-27,Saturday,13,0,0,Yes,Seattle Downtown,King County,Seattle,,53033009200,Yes,Not RGC,King County,Seattle,,53033002400,11608.000322688,7.212877,60,3600,7.212877,No,180.016666666667,Yes,No,Missing Response,Not imputable,"101 6th Ave S, Seattle, WA 98104",Personal Business/Errand/Appointment,"Personal business (e.g., bank, post office)",,"Wedgwood Hair Studio, 8206 35th Ave NE, Seattle, WA 98115",Missing Response,Missing Response,Missing Response,Missing Response,Missing Response,,Missing: Skip Logic,Missing: Skip Logic,1 traveler,1 traveler,Missing Response,Selected,Missing: Skip Logic,Missing: Skip Logic,Missing: Skip Logic,Missing: Skip Logic,Missing: Skip Logic,Missing: Skip Logic,Missing: Skip Logic,,Missing: Skip Logic,Missing: Skip Logic,Missing: Skip Logic,Missing: Skip Logic,Missing: Skip Logic,Missing Response,,No,No,No,No,Missing Response,Missing Response,Yes,No teleport detected,No,,,2023,No,0.0,100678,c92ff474-ee9f-4e56-8b7d-52ae32506625
2318012701002,23180127,2318012701,231801270101,1,1,2,Yes,2023-05-27,Saturday,No,Incomplete,2023-05-27,Saturday,16,0,0,2023-05-27,Saturday,18,0,0,Yes,Not RGC,King County,Seattle,,53033002400,Yes,Seattle Downtown,King County,Seattle,,53033009200,11721.999814272,7.283713,120,7200,3.6418565,No,539.983333333333,No,Yes,Personal Business/Errand/Appointment,"Conducted personal business (e.g., bank, post office)",,Social/Recreation,"Social event (e.g., visit friends, family, co-workers)",,,Missing Response,Missing Response,Missing Response,Missing Response,Missing Response,,Missing: Skip Logic,Missing: Skip Logic,1 traveler,1 traveler,Missing Response,Selected,Missing: Skip Logic,Missing: Skip Logic,Missing: Skip Logic,Missing: Skip Logic,Missing: Skip Logic,Missing: Skip Logic,Missing: Skip Logic,,Missing: Skip Logic,Missing: Skip Logic,Missing: Skip Logic,Missing: Skip Logic,Missing: Skip Logic,Missing Response,,No,No,No,No,Missing Response,Missing Response,Yes,No teleport detected,No,,,2023,No,0.0,100683,919eb9a7-264a-4724-94d8-c36de9ced4de
2318179801023,23181798,2318179801,231817980106,1,6,23,Yes,2023-05-27,Saturday,No,Incomplete,2023-05-27,Saturday,11,59,0,2023-05-27,Saturday,12,3,0,Yes,Not RGC,King County,Seattle,,53033009300,Yes,Seattle Downtown,King County,Seattle,,53033009300,4657.999978368,2.894347,4,240,43.4156391563916,No,7.8,No,No,Social/Recreation,"Attended recreational event (e.g., movies, sporting event)",,Social/Recreation,"Recreational event (e.g., movies, sporting event)",,,Drive SOV,Household vehicle 2,Missing Response,Missing Response,Missing Response,,Missing: Skip Logic,Missing: Skip Logic,1 traveler,1 traveler,Missing Response,Selected,Not Selected,Missing: Skip Logic,Missing: Skip Logic,Missing: Skip Logic,Missing: Skip Logic,Missing: Skip Logic,Missing: Skip Logic,,Missing: Skip Logic,Missing: Skip Logic,Missing: Skip Logic,Missing: Skip Logic,Missing: Skip Logic,Missing Response,,No,No,No,No,Missing Response,Missing Response,No,No teleport detected,No,,,2023,No,0.0,100852,0f958ec4-d099-4a38-825c-7a899c598886
2318179801027,23181798,2318179801,231817980106,1,6,27,Yes,2023-05-27,Saturday,No,Incomplete,2023-05-27,Saturday,21,37,0,2023-05-27,Saturday,22,1,0,Yes,Seattle Downtown,King County,Seattle,,53033009300,Yes,Not RGC,King County,Seattle,,53033008900,3437.999744256,2.136274,24,1440,5.340685,No,896.916666666667,No,Yes,Social/Recreation,"Attended social event (e.g., visit with friends, family, co-workers)",,Home,Went home,,,Missing Response,Missing Response,Missing Response,Missing Response,Missing Response,,Missing: Skip Logic,Missing: Skip Logic,1 traveler,1 traveler,Missing Response,Selected,Not Selected,Missing: Skip Logic,Missing: Skip Logic,Missing: Skip Logic,Missing: Skip Logic,Missing: Skip Logic,Missing: Skip Logic,,Missing: Skip Logic,Missing: Skip Logic,Missing: Skip Logic,Missing: Skip Logic,Missing: Skip Logic,Missing Response,,No,No,No,No,Missing Response,Missing Response,No,No teleport detected,No,5.48037889039242,3.57401677928085,2023,No,0.0,100856,4f57d065-5088-4fff-b36d-1fd9f9aa4fe9
2318179801028,23181798,2318179801,231817980107,1,7,28,Yes,2023-05-28,Sunday,No,Incomplete,2023-05-28,Sunday,12,58,0,2023-05-28,Sunday,13,0,0,Yes,Not RGC,King County,Seattle,,53033008900,Yes,Not RGC,King County,Seattle,,53033009000,856.000417536,0.531894,2,120,15.9569795697957,No,82.0166666666667,Yes,No,Home,Went home,,Overnight,"Went to temporary lodging (e.g., hotel, vacation rental)",,,Missing Response,Missing Response,Missing Response,Missing Response,Missing Response,,Missing: Skip Logic,Missing: Skip Logic,1 traveler,1 traveler,Missing Response,Selected,Not Selected,Missing: Skip Logic,Missing: Skip Logic,Missing: Skip Logic,Missing: Skip Logic,Missing: Skip Logic,Missing: Skip Logic,,Missing: Skip Logic,Missing: Skip Logic,Missing: Skip Logic,Missing: Skip Logic,Missing: Skip Logic,Missing Response,,No,No,No,No,Missing Response,Missing Response,No,No teleport detected,No,6.97674418604651,11.7824945031704,2023,No,0.0,100872,17e6d05e-4bb0-4160-8f63-51e167b344ef
2318179801029,23181798,2318179801,231817980107,1,7,29,Yes,2023-05-28,Sunday,No,Incomplete,2023-05-28,Sunday,14,22,0,2023-05-28,Sunday,14,37,0,Yes,Not RGC,King County,Seattle,,53033009000,Yes,Not RGC,King County,Seattle,,53033009300,5692.999682304,3.537466,15,900,14.149864,No,41.4,No,No,Overnight,"Went to temporary lodging (e.g., hotel, vacation rental)",,Shopping,Got gas,,,Missing Response,Missing Response,Missing Response,Missing Response,Missing Response,,Missing: Skip Logic,Missing: Skip Logic,1 traveler,1 traveler,Missing Response,Selected,Not Selected,Missing: Skip Logic,Missing: Skip Logic,Missing: Skip Logic,Missing: Skip Logic,Missing: Skip Logic,Missing: Skip Logic,,Missing: Skip Logic,Missing: Skip Logic,Missing: Skip Logic,Missing: Skip Logic,Missing: Skip Logic,Missing Response,,No,No,No,No,Missing Response,Missing Response,No,No teleport detected,No,5.95369349503859,6.11478304366429,2023,No,0.0,100924,21bcac57-605d-4dcb-8bf9-f4e3b15a2adb
2318179801030,23181798,2318179801,231817980107,1,7,30,Yes,2023-05-28,Sunday,No,Incomplete,2023-05-28,Sunday,15,19,0,2023-05-28,Sunday,15,34,0,Yes,Not RGC,King County,Seattle,,53033009300,Yes,Not RGC,King County,Seattle,,53033009000,5622.000253056,3.493349,15,900,13.973396,No,3.13333333333333,No,No,Shopping,Got gas,,Overnight,"Went to temporary lodging (e.g., hotel, vacation rental)",,,Missing Response,Missing Response,Missing Response,Missing Response,Missing Response,,Missing: Skip Logic,Missing: Skip Logic,1 traveler,1 traveler,Missing Response,Selected,Not Selected,-995,-995,-995,-995,-995,-995,,Missing: Skip Logic,Missing: Skip Logic,Missing: Skip Logic,Missing: Skip Logic,-995,Missing Response,,No,No,No,No,Missing Response,Missing Response,No,No teleport detected,No,6.88524590163935,29.8465024998961,2023,No,0.0,100928,f181a154-d4f7-4229-b375-b673344f6a0c
2318179801031,23181798,2318179801,231817980107,1,7,31,Yes,2023-05-28,Sunday,No,Incomplete,2023-05-28,Sunday,15,42,0,2023-05-28,Sunday,15,44,0,Yes,Not RGC,King County,Seattle,,53033009000,Yes,Not RGC,King County,Seattle,,53033008900,821.999806848,0.510767,2,120,15.3231632316323,No,128.4,No,No,Overnight,"Went to temporary lodging (e.g., hotel, vacation rental)",,Home,Went home,,,Missing Response,Missing Response,Missing Response,Missing Response,Missing Response,,Missing: Skip Logic,Missing: Skip Logic,1 traveler,1 traveler,Missing Response,Selected,Not Selected,Missing: Skip Logic,Missing: Skip Logic,Missing: Skip Logic,Missing: Skip Logic,Missing: Skip Logic,Missing: Skip Logic,,Missing: Skip Logic,Missing: Skip Logic,Missing: Skip Logic,Missing: Skip Logic,Missing: Skip Logic,Missing Response,,No,No,No,No,Missing Response,Missing Response,No,No teleport detected,No,6.25,17.2859998762642,2023,No,0.0,100929,84a13af4-26f5-47eb-aa64-00ee030c4938
2318179801032,23181798,2318179801,231817980107,1,7,32,Yes,2023-05-28,Sunday,No,Incomplete,2023-05-28,Sunday,17,53,0,2023-05-28,Sunday,18,0,0,Yes,Not RGC,King County,Seattle,,53033008900,Yes,Not RGC,King County,Seattle,,53033008900,404.000061696,0.251034,7,420,2.15173229561312,No,117.733333333333,No,No,Home,Went home,,Social/Recreation,Religious/civic/volunteer activity,,,Walk,Walk (or jog/wheelchair),Missing Response,Missing Response,Missing Response,,Missing: Skip Logic,Missing: Skip Logic,1 traveler,1 traveler,Missing Response,Selected,Not Selected,Missing: Skip Logic,Missing: Skip Logic,Missing: Skip Logic,Missing: Skip Logic,Missing: Skip Logic,Missing: Skip Logic,,Missing: Skip Logic,Missing: Skip Logic,Missing: Skip Logic,Missing: Skip Logic,Missing: Skip Logic,Missing Response,,No,No,No,No,Missing Response,Missing Response,No,No teleport detected,No,5.85365853658537,13.2208569071323,2023,No,0.0,100930,9432569f-46c0-4911-9e42-3de73036f9f3
2318179801033,23181798,2318179801,231817980107,1,7,33,Yes,2023-05-28,Sunday,No,Incomplete,2023-05-28,Sunday,19,58,0,2023-05-28,Sunday,20,3,0,Yes,Not RGC,King County,Seattle,,53033008900,Yes,Not RGC,King County,Seattle,,53033008900,419.00075712,0.260355,5,300,3.12427249708999,No,7.35,No,No,Social/Recreation,Went to religious/community/volunteer activity,,Home,Went home,,,Walk,Walk (or jog/wheelchair),Missing Response,Missing Response,Missing Response,,Missing: Skip Logic,Missing: Skip Logic,1 traveler,1 traveler,Missing Response,Selected,Not Selected,Missing: Skip Logic,Missing: Skip Logic,Missing: Skip Logic,Missing: Skip Logic,Missing: Skip Logic,Missing: Skip Logic,,Missing: Skip Logic,Missing: Skip Logic,Missing: Skip Logic,Missing: Skip Logic,Missing: Skip Logic,Missing Response,,No,No,No,No,Missing Response,Missing Response,No,No teleport detected,No,6.64615384615385,15.9590657828458,2023,No,0.0,100931,5817608d-f6ba-4a22-a31b-beb68c431bdb
2318179801034,23181798,2318179801,231817980107,1,7,34,Yes,2023-05-28,Sunday,No,Incomplete,2023-05-28,Sunday,20,11,0,2023-05-28,Sunday,20,17,0,Yes,Not RGC,King County,Seattle,,53033008900,Yes,Seattle First Hill/Capitol Hill,King County,Seattle,,53033008600,2974.999522176,1.848579,6,360,18.48579,No,90.4166666666667,No,No,Home,Went home,,School,Attend college/university,,,Drive SOV,Household vehicle 1,Missing Response,Missing Response,Missing Response,,Missing: Skip Logic,Missing: Skip Logic,1 traveler,1 traveler,Missing Response,Selected,Not Selected,Missing: Skip Logic,Missing: Skip Logic,Missing: Skip Logic,Missing: Skip Logic,Missing: Skip Logic,Missing: Skip Logic,,Missing: Skip Logic,Missing: Skip Logic,Missing: Skip Logic,Missing: Skip Logic,Missing: Skip Logic,Missing Response,,No,No,No,No,Missing Response,Missing Response,No,No teleport detected,No,5.31645569620253,6.74655307165165,2023,No,0.0,100934,fdd42237-1824-4e0e-aa57-dcb6c7765be8
2318179801035,23181798,2318179801,231817980107,1,7,35,Yes,2023-05-28,Sunday,No,Incomplete,2023-05-28,Sunday,21,48,0,2023-05-28,Sunday,21,53,0,Yes,Seattle First Hill/Capitol Hill,King County,Seattle,,53033008600,Yes,Seattle First Hill/Capitol Hill,King County,Seattle,,53033007503,345.999303936,0.214994,5,300,2.57993831975328,No,93.7333333333333,No,No,School,Attend college/university,,Personal Business/Errand/Appointment,"Personal business (e.g., bank, post office)",,,Walk,Walk (or jog/wheelchair),Missing Response,Missing Response,Missing Response,,Missing: Skip Logic,Missing: Skip Logic,1 traveler,1 traveler,Missing Response,Selected,Not Selected,Missing: Skip Logic,Missing: Skip Logic,Missing: Skip Logic,Missing: Skip Logic,Missing: Skip Logic,Missing: Skip Logic,,Missing: Skip Logic,Missing: Skip Logic,Missing: Skip Logic,Missing: Skip Logic,Missing: Skip Logic,Missing Response,,No,No,No,No,Missing Response,Missing Response,No,No teleport detected,No,2.79883381924198,25.3371325204491,2023,No,0.0,100935,44e88c61-6a0c-41b6-88da-fc95a7ffec23
2318179801036,23181798,2318179801,231817980107,1,7,36,Yes,2023-05-28,Sunday,No,Incomplete,2023-05-28,Sunday,23,27,0,2023-05-28,Sunday,23,45,0,Yes,Seattle First Hill/Capitol Hill,King County,Seattle,,53033007503,Yes,Not RGC,King County,Seattle,,53033008900,3464.999708544,2.153051,18,1080,7.17683666666667,No,194.716666666667,No,Yes,Personal Business/Errand/Appointment,"Conducted personal business (e.g., bank, post office)",,Home,Went home,,,Drive SOV,Household vehicle 1,Missing Response,Missing Response,Missing Response,,Missing: Skip Logic,Missing: Skip Logic,1 traveler,1 traveler,Missing Response,Selected,Not Selected,Missing: Skip Logic,Missing: Skip Logic,Missing: Skip Logic,Missing: Skip Logic,Missing: Skip Logic,Missing: Skip Logic,,Missing: Skip Logic,Missing: Skip Logic,Missing: Skip Logic,Missing: Skip Logic,Missing: Skip Logic,Missing Response,,No,No,No,No,Missing Response,Missing Response,No,No teleport detected,No,5.43396226415094,3.92270815097755,2023,No,0.0,100936,70e598b6-d7df-4f16-9219-f7c5d7c88e4c
2318179802016,23181798,2318179802,231817980206,2,6,16,Yes,2023-05-27,Saturday,Yes,Incomplete,2023-05-27,Saturday,12,26,0,2023-05-27,Saturday,12,32,0,Yes,Seattle Downtown,King County,Seattle,,53033009300,Yes,Seattle Downtown,King County,Seattle,,53033009300,307.999473408,0.191382,6,360,1.91382,No,121.816666666667,No,No,Social/Recreation,"Attended recreational event (e.g., movies, sporting event)",,Social/Recreation,"Recreational event (e.g., movies, sporting event)",,,Walk,Walk (or jog/wheelchair),Missing Response,Missing Response,Missing Response,,Missing: Skip Logic,Missing: Skip Logic,1 traveler,1 traveler,Missing Response,Not Selected,Selected,Missing: Skip Logic,Missing: Skip Logic,Missing: Skip Logic,Missing: Skip Logic,Missing: Skip Logic,Missing: Skip Logic,,Missing: Skip Logic,Missing: Skip Logic,Missing: Skip Logic,Passenger,Missing: Skip Logic,Missing Response,,No,No,No,No,Missing Response,Missing Response,No,No teleport detected,No,,,2023,No,0.0,100952,10e3e10b-b451-440a-9016-0d86069574db
2318179802018,23181798,2318179802,231817980206,2,6,18,Yes,2023-05-27,Saturday,Yes,Incomplete,2023-05-27,Saturday,18,25,0,2023-05-27,Saturday,18,28,0,Yes,Seattle Downtown,King County,Seattle,,53033009300,Yes,Seattle Downtown,King County,Seattle,,53033009300,231.999812352,0.144158,3,180,2.88316,No,186.083333333333,No,No,Social/Recreation,"Attended social event (e.g., visit with friends, family, co-workers)",,Social/Recreation,"Social event (e.g., visit friends, family, co-workers)",,,Walk,Walk (or jog/wheelchair),Missing Response,Missing Response,Missing Response,,Missing: Skip Logic,Missing: Skip Logic,1 traveler,1 traveler,Missing Response,Not Selected,Selected,Missing: Skip Logic,Missing: Skip Logic,Missing: Skip Logic,Missing: Skip Logic,Missing: Skip Logic,Missing: Skip Logic,,Missing: Skip Logic,Missing: Skip Logic,Missing: Skip Logic,Passenger,Missing: Skip Logic,Missing Response,,No,No,No,No,Missing Response,Missing Response,No,No teleport detected,No,,,2023,No,0.0,100954,c3331f6a-1567-4f25-ab7f-d71ef3ee6191
2318179802027,23181798,2318179802,231817980207,2,7,27,Yes,2023-05-28,Sunday,Yes,Incomplete,2023-05-28,Sunday,20,11,0,2023-05-28,Sunday,20,17,0,Yes,Not RGC,King County,Seattle,,53033008900,Yes,Seattle First Hill/Capitol Hill,King County,Seattle,,53033008600,2996.999254656,1.862249,6,360,18.62249,No,90.0666666666667,No,No,Home,Went home,,Meal,Went to restaurant to eat/get take-out,,,Drive SOV,Household vehicle 2,Missing Response,Missing Response,Missing Response,,Missing: Skip Logic,Missing: Skip Logic,1 traveler,1 traveler,Missing Response,Not Selected,Selected,Missing: Skip Logic,Missing: Skip Logic,Missing: Skip Logic,Missing: Skip Logic,Missing: Skip Logic,Missing: Skip Logic,,Missing: Skip Logic,Missing: Skip Logic,Missing: Skip Logic,Passenger,Missing: Skip Logic,Missing Response,,No,No,No,No,Missing Response,Missing Response,No,No teleport detected,No,,,2023,No,0.0,100963,3ab3e474-1faf-4791-b258-fe9558ec2c0f
2318160001013,23181600,2318160001,231816000102,1,2,13,Yes,2023-05-31,Wednesday,No,Incomplete,2023-05-31,Wednesday,18,25,0,2023-05-31,Wednesday,18,52,0,Yes,Not RGC,King County,Seattle,,53033010302,Yes,Not RGC,King County,Seattle,,53033009300,6171.000599808,3.834482,27,1620,8.52107111111111,No,144.5,No,No,Overnight,"Went to another residence (e.g., someone else's home, second home)",,Social/Recreation,"Recreational event (e.g., movies, sporting event)",,,Transit,"Urban Rail (e.g., Link light rail, monorail, streetcar)",Missing Response,Missing Response,Missing Response,,Walked or jogged,Walked or jogged,4 travelers,1 traveler,3 other people,Selected,Missing: Skip Logic,Missing: Skip Logic,Missing: Skip Logic,Missing: Skip Logic,Missing: Skip Logic,Missing: Skip Logic,Missing: Skip Logic,,Missing: Skip Logic,Missing: Skip Logic,Missing: Skip Logic,Missing: Skip Logic,Missing: Skip Logic,Missing Response,,No,No,No,No,Missing Response,Missing Response,No,No teleport detected,No,5.58734023128424,21.1216303546153,2023,No,0.0,101125,41f992ff-a36a-4fd1-b7f4-8facfce162d6
2318160001014,23181600,2318160001,231816000102,1,2,14,Yes,2023-05-31,Wednesday,No,Incomplete,2023-05-31,Wednesday,21,16,0,2023-05-31,Wednesday,21,53,0,Yes,Not RGC,King County,Seattle,,53033009300,Yes,Not RGC,King County,Seattle,,53033010302,6328.000153728,3.932037,37,2220,6.37628310949525,No,0.0,No,No,Social/Recreation,"Attended recreational event (e.g., movies, sporting event)",,Overnight,"Went to another residence (e.g., someone else's home, second home)",,,Transit,"Urban Rail (e.g., Link light rail, monorail, streetcar)",Missing Response,Missing Response,Missing Response,,Walked or jogged,Walked or jogged,4 travelers,1 traveler,3 other people,Selected,Missing: Skip Logic,Missing: Skip Logic,Missing: Skip Logic,Missing: Skip Logic,Missing: Skip Logic,Missing: Skip Logic,Missing: Skip Logic,,Missing: Skip Logic,Missing: Skip Logic,Missing: Skip Logic,Missing: Skip Logic,Missing: Skip Logic,Missing Response,,No,No,No,No,Missing Response,Yes,No,No teleport detected,No,2.56445047489824,25.730558981565,2023,No,0.0,101131,96b5ee92-b39b-4ec9-b4b8-863ce50fd182
2318455102009,23184551,2318455102,231845510205,2,5,9,Yes,2023-05-23,Tuesday,No,Incomplete,2023-05-24,Wednesday,2,36,0,2023-05-24,Wednesday,2,50,0,Yes,Seattle South Lake Union,King County,Seattle,,53033006600,Yes,Seattle Downtown,King County,Seattle,,53033007302,1376.999788032,0.855628,14,840,3.6669823814034,No,907.85,Yes,No,Work-related,"Went to work-related place (e.g., meeting, second job, delivery)",,Home,Went home,,,Micromobility,"Scooter-share (e.g., Bird, Lime)",Missing Response,Missing Response,Missing Response,,Missing: Skip Logic,Missing: Skip Logic,1 traveler,1 traveler,Missing Response,Not Selected,Selected,Missing: Skip Logic,Missing: Skip Logic,Missing: Skip Logic,Missing: Skip Logic,Missing: Skip Logic,Missing: Skip Logic,,Missing: Skip Logic,Missing: Skip Logic,Missing: Skip Logic,Missing: Skip Logic,Missing: Skip Logic,Missing Response,,No,No,No,No,Missing Response,Missing Response,No,No teleport detected,No,,,2023,No,0.0,101432,9642b171-0d29-40a2-84b4-31c53051d417
2318455102010,23184551,2318455102,231845510206,2,6,10,Yes,2023-05-24,Wednesday,No,Incomplete,2023-05-24,Wednesday,17,58,0,2023-05-24,Wednesday,18,7,0,Yes,Seattle Downtown,King County,Seattle,,53033007302,Yes,Seattle South Lake Union,King County,Seattle,,53033006600,1174.00035456,0.72949,9,540,4.86326666666667,No,508.1,No,Yes,Home,Went home,,Work-related,"Went to work-related activity (e.g., meeting, delivery, worksite)",,,Micromobility,"Scooter-share (e.g., Bird, Lime)",Missing Response,Missing Response,Missing Response,,Missing: Skip Logic,Missing: Skip Logic,1 traveler,1 traveler,Missing Response,Not Selected,Selected,Missing: Skip Logic,Missing: Skip Logic,Missing: Skip Logic,Missing: Skip Logic,Missing: Skip Logic,Missing: Skip Logic,,Missing: Skip Logic,Missing: Skip Logic,Missing: Skip Logic,Missing: Skip Logic,Missing: Skip Logic,Missing Response,,No,No,No,No,Missing Response,Missing Response,No,No teleport detected,No,,,2023,No,0.0,101441,6866b80e-de41-425d-a5cb-c6469b3ea33d
2318455102011,23184551,2318455102,231845510206,2,6,11,Yes,2023-05-24,Wednesday,No,Incomplete,2023-05-25,Thursday,2,35,0,2023-05-25,Thursday,2,48,0,Yes,Seattle South Lake Union,King County,Seattle,,53033006600,Yes,Seattle Downtown,King County,Seattle,,53033007302,1435.999948416,0.892289,13,780,4.11826959467568,No,746.15,Yes,No,Work-related,"Went to work-related place (e.g., meeting, second job, delivery)",,Social/Recreation,"Social event (e.g., visit friends, family, co-workers)",,,Missing Response,Missing Response,Missing Response,Missing Response,Missing Response,,Missing: Skip Logic,Missing: Skip Logic,1 traveler,1 traveler,Missing Response,Not Selected,Selected,Missing: Skip Logic,Missing: Skip Logic,Missing: Skip Logic,Missing: Skip Logic,Missing: Skip Logic,Missing: Skip Logic,,Missing: Skip Logic,Missing: Skip Logic,Missing: Skip Logic,Missing: Skip Logic,Missing: Skip Logic,Missing Response,,No,No,No,No,Missing Response,Missing Response,No,No teleport detected,No,,,2023,No,0.0,101445,aa5de811-d122-46f3-942e-e3bad8cafb06
2318455102012,23184551,2318455102,231845510207,2,7,12,Yes,2023-05-25,Thursday,No,Incomplete,2023-05-25,Thursday,15,14,0,2023-05-25,Thursday,15,22,0,Yes,Seattle Downtown,King County,Seattle,,53033007302,Yes,Seattle First Hill/Capitol Hill,King County,Seattle,,53033008401,1393.999288704,0.866191,8,480,6.49644874112185,No,18.65,No,No,Social/Recreation,"Attended social event (e.g., visit with friends, family, co-workers)",,Social/Recreation,"Exercise or recreation (e.g., gym, jog, bike, walk dog)",,,Missing Response,Missing Response,Missing Response,Missing Response,Missing Response,,Missing: Skip Logic,Missing: Skip Logic,1 traveler,1 traveler,Missing Response,Not Selected,Selected,Missing: Skip Logic,Missing: Skip Logic,Missing: Skip Logic,Missing: Skip Logic,Missing: Skip Logic,Missing: Skip Logic,,Missing: Skip Logic,Missing: Skip Logic,Missing: Skip Logic,Missing: Skip Logic,Missing: Skip Logic,Missing Response,,No,No,No,No,Missing Response,Missing Response,No,No teleport detected,No,,,2023,No,0.0,101450,fb51f4a6-5d63-473e-b6c0-0356d82955e6
2318455102013,23184551,2318455102,231845510207,2,7,13,Yes,2023-05-25,Thursday,No,Incomplete,2023-05-25,Thursday,15,41,0,2023-05-25,Thursday,15,52,0,Yes,Seattle First Hill/Capitol Hill,King County,Seattle,,53033008401,Yes,Seattle South Lake Union,King County,Seattle,,53033007303,1365.000519168,0.848172,11,660,4.62640113891116,No,102.166666666667,No,No,Social/Recreation,"Went to exercise (e.g., gym, walk, jog, bike ride)",,Home,Went home,,,Missing Response,Missing Response,Missing Response,Missing Response,Missing Response,,Missing: Skip Logic,Missing: Skip Logic,1 traveler,1 traveler,Missing Response,Not Selected,Selected,Missing: Skip Logic,Missing: Skip Logic,Missing: Skip Logic,Missing: Skip Logic,Missing: Skip Logic,Missing: Skip Logic,,Missing: Skip Logic,Missing: Skip Logic,Missing: Skip Logic,Missing: Skip Logic,Missing: Skip Logic,Missing Response,,No,No,No,No,Missing Response,Missing Response,No,No teleport detected,No,,,2023,No,0.0,101456,c0ba677d-dd07-4d61-b2dd-c989129bfaa5
2318455102014,23184551,2318455102,231845510207,2,7,14,Yes,2023-05-25,Thursday,No,Incomplete,2023-05-25,Thursday,17,34,0,2023-05-25,Thursday,17,51,0,Yes,Seattle South Lake Union,King County,Seattle,,53033007303,Yes,Seattle South Lake Union,King County,Seattle,,53033006600,1423.001276928,0.884212,17,1020,3.12075190676695,No,8.11666666666667,No,Yes,Home,Went home,,Work-related,"Went to work-related activity (e.g., meeting, delivery, worksite)",,,Missing Response,Missing Response,Missing Response,Missing Response,Missing Response,,Missing: Skip Logic,Missing: Skip Logic,1 traveler,1 traveler,Missing Response,Not Selected,Selected,-995,-995,-995,-995,-995,-995,,Missing: Skip Logic,Missing: Skip Logic,Missing: Skip Logic,Missing: Skip Logic,-995,Missing Response,,No,No,No,No,Missing Response,Missing Response,No,No teleport detected,No,,,2023,No,0.0,101459,481a3b12-334c-4274-8600-596d8e67f213
2318241501011,23182415,2318241501,231824150105,1,5,11,Yes,2023-05-22,Monday,Yes,Incomplete,2023-05-22,Monday,17,32,0,2023-05-22,Monday,18,6,0,Yes,Seattle First Hill/Capitol Hill,King County,Seattle,,53033007600,Yes,Seattle Downtown,King County,Seattle,,53033009000,4988.0007936,3.0994,34,2040,5.46953584651276,No,2.65,No,Yes,Personal Business/Errand/Appointment,"Went to medical appointment (e.g., doctor, dentist)",,Home,Went home,,,Transit,Bus (public transit),Missing Response,Missing Response,Missing Response,,Walked or jogged,Missing: Skip Logic,1 traveler,1 traveler,No other people,Selected,-995,-995,-995,-995,-995,-995,-995,,Missing: Skip Logic,Missing: Skip Logic,Missing: Skip Logic,Missing: Skip Logic,-995,Missing Response,,No,No,No,No,Missing Response,Missing Response,No,No teleport detected,No,,,2023,Yes,0.0,101497,923621ff-962f-4705-95d9-9d489305d058
2318970601017,23189706,2318970601,231897060103,1,3,17,Yes,2023-05-31,Wednesday,Yes,Incomplete,2023-05-31,Wednesday,18,19,0,2023-05-31,Wednesday,18,20,0,Yes,Not RGC,King County,Seattle,,53033011802,Yes,Not RGC,King County,Seattle,,53033011802,746.000145792,0.463543,1,60,27.8136925477019,No,0.0,No,No,Home,Went home,,Social/Recreation,"Exercise or recreation (e.g., gym, jog, bike, walk dog)",,,Missing Response,Missing Response,Missing Response,Missing Response,Missing Response,,Missing: Skip Logic,Missing: Skip Logic,1 traveler,1 traveler,Missing Response,Selected,Missing: Skip Logic,Missing: Skip Logic,Missing: Skip Logic,Missing: Skip Logic,Missing: Skip Logic,Missing: Skip Logic,Missing: Skip Logic,,Missing: Skip Logic,Missing: Skip Logic,Missing: Skip Logic,Missing: Skip Logic,Missing: Skip Logic,Missing Response,,Yes,No,No,No,Missing Response,Missing Response,No,No teleport detected,No,,,2023,Yes,0.0,101898,977176c7-083d-4887-bcab-1dfcddac65d1
2318970601018,23189706,2318970601,231897060103,1,3,18,Yes,2023-05-31,Wednesday,Yes,Incomplete,2023-05-31,Wednesday,18,20,0,2023-05-31,Wednesday,18,21,0,Yes,Not RGC,King County,Seattle,,53033011802,Yes,Not RGC,King County,Seattle,,53033011802,730.999450368,0.454222,1,60,27.2544101764071,No,1288.51666666667,No,Yes,Social/Recreation,"Went to exercise (e.g., gym, walk, jog, bike ride)",,Home,Went home,,,Missing Response,Missing Response,Missing Response,Missing Response,Missing Response,,Missing: Skip Logic,Missing: Skip Logic,1 traveler,1 traveler,Missing Response,Selected,Missing: Skip Logic,Missing: Skip Logic,Missing: Skip Logic,Missing: Skip Logic,Missing: Skip Logic,Missing: Skip Logic,Missing: Skip Logic,,Missing: Skip Logic,Missing: Skip Logic,Missing: Skip Logic,Missing: Skip Logic,Missing: Skip Logic,Missing Response,,Yes,No,No,No,Missing Response,Missing Response,No,No teleport detected,No,,,2023,Yes,0.0,101905,a35f823c-459e-4d5e-bb9e-08c6a7eee5fc
2319061301034,23190613,2319061301,231906130105,1,5,34,Yes,2023-05-21,Sunday,No,Incomplete,2023-05-21,Sunday,22,9,0,2023-05-21,Sunday,22,41,0,Yes,Seattle Downtown,King County,Seattle,,53033008101,Yes,Not RGC,King County,Seattle,,53033011001,9277.000723584,5.764461,32,1920,10.808371130232,No,583.333333333333,No,Yes,Meal,Went to restaurant to eat/get take-out,,Home,Went home,,,Transit,"Urban Rail (e.g., Link light rail, monorail, streetcar)",Missing Response,Missing Response,Missing Response,,Walked or jogged,Walked or jogged,2 travelers,1 traveler,1 other person,Selected,Not Selected,Missing: Skip Logic,Missing: Skip Logic,Missing: Skip Logic,Missing: Skip Logic,Missing: Skip Logic,Missing: Skip Logic,,Missing: Skip Logic,Missing: Skip Logic,Missing: Skip Logic,Missing: Skip Logic,Missing: Skip Logic,Missing Response,,No,No,No,No,Missing Response,Missing Response,No,No teleport detected,No,5.46788990825688,9.35463080044009,2023,No,0.0,102260,2fd47ffa-acc8-438f-bf29-b0fd88d6188c
2319280801008,23192808,2319280801,231928080102,1,2,8,Yes,2023-05-31,Wednesday,Yes,Incomplete,2023-05-31,Wednesday,9,47,29,2023-05-31,Wednesday,9,50,0,Yes,Seattle University Community,King County,Seattle,,53033005305,Yes,Seattle University Community,King County,Seattle,,53033005303,458.999392896,0.285209,3,151,6.7997568186153,No,127.766666666667,Yes,No,Home,Went home,,Social/Recreation,"Exercise or recreation (e.g., gym, jog, bike, walk dog)",,,Walk,Walk (or jog/wheelchair),Missing Response,Missing Response,Missing Response,,Missing: Skip Logic,Missing: Skip Logic,1 traveler,1 traveler,Missing Response,Selected,Missing: Skip Logic,Missing: Skip Logic,Missing: Skip Logic,Missing: Skip Logic,Missing: Skip Logic,Missing: Skip Logic,Missing: Skip Logic,,Missing: Skip Logic,Missing: Skip Logic,Missing: Skip Logic,Missing: Skip Logic,Missing: Skip Logic,Missing Response,,No,No,No,No,Missing Response,Missing Response,No,No teleport detected,No,,,2023,Yes,0.0,102279,089b84ad-ea2e-4b72-9a53-ceed2f0928d8
2320497801010,23204978,2320497801,232049780102,1,2,10,Yes,2023-05-24,Wednesday,Yes,Incomplete,2023-05-24,Wednesday,9,58,28,2023-05-24,Wednesday,9,59,0,Yes,Seattle First Hill/Capitol Hill,King County,Seattle,,53033007501,Yes,Seattle First Hill/Capitol Hill,King County,Seattle,,53033007501,120.00073536,0.074565,1,32,8.38940144014401,No,66.4333333333333,No,No,Work-related,"Went to work-related place (e.g., meeting, second job, delivery)",,Work-related,"Went to work-related activity (e.g., meeting, delivery, worksite)",,,Walk,Walk (or jog/wheelchair),Missing Response,Missing Response,Missing Response,,Missing: Skip Logic,Missing: Skip Logic,1 traveler,1 traveler,Missing Response,Selected,Missing: Skip Logic,Missing: Skip Logic,Missing: Skip Logic,Missing: Skip Logic,Missing: Skip Logic,Missing: Skip Logic,Missing: Skip Logic,,Missing: Skip Logic,Missing: Skip Logic,Missing: Skip Logic,Missing: Skip Logic,Missing: Skip Logic,Missing Response,,No,No,No,No,Missing Response,Missing Response,No,No teleport detected,No,,,2023,Yes,0.0,104318,bdc6ac8f-39db-4343-9c74-536ad5a3c78c
2320902401052,23209024,2320902401,232090240107,1,7,52,Yes,2023-05-21,Sunday,Yes,Incomplete,2023-05-21,Sunday,18,38,0,2023-05-21,Sunday,18,49,0,Yes,Not RGC,King County,Seattle,,53033005804,Yes,Seattle South Lake Union,King County,Seattle,,53033007303,4798.000031616,2.981339,11,660,16.2618786579612,No,282.55,No,No,Overnight,"Went to another residence (e.g., someone else's home, second home)",,Overnight,"Went to another residence (e.g., someone else's home, second home)",,,Drive SOV,Household vehicle 1,Missing Response,Missing Response,Missing Response,,Missing: Skip Logic,Missing: Skip Logic,1 traveler,1 traveler,Missing Response,Selected,Missing: Skip Logic,Missing: Skip Logic,Missing: Skip Logic,Missing: Skip Logic,Missing: Skip Logic,Missing: Skip Logic,Missing: Skip Logic,,Missing: Skip Logic,Missing: Skip Logic,Missing: Skip Logic,Missing: Skip Logic,Missing: Skip Logic,Missing Response,,No,No,No,No,Missing Response,Missing Response,No,No teleport detected,No,,,2023,Yes,0.0,104916,857ad1a0-3235-43c1-b201-5f291129b75e
2321557501016,23215575,2321557501,232155750104,1,4,16,Yes,2023-05-27,Saturday,No,Incomplete,2023-05-27,Saturday,8,35,0,2023-05-27,Saturday,9,0,0,Yes,Not RGC,King County,Seattle,,53033010302,Yes,Not RGC,King County,Seattle,,53033009300,6155.999904384,3.825161,25,1500,9.18040108864174,No,1337.26666666667,Yes,No,Home,Went home,,Shopping,Grocery shopping,,,Transit,"Urban Rail (e.g., Link light rail, monorail, streetcar)",Missing Response,Missing Response,Missing Response,,Walked or jogged,Walked or jogged,1 traveler,1 traveler,No other people,Selected,Missing: Skip Logic,Missing: Skip Logic,Missing: Skip Logic,Missing: Skip Logic,Missing: Skip Logic,Missing: Skip Logic,Missing: Skip Logic,,Missing: Skip Logic,Missing: Skip Logic,Missing: Skip Logic,Missing: Skip Logic,Missing: Skip Logic,Missing Response,,No,No,No,No,Missing Response,Yes,No,No teleport detected,No,4.24528301886792,22.7134049798962,2023,No,0.0,105232,63aab755-bb3f-4e56-908a-c2bc136f12e5
2321557501017,23215575,2321557501,232155750104,1,4,17,Yes,2023-05-27,Saturday,No,Incomplete,2023-05-27,Saturday,9,37,0,2023-05-27,Saturday,10,12,0,Yes,Not RGC,King County,Seattle,,53033009300,Yes,Seattle Downtown,King County,Seattle,,53033008200,2406.99926016,1.49564,35,2100,2.56395575083186,No,475.35,No,No,Shopping,Went grocery shopping,,Work,Went to primary workplace,,,Transit,"Urban Rail (e.g., Link light rail, monorail, streetcar)",Missing Response,Missing Response,Missing Response,,Walked or jogged,Walked or jogged,1 traveler,1 traveler,No other people,Selected,Missing: Skip Logic,Missing: Skip Logic,Missing: Skip Logic,Missing: Skip Logic,Missing: Skip Logic,Missing: Skip Logic,Missing: Skip Logic,,Missing: Skip Logic,Missing: Skip Logic,Missing: Skip Logic,Missing: Skip Logic,Missing: Skip Logic,Missing Response,,No,No,No,No,Missing Response,Missing Response,No,No teleport detected,No,0.343183984747378,81.4216960007703,2023,No,0.0,105233,f8cf06fe-7d5a-4e07-809a-eb8eea5c22d3
2321557501018,23215575,2321557501,232155750104,1,4,18,Yes,2023-05-27,Saturday,No,Incomplete,2023-05-27,Saturday,18,8,0,2023-05-27,Saturday,19,12,0,Yes,Seattle Downtown,King County,Seattle,,53033008200,Yes,Not RGC,King County,Seattle,,53033010302,7788.000249216,4.839239,64,3840,4.53678939799337,No,117.8,No,No,Work,Went to primary workplace,,Shopping,"Other shopping (e.g., mall, pet store)",Went home,,Transit,"Urban Rail (e.g., Link light rail, monorail, streetcar)",Missing Response,Missing Response,Missing Response,,Walked or jogged,Walked or jogged,1 traveler,1 traveler,No other people,Selected,Missing: Skip Logic,Missing: Skip Logic,Missing: Skip Logic,Missing: Skip Logic,Missing: Skip Logic,Missing: Skip Logic,Missing: Skip Logic,,Missing: Skip Logic,Missing: Skip Logic,Missing: Skip Logic,Missing: Skip Logic,Missing: Skip Logic,Missing Response,,No,No,No,No,Missing Response,Missing Response,No,No teleport detected,No,2.49033255993813,20.407370776036,2023,No,0.0,105234,d2bf72f2-7f89-4213-9aff-b37723e43d42
2321557501026,23215575,2321557501,232155750105,1,5,26,Yes,2023-05-28,Sunday,No,Incomplete,2023-05-28,Sunday,18,56,0,2023-05-28,Sunday,19,20,0,Yes,Seattle Downtown,King County,Seattle,,53033008200,Yes,Not RGC,King County,Seattle,,53033010302,7782.000614784,4.835511,24,1440,12.0887775,No,4.05,No,No,Work,Went to primary workplace,,Home,Went home,Home,,Transit,"Urban Rail (e.g., Link light rail, monorail, streetcar)",Missing Response,Missing Response,Missing Response,,Walked or jogged,Walked or jogged,1 traveler,1 traveler,No other people,Selected,Missing: Skip Logic,Missing: Skip Logic,Missing: Skip Logic,Missing: Skip Logic,Missing: Skip Logic,Missing: Skip Logic,Missing: Skip Logic,,Missing: Skip Logic,Missing: Skip Logic,Missing: Skip Logic,Missing: Skip Logic,Missing: Skip Logic,Missing Response,,No,No,No,No,Missing Response,Missing Response,No,No teleport detected,No,7.30878186968839,15.8944016541789,2023,No,0.0,105242,f824943b-49cd-439d-a5ce-84d848099870
2321367801003,23213678,2321367801,232136780102,1,1,3,Yes,2023-05-18,Thursday,Yes,Incomplete,2023-05-18,Thursday,18,36,0,2023-05-18,Thursday,18,40,0,Yes,Seattle First Hill/Capitol Hill,King County,Seattle,,53033007503,Yes,Seattle First Hill/Capitol Hill,King County,Seattle,,53033007503,137.999638656,0.085749,4,240,1.28624786247862,No,11.4833333333333,No,Yes,Meal,Went to restaurant to eat/get take-out,,Home,Went home,,,Walk,Walk (or jog/wheelchair),Missing Response,Missing Response,Missing Response,,Missing: Skip Logic,Missing: Skip Logic,1 traveler,1 traveler,Missing Response,Selected,Missing: Skip Logic,Missing: Skip Logic,Missing: Skip Logic,Missing: Skip Logic,Missing: Skip Logic,Missing: Skip Logic,Missing: Skip Logic,,Missing: Skip Logic,Missing: Skip Logic,Missing: Skip Logic,Missing: Skip Logic,Missing: Skip Logic,Missing Response,,No,No,No,No,Missing Response,Missing Response,No,No teleport detected,No,,,2023,Yes,0.0,105480,de1d6713-5014-49a6-8003-7f0bb1b33cdc
2321595201005,23215952,2321595201,232159520101,1,1,5,Yes,2023-05-23,Tuesday,No,Incomplete,2023-05-23,Tuesday,9,15,0,2023-05-23,Tuesday,9,24,0,Yes,Seattle First Hill/Capitol Hill,King County,Seattle,,53033008500,Yes,Seattle First Hill/Capitol Hill,King County,Seattle,,53033008500,379.000512,0.2355,9,540,1.57,No,2.81666666666667,No,No,Work-related,"Went to work-related place (e.g., meeting, second job, delivery)",,Social/Recreation,"Social event (e.g., visit friends, family, co-workers)",,,Walk,Walk (or jog/wheelchair),Missing Response,Missing Response,Missing Response,,Missing: Skip Logic,Missing: Skip Logic,1 traveler,1 traveler,Missing Response,Selected,Missing: Skip Logic,Missing: Skip Logic,Missing: Skip Logic,Missing: Skip Logic,Missing: Skip Logic,Missing: Skip Logic,Missing: Skip Logic,,Missing: Skip Logic,Missing: Skip Logic,Missing: Skip Logic,Missing: Skip Logic,Missing: Skip Logic,Missing Response,,No,No,No,No,Missing Response,Missing Response,No,No teleport detected,No,,,2023,No,0.0,105605,66202d3c-0624-46a8-b4b3-55f33e84db20
2321587202006,23215872,2321587202,232158720201,2,1,6,Yes,2023-05-28,Sunday,No,Incomplete,2023-05-28,Sunday,19,7,0,2023-05-28,Sunday,19,26,0,Yes,Seattle Downtown,King County,Seattle,,53033009100,Yes,Seattle Downtown,King County,Seattle,,53033008300,2416.000321152,1.501233,19,1140,4.74074576999109,No,2.46666666666667,No,Yes,Shopping,Went grocery shopping,,Home,Went home,,,Transit,Bus (public transit),Missing Response,Missing Response,Missing Response,,Walked or jogged,Walked or jogged,2 travelers,2 travelers,No other people,Selected,Selected,-995,-995,-995,-995,-995,-995,,Missing: Skip Logic,Missing: Skip Logic,Missing: Skip Logic,Missing: Skip Logic,-995,Missing Response,,No,No,No,No,Missing Response,Missing Response,No,No teleport detected,No,2.70676691729323,16.2394437200757,2023,No,0.0,105867,54fe5613-9dd0-4de1-a261-f6e3e3b74a11
2321595201001,23215952,2321595201,232159520101,1,1,1,Yes,2023-05-23,Tuesday,No,Incomplete,2023-05-23,Tuesday,5,41,0,2023-05-23,Tuesday,5,49,0,Yes,Seattle First Hill/Capitol Hill,King County,Seattle,,53033008500,Yes,Seattle First Hill/Capitol Hill,King County,Seattle,,53033008600,1160.000671104,0.720791,8,480,5.40594601486504,No,36.5833333333333,Yes,No,Work-related,"Went to work-related place (e.g., meeting, second job, delivery)",,Home,Went home,,,Walk,Walk (or jog/wheelchair),Missing Response,Missing Response,Missing Response,,Missing: Skip Logic,Missing: Skip Logic,1 traveler,1 traveler,Missing Response,Selected,Missing: Skip Logic,Missing: Skip Logic,Missing: Skip Logic,Missing: Skip Logic,Missing: Skip Logic,Missing: Skip Logic,Missing: Skip Logic,,Missing: Skip Logic,Missing: Skip Logic,Missing: Skip Logic,Missing: Skip Logic,Missing: Skip Logic,Missing Response,,No,No,No,No,Missing Response,Missing Response,No,No teleport detected,No,,,2023,No,0.0,105933,13b73d3c-f622-4d51-8941-65cbe9798260
2321595201004,23215952,2321595201,232159520101,1,1,4,Yes,2023-05-23,Tuesday,No,Incomplete,2023-05-23,Tuesday,7,24,0,2023-05-23,Tuesday,7,26,0,Yes,Seattle First Hill/Capitol Hill,King County,Seattle,,53033008500,Yes,Seattle First Hill/Capitol Hill,King County,Seattle,,53033008500,2839.000298112,1.764073,2,120,52.9227192271923,No,108.816666666667,No,No,Work,Went to primary workplace,,Work-related,"Went to work-related activity (e.g., meeting, delivery, worksite)",,,Walk,Walk (or jog/wheelchair),Missing Response,Missing Response,Missing Response,,Missing: Skip Logic,Missing: Skip Logic,1 traveler,1 traveler,Missing Response,Selected,Missing: Skip Logic,Missing: Skip Logic,Missing: Skip Logic,Missing: Skip Logic,Missing: Skip Logic,Missing: Skip Logic,Missing: Skip Logic,,Missing: Skip Logic,Missing: Skip Logic,Missing: Skip Logic,Missing: Skip Logic,Missing: Skip Logic,Missing Response,,No,No,No,No,Missing Response,Missing Response,No,No teleport detected,No,,,2023,No,0.0,105945,0e42a6a2-baa6-41d5-a737-883d65f821fe
2321595201006,23215952,2321595201,232159520101,1,1,6,Yes,2023-05-23,Tuesday,No,Incomplete,2023-05-23,Tuesday,9,26,0,2023-05-23,Tuesday,9,35,0,Yes,Seattle First Hill/Capitol Hill,King County,Seattle,,53033008500,Yes,Seattle First Hill/Capitol Hill,King County,Seattle,,53033008500,8316.999668736,5.167944,9,540,34.45296,No,120.85,No,No,Social/Recreation,"Attended social event (e.g., visit with friends, family, co-workers)",,Shopping,Grocery shopping,,,Walk,Walk (or jog/wheelchair),Missing Response,Missing Response,Missing Response,,Missing: Skip Logic,Missing: Skip Logic,1 traveler,1 traveler,Missing Response,Selected,Missing: Skip Logic,Missing: Skip Logic,Missing: Skip Logic,Missing: Skip Logic,Missing: Skip Logic,Missing: Skip Logic,Missing: Skip Logic,,Missing: Skip Logic,Missing: Skip Logic,Missing: Skip Logic,Missing: Skip Logic,Missing: Skip Logic,Missing Response,,No,No,No,No,Missing Response,Missing Response,No,No teleport detected,No,,,2023,No,0.0,105952,1b4e804d-040a-41bc-b86f-4694006b5f05
2321595201007,23215952,2321595201,232159520101,1,1,7,Yes,2023-05-23,Tuesday,No,Incomplete,2023-05-23,Tuesday,11,36,0,2023-05-23,Tuesday,12,5,0,Yes,Seattle First Hill/Capitol Hill,King County,Seattle,,53033008500,Yes,Seattle Downtown,King County,Seattle,,53033008102,608.99990976,0.378415,29,1740,0.782928126157328,No,12.2833333333333,No,No,Shopping,Went grocery shopping,,Meal,Went to restaurant to eat/get take-out,,,Walk,Walk (or jog/wheelchair),Missing Response,Missing Response,Missing Response,,Missing: Skip Logic,Missing: Skip Logic,1 traveler,1 traveler,Missing Response,Selected,Missing: Skip Logic,Missing: Skip Logic,Missing: Skip Logic,Missing: Skip Logic,Missing: Skip Logic,Missing: Skip Logic,Missing: Skip Logic,,Missing: Skip Logic,Missing: Skip Logic,Missing: Skip Logic,Missing: Skip Logic,Missing: Skip Logic,Missing Response,,No,No,No,No,Missing Response,Missing Response,No,No teleport detected,No,,,2023,No,0.0,105953,6c0ba6c8-3200-4684-8b4b-fd92fbbf8fdd
2321595201008,23215952,2321595201,232159520101,1,1,8,Yes,2023-05-23,Tuesday,No,Incomplete,2023-05-23,Tuesday,12,14,28,2023-05-23,Tuesday,12,18,0,Yes,Seattle Downtown,King County,Seattle,,53033008102,Yes,Seattle First Hill/Capitol Hill,King County,Seattle,,53033008500,797.000257152,0.495233,4,212,8.40974392066295,No,158.0,No,Yes,Meal,Went to restaurant to eat/get take-out,,Work-related,"Went to work-related activity (e.g., meeting, delivery, worksite)",,,Walk,Walk (or jog/wheelchair),Missing Response,Missing Response,Missing Response,,Missing: Skip Logic,Missing: Skip Logic,1 traveler,1 traveler,Missing Response,Selected,Missing: Skip Logic,Missing: Skip Logic,Missing: Skip Logic,Missing: Skip Logic,Missing: Skip Logic,Missing: Skip Logic,Missing: Skip Logic,,Missing: Skip Logic,Missing: Skip Logic,Missing: Skip Logic,Missing: Skip Logic,Missing: Skip Logic,Missing Response,,No,No,No,No,Missing Response,Missing Response,No,No teleport detected,No,,,2023,No,0.0,105954,f8c0b071-f285-4d90-8006-cd1b8699d455
2321595201014,23215952,2321595201,232159520104,1,4,14,Yes,2023-05-26,Friday,Yes,Incomplete,2023-05-26,Friday,23,43,7,2023-05-26,Friday,23,46,0,Yes,Seattle First Hill/Capitol Hill,King County,Seattle,,53033008600,Yes,Not RGC,King County,Seattle,,53033008700,592.000409088,0.367852,3,173,7.65481219436063,No,0.0,No,No,Home,Went home,,Shopping,Grocery shopping,,,Walk,Walk (or jog/wheelchair),Missing Response,Missing Response,Missing Response,,Missing: Skip Logic,Missing: Skip Logic,1 traveler,1 traveler,Missing Response,Selected,Missing: Skip Logic,Missing: Skip Logic,Missing: Skip Logic,Missing: Skip Logic,Missing: Skip Logic,Missing: Skip Logic,Missing: Skip Logic,,Missing: Skip Logic,Missing: Skip Logic,Missing: Skip Logic,Missing: Skip Logic,Missing: Skip Logic,Missing Response,,Yes,No,No,No,Missing Response,Missing Response,No,No teleport detected,No,,,2023,Yes,0.0,105960,ea53946a-7bb6-46ee-9569-f641d57fe728
2321595201015,23215952,2321595201,232159520104,1,4,15,Yes,2023-05-26,Friday,Yes,Incomplete,2023-05-26,Friday,23,46,0,2023-05-26,Friday,23,53,0,Yes,Not RGC,King County,Seattle,,53033008700,Yes,Seattle First Hill/Capitol Hill,King County,Seattle,,53033008600,600.000458112,0.372823,7,420,3.19564397510843,No,875.2,No,Yes,Shopping,Went grocery shopping,,Home,Went home,,,Walk,Walk (or jog/wheelchair),Missing Response,Missing Response,Missing Response,,Missing: Skip Logic,Missing: Skip Logic,1 traveler,1 traveler,Missing Response,Selected,Missing: Skip Logic,Missing: Skip Logic,Missing: Skip Logic,Missing: Skip Logic,Missing: Skip Logic,Missing: Skip Logic,Missing: Skip Logic,,Missing: Skip Logic,Missing: Skip Logic,Missing: Skip Logic,Missing: Skip Logic,Missing: Skip Logic,Missing Response,,Yes,No,No,No,Missing Response,Missing Response,No,No teleport detected,No,,,2023,Yes,0.0,105961,f2198d96-480d-4846-9018-df2e0f5e1664
2321595201018,23215952,2321595201,232159520105,1,5,18,Yes,2023-05-27,Saturday,Yes,Incomplete,2023-05-27,Saturday,20,35,0,2023-05-27,Saturday,21,4,0,Yes,Seattle First Hill/Capitol Hill,King County,Seattle,,53033009100,Yes,Seattle First Hill/Capitol Hill,King County,Seattle,,53033007501,3559.999284864,2.212081,29,1740,4.57672246670515,No,2.9,No,No,Shopping,"Went to other shopping (e.g., mall, pet store)",,Shopping,"Other shopping (e.g., mall, pet store)",,,Transit,Bus (public transit),Missing Response,Missing Response,Missing Response,,Walked or jogged,Missing: Skip Logic,1 traveler,1 traveler,No other people,Selected,-995,-995,-995,-995,-995,-995,-995,,Missing: Skip Logic,Missing: Skip Logic,Missing: Skip Logic,Missing: Skip Logic,-995,Missing Response,,No,No,No,No,Missing Response,Missing Response,No,No teleport detected,No,,,2023,Yes,0.0,105964,6bdee30e-4de8-4067-bb0b-3da434ea4e61
2321595201019,23215952,2321595201,232159520105,1,5,19,Yes,2023-05-27,Saturday,Yes,Incomplete,2023-05-27,Saturday,23,49,0,2023-05-27,Saturday,23,53,0,Yes,Seattle First Hill/Capitol Hill,King County,Seattle,,53033007403,Yes,Seattle First Hill/Capitol Hill,King County,Seattle,,53033007406,191.999567232,0.119303,4,240,1.78956289562896,No,259.983333333333,No,Yes,Shopping,"Went to other shopping (e.g., mall, pet store)",,Social/Recreation,"Social event (e.g., visit friends, family, co-workers)",,,Walk,Walk (or jog/wheelchair),Missing Response,Missing Response,Missing Response,,Missing: Skip Logic,Missing: Skip Logic,1 traveler,1 traveler,Missing Response,Selected,Missing: Skip Logic,Missing: Skip Logic,Missing: Skip Logic,Missing: Skip Logic,Missing: Skip Logic,Missing: Skip Logic,Missing: Skip Logic,,Missing: Skip Logic,Missing: Skip Logic,Missing: Skip Logic,Missing: Skip Logic,Missing: Skip Logic,Missing Response,,No,No,No,No,Missing Response,Missing Response,No,Teleport detected,No,,,2023,Yes,0.0,105965,2f7c6e1c-3846-4ea9-9fdf-243b932f53fa
2321595201020,23215952,2321595201,232159520106,1,6,20,Yes,2023-05-28,Sunday,No,Incomplete,2023-05-28,Sunday,4,13,0,2023-05-28,Sunday,4,31,0,Yes,Seattle First Hill/Capitol Hill,King County,Seattle,,53033007405,Yes,Seattle First Hill/Capitol Hill,King County,Seattle,,53033008500,1293.999480576,0.804054,18,1080,2.68018,No,2.3,Yes,No,Social/Recreation,"Attended social event (e.g., visit with friends, family, co-workers)",,Escort,Pick someone up,,,Walk,Walk (or jog/wheelchair),Missing Response,Missing Response,Missing Response,,Missing: Skip Logic,Missing: Skip Logic,1 traveler,1 traveler,Missing Response,Selected,Missing: Skip Logic,Missing: Skip Logic,Missing: Skip Logic,Missing: Skip Logic,Missing: Skip Logic,Missing: Skip Logic,Missing: Skip Logic,,Missing: Skip Logic,Missing: Skip Logic,Missing: Skip Logic,Missing: Skip Logic,Missing: Skip Logic,Missing Response,,No,No,No,No,Missing Response,Missing Response,No,No teleport detected,No,,,2023,No,0.0,105966,156fa112-dd22-465f-bf9d-c6cfb2d000eb
2321595201021,23215952,2321595201,232159520106,1,6,21,Yes,2023-05-28,Sunday,No,Incomplete,2023-05-28,Sunday,4,34,0,2023-05-28,Sunday,4,41,0,Yes,Seattle First Hill/Capitol Hill,King County,Seattle,,53033008500,Yes,Seattle First Hill/Capitol Hill,King County,Seattle,,53033008600,487.000369152,0.302608,7,420,2.59379767884388,No,1086.48333333333,No,No,Escort,Pick someone up,,Home,Went home,,,Walk,Walk (or jog/wheelchair),Missing Response,Missing Response,Missing Response,,Missing: Skip Logic,Missing: Skip Logic,1 traveler,1 traveler,Missing Response,Selected,Missing: Skip Logic,Missing: Skip Logic,Missing: Skip Logic,Missing: Skip Logic,Missing: Skip Logic,Missing: Skip Logic,Missing: Skip Logic,,Missing: Skip Logic,Missing: Skip Logic,Missing: Skip Logic,Missing: Skip Logic,Missing: Skip Logic,Missing Response,,No,No,No,No,Missing Response,Missing Response,No,No teleport detected,No,,,2023,No,0.0,105967,5f749968-7603-4af1-b555-e39d20d24cde
2321595201024,23215952,2321595201,232159520106,1,6,24,Yes,2023-05-28,Sunday,No,Incomplete,2023-05-28,Sunday,23,19,0,2023-05-28,Sunday,23,21,0,Yes,Seattle First Hill/Capitol Hill,King County,Seattle,,53033008600,Yes,Seattle First Hill/Capitol Hill,King County,Seattle,,53033008600,242.000275968,0.150372,2,120,4.51120511205112,No,80.45,No,Yes,Home,Went home,,Meal,Went to restaurant to eat/get take-out,,,Walk,Walk (or jog/wheelchair),Missing Response,Missing Response,Missing Response,,Missing: Skip Logic,Missing: Skip Logic,1 traveler,1 traveler,Missing Response,Selected,Missing: Skip Logic,Missing: Skip Logic,Missing: Skip Logic,Missing: Skip Logic,Missing: Skip Logic,Missing: Skip Logic,Missing: Skip Logic,,Missing: Skip Logic,Missing: Skip Logic,Missing: Skip Logic,Missing: Skip Logic,Missing: Skip Logic,Missing Response,,No,No,No,No,Missing Response,Missing Response,No,No teleport detected,No,,,2023,No,0.0,105970,ad587bf8-543a-47b5-a7c7-e2cfa6f23f4f
2321595201025,23215952,2321595201,232159520106,1,6,25,Yes,2023-05-28,Sunday,No,Incomplete,2023-05-29,Monday,0,41,0,2023-05-29,Monday,0,48,0,Yes,Seattle First Hill/Capitol Hill,King County,Seattle,,53033008600,Yes,Seattle First Hill/Capitol Hill,King County,Seattle,,53033008500,546.99993216,0.33989,7,420,2.91335950491146,No,1.83333333333333,Yes,No,Meal,Went to restaurant to eat/get take-out,,Personal Business/Errand/Appointment,"Medical appointment (e.g., doctor, dentist)",,,Walk,Walk (or jog/wheelchair),Missing Response,Missing Response,Missing Response,,Missing: Skip Logic,Missing: Skip Logic,1 traveler,1 traveler,Missing Response,Selected,Missing: Skip Logic,Missing: Skip Logic,Missing: Skip Logic,Missing: Skip Logic,Missing: Skip Logic,Missing: Skip Logic,Missing: Skip Logic,,Missing: Skip Logic,Missing: Skip Logic,Missing: Skip Logic,Missing: Skip Logic,Missing: Skip Logic,Missing Response,,No,No,No,No,Missing Response,Missing Response,No,No teleport detected,No,,,2023,No,0.0,105971,9717d44a-0e88-482c-97d7-fe55dfb89462
2321595201027,23215952,2321595201,232159520106,1,6,27,Yes,2023-05-28,Sunday,No,Incomplete,2023-05-29,Monday,1,21,0,2023-05-29,Monday,1,28,0,Yes,Seattle First Hill/Capitol Hill,King County,Seattle,,53033007405,Yes,Seattle First Hill/Capitol Hill,King County,Seattle,,53033007406,409.999696128,0.254762,7,420,2.18368676392436,No,1141.51666666667,No,No,Social/Recreation,"Attended social event (e.g., visit with friends, family, co-workers)",,Social/Recreation,"Social event (e.g., visit friends, family, co-workers)",,,Walk,Walk (or jog/wheelchair),Missing Response,Missing Response,Missing Response,,Missing: Skip Logic,Missing: Skip Logic,1 traveler,1 traveler,Missing Response,Selected,Missing: Skip Logic,Missing: Skip Logic,Missing: Skip Logic,Missing: Skip Logic,Missing: Skip Logic,Missing: Skip Logic,Missing: Skip Logic,,Missing: Skip Logic,Missing: Skip Logic,Missing: Skip Logic,Missing: Skip Logic,Missing: Skip Logic,Missing Response,,No,No,No,No,Missing Response,Missing Response,No,No teleport detected,No,,,2023,No,0.0,105973,332abf02-8699-4f8a-bacc-e75fe6cda10a
2321595201028,23215952,2321595201,232159520107,1,7,28,Yes,2023-05-29,Monday,Yes,Incomplete,2023-05-29,Monday,20,30,0,2023-05-29,Monday,20,41,0,Yes,Seattle First Hill/Capitol Hill,King County,Seattle,,53033007406,Yes,Seattle First Hill/Capitol Hill,King County,Seattle,,53033008401,673.000301952,0.418183,11,660,2.28100232909514,No,84.4166666666667,No,No,Social/Recreation,"Attended social event (e.g., visit with friends, family, co-workers)",,Social/Recreation,"Recreational event (e.g., movies, sporting event)",,,Walk,Walk (or jog/wheelchair),Missing Response,Missing Response,Missing Response,,Missing: Skip Logic,Missing: Skip Logic,1 traveler,1 traveler,Missing Response,Selected,Missing: Skip Logic,Missing: Skip Logic,Missing: Skip Logic,Missing: Skip Logic,Missing: Skip Logic,Missing: Skip Logic,Missing: Skip Logic,,Missing: Skip Logic,Missing: Skip Logic,Missing: Skip Logic,Missing: Skip Logic,Missing: Skip Logic,Missing Response,,No,No,No,No,Missing Response,Missing Response,No,No teleport detected,No,,,2023,Yes,0.0,105974,d650f131-3590-4c46-a2b9-bd2bcd693ba3
2321595201029,23215952,2321595201,232159520107,1,7,29,Yes,2023-05-29,Monday,Yes,Incomplete,2023-05-29,Monday,22,5,0,2023-05-29,Monday,22,8,0,Yes,Seattle First Hill/Capitol Hill,King County,Seattle,,53033008401,Yes,Seattle First Hill/Capitol Hill,King County,Seattle,,53033008600,1427.000496768,0.886697,3,180,17.73394,No,291.766666666667,No,Yes,Social/Recreation,"Attended recreational event (e.g., movies, sporting event)",,Home,Went home,,,Transit,Bus (public transit),Missing Response,Missing Response,Missing Response,,Missing: Skip Logic,Missing: Skip Logic,1 traveler,1 traveler,Missing Response,Selected,Missing: Skip Logic,Missing: Skip Logic,Missing: Skip Logic,Missing: Skip Logic,Missing: Skip Logic,Missing: Skip Logic,Missing: Skip Logic,,Missing: Skip Logic,Missing: Skip Logic,Missing: Skip Logic,Missing: Skip Logic,Missing: Skip Logic,Missing Response,,No,No,No,No,Missing Response,Missing Response,No,No teleport detected,No,,,2023,Yes,0.0,105975,736be9a2-6cbc-4f58-9e3c-629ef27f3eee
2322074501053,23220745,2322074501,232207450105,1,5,53,Yes,2023-05-18,Thursday,No,Incomplete,2023-05-18,Thursday,10,31,0,2023-05-18,Thursday,10,35,0,Yes,Seattle Downtown,King County,Seattle,,53033008200,Yes,Seattle Downtown,King County,Seattle,,53033008200,325.999986048,0.202567,4,240,3.03853538535385,No,1.0,No,No,Personal Business/Errand/Appointment,"Went to medical appointment (e.g., doctor, dentist)",,Personal Business/Errand/Appointment,"Medical appointment (e.g., doctor, dentist)",,,Walk,Walk (or jog/wheelchair),Missing Response,Missing Response,Missing Response,,Missing: Skip Logic,Missing: Skip Logic,1 traveler,1 traveler,Missing Response,Selected,Not Selected,Missing: Skip Logic,Missing: Skip Logic,Missing: Skip Logic,Missing: Skip Logic,Missing: Skip Logic,Missing: Skip Logic,,Missing: Skip Logic,Missing: Skip Logic,Missing: Skip Logic,Missing: Skip Logic,Missing: Skip Logic,Missing Response,,No,No,No,No,Yes,Missing Response,No,No teleport detected,No,,,2023,No,0.0,106131,84009b17-b9bd-4383-a996-ad6240874b6b
2322074501005,23220745,2322074501,232207450101,1,1,5,Yes,2023-05-14,Sunday,No,Incomplete,2023-05-14,Sunday,15,43,0,2023-05-14,Sunday,15,55,0,Yes,Seattle Downtown,King County,Seattle,,53033008102,Yes,Seattle Downtown,King County,Seattle,,53033009200,476.999905536,0.296394,12,720,1.48197,No,7.63333333333333,No,No,Social/Recreation,"Went to exercise (e.g., gym, walk, jog, bike ride)",,Social/Recreation,"Recreational event (e.g., movies, sporting event)",,,Walk,Walk (or jog/wheelchair),Missing Response,Missing Response,Missing Response,,Missing: Skip Logic,Missing: Skip Logic,1 traveler,1 traveler,Missing Response,Selected,Not Selected,Missing: Skip Logic,Missing: Skip Logic,Missing: Skip Logic,Missing: Skip Logic,Missing: Skip Logic,Missing: Skip Logic,,Missing: Skip Logic,Missing: Skip Logic,Missing: Skip Logic,Missing: Skip Logic,Missing: Skip Logic,Missing Response,,No,No,No,No,Yes,Yes,No,No teleport detected,No,,,2023,No,0.0,106133,ac4a9a20-494b-4059-97d1-613977b480d6
2322074501056,23220745,2322074501,232207450105,1,5,56,Yes,2023-05-18,Thursday,No,Incomplete,2023-05-18,Thursday,10,41,0,2023-05-18,Thursday,10,44,0,Yes,Seattle Downtown,King County,Seattle,,53033008102,Yes,Seattle Downtown,King County,Seattle,,53033008102,218.99953152,0.13608,3,180,2.7216,No,4.3,No,No,Personal Business/Errand/Appointment,"Conducted personal business (e.g., bank, post office)",,Work-related,"Went to work-related activity (e.g., meeting, delivery, worksite)",,,Walk,Walk (or jog/wheelchair),Missing Response,Missing Response,Missing Response,,Missing: Skip Logic,Missing: Skip Logic,1 traveler,1 traveler,Missing Response,Selected,Not Selected,Missing: Skip Logic,Missing: Skip Logic,Missing: Skip Logic,Missing: Skip Logic,Missing: Skip Logic,Missing: Skip Logic,,Missing: Skip Logic,Missing: Skip Logic,Missing: Skip Logic,Missing: Skip Logic,Missing: Skip Logic,Missing Response,,No,No,No,No,Yes,Missing Response,No,No teleport detected,No,,,2023,No,0.0,106154,82eab11b-614f-48bc-bdb4-1a9d2dabdfaf
2322074501011,23220745,2322074501,232207450101,1,1,11,Yes,2023-05-14,Sunday,No,Incomplete,2023-05-15,Monday,1,41,23,2023-05-15,Monday,1,43,36,Yes,Seattle Downtown,King County,Seattle,,53033008200,Yes,Seattle Downtown,King County,Seattle,,53033008102,360.99999936,0.224315,2,133,6.07175725422261,No,762.833333333333,Yes,No,Work-related,"Went to work-related place (e.g., meeting, second job, delivery)",,Home,Went home,,,Walk,Walk (or jog/wheelchair),Missing Response,Missing Response,Missing Response,,Missing: Skip Logic,Missing: Skip Logic,1 traveler,1 traveler,Missing Response,Selected,Not Selected,Missing: Skip Logic,Missing: Skip Logic,Missing: Skip Logic,Missing: Skip Logic,Missing: Skip Logic,Missing: Skip Logic,,Missing: Skip Logic,Missing: Skip Logic,Missing: Skip Logic,Missing: Skip Logic,Missing: Skip Logic,Missing Response,,No,No,No,No,Yes,Missing Response,No,No teleport detected,No,,,2023,No,0.0,106160,5e00575a-b90c-4af8-a4de-15ae4439a448
2322074501012,23220745,2322074501,232207450102,1,2,12,Yes,2023-05-15,Monday,No,Incomplete,2023-05-15,Monday,8,4,0,2023-05-15,Monday,8,13,0,Yes,Seattle Downtown,King County,Seattle,,53033008102,Yes,Seattle Downtown,King County,Seattle,,53033008002,551.000761344,0.342376,9,540,2.28250666666667,No,22.5166666666667,No,No,Home,Went home,,Other,Other reason,,,Walk,Walk (or jog/wheelchair),Missing Response,Missing Response,Missing Response,,Missing: Skip Logic,Missing: Skip Logic,1 traveler,1 traveler,Missing Response,Selected,Not Selected,Missing: Skip Logic,Missing: Skip Logic,Missing: Skip Logic,Missing: Skip Logic,Missing: Skip Logic,Missing: Skip Logic,,Missing: Skip Logic,Missing: Skip Logic,Missing: Skip Logic,Missing: Skip Logic,Missing: Skip Logic,Missing Response,,No,No,No,No,Missing Response,Missing Response,No,No teleport detected,No,,,2023,No,0.0,106164,b0d3212d-d469-4291-a5a6-c77f493951e9
2322074501013,23220745,2322074501,232207450102,1,2,13,Yes,2023-05-15,Monday,No,Incomplete,2023-05-15,Monday,8,36,0,2023-05-15,Monday,8,43,0,Yes,Seattle Downtown,King County,Seattle,,53033008002,Yes,Seattle Downtown,King County,Seattle,,53033008102,536.999468544,0.333676,7,420,2.86009634340768,No,21.3666666666667,No,No,Other,Other reason,,Home,Went home,,,Walk,Walk (or jog/wheelchair),Missing Response,Missing Response,Missing Response,,Missing: Skip Logic,Missing: Skip Logic,1 traveler,1 traveler,Missing Response,Selected,Not Selected,Missing: Skip Logic,Missing: Skip Logic,Missing: Skip Logic,Missing: Skip Logic,Missing: Skip Logic,Missing: Skip Logic,,Missing: Skip Logic,Missing: Skip Logic,Missing: Skip Logic,Missing: Skip Logic,Missing: Skip Logic,Missing Response,,No,Yes,No,No,Yes,Missing Response,No,No teleport detected,No,,,2023,No,0.0,106171,215067df-9ccc-471c-825c-8ad90d77eac8
2322074501014,23220745,2322074501,232207450102,1,2,14,Yes,2023-05-15,Monday,No,Incomplete,2023-05-15,Monday,9,5,0,2023-05-15,Monday,9,12,0,Yes,Seattle Downtown,King County,Seattle,,53033008102,Yes,Seattle Downtown,King County,Seattle,,53033008002,544.000114944,0.338026,7,420,2.89738227075583,No,50.5833333333333,No,No,Home,Went home,,Personal Business/Errand/Appointment,"Personal business (e.g., bank, post office)",,,Walk,Walk (or jog/wheelchair),Missing Response,Missing Response,Missing Response,,Missing: Skip Logic,Missing: Skip Logic,1 traveler,1 traveler,Missing Response,Selected,Not Selected,Missing: Skip Logic,Missing: Skip Logic,Missing: Skip Logic,Missing: Skip Logic,Missing: Skip Logic,Missing: Skip Logic,,Missing: Skip Logic,Missing: Skip Logic,Missing: Skip Logic,Missing: Skip Logic,Missing: Skip Logic,Missing Response,,No,No,No,No,Missing Response,Missing Response,No,No teleport detected,No,,,2023,No,0.0,106174,8369deac-d433-4429-ad72-f2d2ab1bc333
2322074501015,23220745,2322074501,232207450102,1,2,15,Yes,2023-05-15,Monday,No,Incomplete,2023-05-15,Monday,10,3,0,2023-05-15,Monday,10,8,0,Yes,Seattle Downtown,King County,Seattle,,53033008002,Yes,Seattle Downtown,King County,Seattle,,53033008102,485.999357184,0.301986,5,300,3.62384649538598,No,73.0833333333333,No,No,Personal Business/Errand/Appointment,"Conducted personal business (e.g., bank, post office)",,Home,Went home,,,Walk,Walk (or jog/wheelchair),Missing Response,Missing Response,Missing Response,,Missing: Skip Logic,Missing: Skip Logic,1 traveler,1 traveler,Missing Response,Selected,Not Selected,Missing: Skip Logic,Missing: Skip Logic,Missing: Skip Logic,Missing: Skip Logic,Missing: Skip Logic,Missing: Skip Logic,,Missing: Skip Logic,Missing: Skip Logic,Missing: Skip Logic,Missing: Skip Logic,Missing: Skip Logic,Missing Response,,No,No,No,No,Yes,Missing Response,No,No teleport detected,No,,,2023,No,0.0,106178,377810d5-2614-49d5-9279-3b79dd24ada0
2322074501059,23220745,2322074501,232207450105,1,5,59,Yes,2023-05-18,Thursday,No,Incomplete,2023-05-18,Thursday,11,3,0,2023-05-18,Thursday,11,26,0,Yes,Seattle Downtown,King County,Seattle,,53033008500,Yes,Seattle Downtown,King County,Seattle,,53033008102,1454.000461056,0.903474,23,1380,2.35689074512239,No,0.0,No,No,Social/Recreation,"Attended recreational event (e.g., movies, sporting event)",,Social/Recreation,"Recreational event (e.g., movies, sporting event)",,,Walk,Walk (or jog/wheelchair),Missing Response,Missing Response,Missing Response,,Missing: Skip Logic,Missing: Skip Logic,1 traveler,1 traveler,Missing Response,Selected,Not Selected,-995,-995,-995,-995,-995,-995,,Missing: Skip Logic,Missing: Skip Logic,Missing: Skip Logic,Missing: Skip Logic,-995,Missing Response,,No,No,No,No,Yes,Missing Response,No,No teleport detected,No,,,2023,No,0.0,106181,7a63fac1-075d-4d68-b262-7a40807af633
2322074501016,23220745,2322074501,232207450102,1,2,16,Yes,2023-05-15,Monday,No,Incomplete,2023-05-15,Monday,11,21,0,2023-05-15,Monday,11,52,0,Yes,Seattle Downtown,King County,Seattle,,53033008102,Yes,Seattle First Hill/Capitol Hill,King County,Seattle,,53033008401,1766.000763648,1.097342,31,1860,2.12389048243933,No,2.71666666666667,No,No,Home,Went home,,Personal Business/Errand/Appointment,"Medical appointment (e.g., doctor, dentist)",,,Walk,Walk (or jog/wheelchair),Missing Response,Missing Response,Missing Response,,Missing: Skip Logic,Missing: Skip Logic,1 traveler,1 traveler,Missing Response,Selected,Not Selected,Missing: Skip Logic,Missing: Skip Logic,Missing: Skip Logic,Missing: Skip Logic,Missing: Skip Logic,Missing: Skip Logic,,Missing: Skip Logic,Missing: Skip Logic,Missing: Skip Logic,Missing: Skip Logic,Missing: Skip Logic,Missing Response,,No,No,No,No,Missing Response,Missing Response,No,No teleport detected,No,,,2023,No,0.0,106186,c681c714-ac9c-48bf-a5a5-67f161d158c2
2322074501061,23220745,2322074501,232207450105,1,5,61,Yes,2023-05-18,Thursday,No,Incomplete,2023-05-18,Thursday,11,33,0,2023-05-18,Thursday,11,40,0,Yes,Seattle Downtown,King County,Seattle,,53033008102,Yes,Seattle Downtown,King County,Seattle,,53033008102,595.999628928,0.370337,7,420,3.1743352819159,No,1.71666666666667,No,No,Social/Recreation,"Attended recreational event (e.g., movies, sporting event)",,Social/Recreation,"Recreational event (e.g., movies, sporting event)",,,Walk,Walk (or jog/wheelchair),Missing Response,Missing Response,Missing Response,,Missing: Skip Logic,Missing: Skip Logic,1 traveler,1 traveler,Missing Response,Selected,Not Selected,Missing: Skip Logic,Missing: Skip Logic,Missing: Skip Logic,Missing: Skip Logic,Missing: Skip Logic,Missing: Skip Logic,,Missing: Skip Logic,Missing: Skip Logic,Missing: Skip Logic,Missing: Skip Logic,Missing: Skip Logic,Missing Response,,No,No,No,No,Yes,Missing Response,No,No teleport detected,No,,,2023,No,0.0,106191,29ea7a0d-e19b-43f2-9ccc-c94d73f737bf
2322074501018,23220745,2322074501,232207450102,1,2,18,Yes,2023-05-15,Monday,No,Incomplete,2023-05-15,Monday,12,34,0,2023-05-15,Monday,13,10,0,Yes,Seattle Downtown,King County,Seattle,,53033008102,Yes,Not RGC,King County,Seattle,,53033010302,7513.999777152,4.668983,36,2160,7.78163833333333,No,8.3,No,No,Home,Went home,,Meal,Went to restaurant to eat/get take-out,,,Transit,Bus (public transit),Missing Response,Missing Response,Missing Response,,Missing: Skip Logic,Missing: Skip Logic,1 traveler,1 traveler,Missing Response,Selected,Not Selected,Missing: Skip Logic,Missing: Skip Logic,Missing: Skip Logic,Missing: Skip Logic,Missing: Skip Logic,Missing: Skip Logic,,Missing: Skip Logic,Missing: Skip Logic,Missing: Skip Logic,Missing: Skip Logic,Missing: Skip Logic,Missing Response,,No,No,No,No,Missing Response,Missing Response,No,No teleport detected,No,,,2023,No,0.0,106203,d5aaae71-5d74-46a6-bf74-1f7af1972430
2322074501063,23220745,2322074501,232207450105,1,5,63,Yes,2023-05-18,Thursday,No,Incomplete,2023-05-18,Thursday,11,49,0,2023-05-18,Thursday,11,54,0,Yes,Seattle Downtown,King County,Seattle,,53033008102,Yes,Seattle Downtown,King County,Seattle,,53033008102,186.999335424,0.116196,5,300,1.39435757743031,No,0.0,No,No,Social/Recreation,"Attended recreational event (e.g., movies, sporting event)",,Social/Recreation,"Recreational event (e.g., movies, sporting event)",,,Walk,Walk (or jog/wheelchair),Missing Response,Missing Response,Missing Response,,Missing: Skip Logic,Missing: Skip Logic,1 traveler,1 traveler,Missing Response,Selected,Not Selected,Missing: Skip Logic,Missing: Skip Logic,Missing: Skip Logic,Missing: Skip Logic,Missing: Skip Logic,Missing: Skip Logic,,Missing: Skip Logic,Missing: Skip Logic,Missing: Skip Logic,Missing: Skip Logic,Missing: Skip Logic,Missing Response,,No,No,No,No,Yes,Missing Response,No,No teleport detected,No,,,2023,No,0.0,106206,6c68a562-f0a8-4ec8-8826-274e8a126f24
2322074501019,23220745,2322074501,232207450102,1,2,19,Yes,2023-05-15,Monday,No,Incomplete,2023-05-15,Monday,13,18,0,2023-05-15,Monday,14,2,0,Yes,Not RGC,King County,Seattle,,53033010302,Yes,Seattle Downtown,King County,Seattle,,53033009300,7287.000196608,4.527932,44,2640,6.17445553384342,No,0.55,No,No,Meal,Went to restaurant to eat/get take-out,,Social/Recreation,"Exercise or recreation (e.g., gym, jog, bike, walk dog)",,,Transit,Bus (public transit),Missing Response,Missing Response,Missing Response,,Missing: Skip Logic,Missing: Skip Logic,1 traveler,1 traveler,Missing Response,Selected,Not Selected,-995,-995,-995,-995,-995,-995,,Missing: Skip Logic,Missing: Skip Logic,Missing: Skip Logic,Missing: Skip Logic,-995,Missing Response,,No,No,No,No,Missing Response,Missing Response,No,No teleport detected,No,,,2023,No,0.0,106209,36827581-0d18-4179-9c36-4c86d1895ff3
2322074501020,23220745,2322074501,232207450102,1,2,20,Yes,2023-05-15,Monday,No,Incomplete,2023-05-15,Monday,14,3,0,2023-05-15,Monday,14,8,0,Yes,Seattle Downtown,King County,Seattle,,53033009300,Yes,Not RGC,King County,Seattle,,53033009300,1117.000608768,0.694072,5,300,8.32889731558926,No,2.86666666666667,No,No,Social/Recreation,"Went to exercise (e.g., gym, walk, jog, bike ride)",,Meal,Went to restaurant to eat/get take-out,,,Transit,Bus (public transit),Missing Response,Missing Response,Missing Response,,Missing: Skip Logic,Missing: Skip Logic,1 traveler,1 traveler,Missing Response,Selected,Not Selected,Missing: Skip Logic,Missing: Skip Logic,Missing: Skip Logic,Missing: Skip Logic,Missing: Skip Logic,Missing: Skip Logic,,Missing: Skip Logic,Missing: Skip Logic,Missing: Skip Logic,Missing: Skip Logic,Missing: Skip Logic,Missing Response,,No,No,No,No,Yes,Missing Response,No,No teleport detected,No,,,2023,No,0.0,106216,6236d239-32da-4adc-b89e-66191de18eed
2322074501065,23220745,2322074501,232207450105,1,5,65,Yes,2023-05-18,Thursday,No,Incomplete,2023-05-18,Thursday,12,4,0,2023-05-18,Thursday,12,29,0,Yes,Seattle Downtown,King County,Seattle,,53033008102,Yes,Seattle Downtown,King County,Seattle,,53033008102,737.000694144,0.457951,25,1500,1.09908415853465,No,3.95,No,No,Social/Recreation,"Attended recreational event (e.g., movies, sporting event)",,Social/Recreation,"Recreational event (e.g., movies, sporting event)",,,Walk,Walk (or jog/wheelchair),Missing Response,Missing Response,Missing Response,,Missing: Skip Logic,Missing: Skip Logic,1 traveler,1 traveler,Missing Response,Selected,Not Selected,Missing: Skip Logic,Missing: Skip Logic,Missing: Skip Logic,Missing: Skip Logic,Missing: Skip Logic,Missing: Skip Logic,,Missing: Skip Logic,Missing: Skip Logic,Missing: Skip Logic,Missing: Skip Logic,Missing: Skip Logic,Missing Response,,No,No,No,No,Missing Response,Missing Response,No,No teleport detected,No,,,2023,No,0.0,106218,d7ed259d-5531-412f-b236-a843c4863b65
2322074501021,23220745,2322074501,232207450102,1,2,21,Yes,2023-05-15,Monday,No,Incomplete,2023-05-15,Monday,14,11,0,2023-05-15,Monday,14,16,0,Yes,Not RGC,King County,Seattle,,53033009300,Yes,Not RGC,King County,Seattle,,53033009300,277.00028928,0.17212,5,300,2.06544826179305,No,0.0,No,No,Meal,Went to restaurant to eat/get take-out,,Social/Recreation,"Social event (e.g., visit friends, family, co-workers)",,,Walk,Walk (or jog/wheelchair),Missing Response,Missing Response,Missing Response,,Missing: Skip Logic,Missing: Skip Logic,1 traveler,1 traveler,Missing Response,Selected,Not Selected,Missing: Skip Logic,Missing: Skip Logic,Missing: Skip Logic,Missing: Skip Logic,Missing: Skip Logic,Missing: Skip Logic,,Missing: Skip Logic,Missing: Skip Logic,Missing: Skip Logic,Missing: Skip Logic,Missing: Skip Logic,Missing Response,,No,No,No,No,Yes,Missing Response,No,No teleport detected,No,,,2023,No,0.0,106222,8cd89a60-4e40-4a31-83ff-44fcfd542243
2322074501067,23220745,2322074501,232207450105,1,5,67,Yes,2023-05-18,Thursday,No,Incomplete,2023-05-18,Thursday,12,45,0,2023-05-18,Thursday,12,51,0,Yes,Seattle Downtown,King County,Seattle,,53033008102,Yes,Seattle Downtown,King County,Seattle,,53033008102,651.000569472,0.404513,6,360,4.04513,No,196.316666666667,No,No,Social/Recreation,"Attended recreational event (e.g., movies, sporting event)",,Home,Went home,,,Walk,Walk (or jog/wheelchair),Missing Response,Missing Response,Missing Response,,Missing: Skip Logic,Missing: Skip Logic,1 traveler,1 traveler,Missing Response,Selected,Not Selected,Missing: Skip Logic,Missing: Skip Logic,Missing: Skip Logic,Missing: Skip Logic,Missing: Skip Logic,Missing: Skip Logic,,Missing: Skip Logic,Missing: Skip Logic,Missing: Skip Logic,Missing: Skip Logic,Missing: Skip Logic,Missing Response,,No,No,No,No,Missing Response,Missing Response,No,No teleport detected,No,,,2023,No,0.0,106228,0f5337a4-4060-4531-9b6b-98700865ea6b
2322074501022,23220745,2322074501,232207450102,1,2,22,Yes,2023-05-15,Monday,No,Incomplete,2023-05-15,Monday,14,16,0,2023-05-15,Monday,14,20,0,Yes,Not RGC,King County,Seattle,,53033009300,Yes,Not RGC,King County,Seattle,,53033009300,24.999549696,0.015534,4,240,0.233012330123301,No,12.1666666666667,No,No,Social/Recreation,"Attended social event (e.g., visit with friends, family, co-workers)",,Shopping,"Other shopping (e.g., mall, pet store)",,,Walk,Walk (or jog/wheelchair),Missing Response,Missing Response,Missing Response,,Missing: Skip Logic,Missing: Skip Logic,1 traveler,1 traveler,Missing Response,Selected,Not Selected,Missing: Skip Logic,Missing: Skip Logic,Missing: Skip Logic,Missing: Skip Logic,Missing: Skip Logic,Missing: Skip Logic,,Missing: Skip Logic,Missing: Skip Logic,Missing: Skip Logic,Missing: Skip Logic,Missing: Skip Logic,Missing Response,,No,No,No,No,Yes,Missing Response,No,No teleport detected,No,,,2023,No,0.0,106230,cbfc48f0-ca2d-4dc3-bd30-57a89b77c21f
2322074501023,23220745,2322074501,232207450102,1,2,23,Yes,2023-05-15,Monday,No,Incomplete,2023-05-15,Monday,14,41,0,2023-05-15,Monday,14,51,0,Yes,Seattle Downtown,King County,Seattle,,53033009300,Yes,Seattle Downtown,King County,Seattle,,53033008102,1532.000536704,0.951941,10,600,5.71166884667539,No,1.2,No,Yes,Shopping,"Went to other shopping (e.g., mall, pet store)",,Home,Went home,,,Transit,Bus (public transit),Missing Response,Missing Response,Missing Response,,Missing: Skip Logic,Missing: Skip Logic,1 traveler,1 traveler,Missing Response,Selected,Not Selected,-995,-995,-995,-995,-995,-995,,Missing: Skip Logic,Missing: Skip Logic,Missing: Skip Logic,Missing: Skip Logic,-995,Missing Response,,No,No,No,No,Yes,Missing Response,No,No teleport detected,No,,,2023,No,0.0,106234,e7b35fe1-b0ef-432c-8ea9-c945f1df58ed
2322074501040,23220745,2322074501,232207450104,1,4,40,Yes,2023-05-17,Wednesday,Yes,Incomplete,2023-05-17,Wednesday,12,3,0,2023-05-17,Wednesday,12,13,0,Yes,Seattle Uptown,King County,Seattle,,53033007101,Yes,Seattle Uptown,King County,Seattle,,53033007101,603.999677952,0.375308,10,600,2.25185700742803,No,4.55,No,No,Overnight,"Went to another residence (e.g., someone else's home, second home)",,Social/Recreation,"Recreational event (e.g., movies, sporting event)",,,Walk,Walk (or jog/wheelchair),Missing Response,Missing Response,Missing Response,,Missing: Skip Logic,Missing: Skip Logic,1 traveler,1 traveler,Missing Response,Selected,Not Selected,Missing: Skip Logic,Missing: Skip Logic,Missing: Skip Logic,Missing: Skip Logic,Missing: Skip Logic,Missing: Skip Logic,,Missing: Skip Logic,Missing: Skip Logic,Missing: Skip Logic,Missing: Skip Logic,Missing: Skip Logic,Missing Response,,No,No,No,No,Yes,Missing Response,No,No teleport detected,No,,,2023,No,0.0,106334,96d1ed70-c18c-4258-ad7e-9c3cef20e0dd
2322074501084,23220745,2322074501,232207450107,1,7,84,Yes,2023-05-20,Saturday,Yes,Incomplete,2023-05-20,Saturday,11,29,0,2023-05-20,Saturday,11,53,0,Yes,Seattle Downtown,King County,Seattle,,53033008101,Yes,Seattle First Hill/Capitol Hill,King County,Seattle,,53033009100,4064.000764032,2.525253,24,1440,6.3131325,No,4.48333333333333,No,No,Social/Recreation,"Attended recreational event (e.g., movies, sporting event)",,Shopping,"Other shopping (e.g., mall, pet store)",,,Walk,Walk (or jog/wheelchair),Missing Response,Missing Response,Missing Response,,Missing: Skip Logic,Missing: Skip Logic,1 traveler,1 traveler,Missing Response,Selected,Not Selected,Missing: Skip Logic,Missing: Skip Logic,Missing: Skip Logic,Missing: Skip Logic,Missing: Skip Logic,Missing: Skip Logic,,Missing: Skip Logic,Missing: Skip Logic,Missing: Skip Logic,Missing: Skip Logic,Missing: Skip Logic,Missing Response,,No,No,No,No,Missing Response,Missing Response,No,No teleport detected,No,,,2023,No,0.0,106346,de0ba6ce-19cd-4313-b762-4c4a724f5668
2322074501086,23220745,2322074501,232207450107,1,7,86,Yes,2023-05-20,Saturday,Yes,Incomplete,2023-05-20,Saturday,12,24,0,2023-05-20,Saturday,12,31,0,Yes,Seattle Downtown,King County,Seattle,,53033009200,Yes,Seattle Downtown,King County,Seattle,,53033008102,1007.999739648,0.626342,7,420,5.36867639243653,No,13.2666666666667,No,No,Social/Recreation,"Went to exercise (e.g., gym, walk, jog, bike ride)",,Social/Recreation,"Recreational event (e.g., movies, sporting event)",,,Transit,Bus (public transit),Missing Response,Missing Response,Missing Response,,Missing: Skip Logic,Missing: Skip Logic,1 traveler,1 traveler,Missing Response,Selected,Not Selected,Missing: Skip Logic,Missing: Skip Logic,Missing: Skip Logic,Missing: Skip Logic,Missing: Skip Logic,Missing: Skip Logic,,Missing: Skip Logic,Missing: Skip Logic,Missing: Skip Logic,Missing: Skip Logic,Missing: Skip Logic,Missing Response,,No,No,No,No,Missing Response,Missing Response,No,No teleport detected,No,,,2023,No,0.0,106362,46190efb-f4b8-4990-a0cc-e73bd019031e
2322074502009,23220745,2322074502,232207450204,2,4,9,No,2023-05-17,Wednesday,,,2023-05-17,Wednesday,10,11,0,2023-05-17,Wednesday,10,18,0,Yes,Seattle Downtown,King County,Seattle,,53033008002,Yes,Seattle Downtown,King County,Seattle,,53033008102,1260.999881856,0.783549,7,420,6.71617266384379,,,Yes,No,Home,Went home,,Home,Went home,,HOME,Drive HOV3+,Other vehicle in household,,,,,,,3 travelers,2 travelers,1 other person,,,,,,,,,,,,,,,,,,,,,,,,,,,,2023,,0.0,106399,b28b87e7-3f41-4911-86b1-43860793165a
2322304701007,23223047,2322304701,232230470104,1,4,7,Yes,2023-05-26,Friday,Yes,Incomplete,2023-05-26,Friday,20,18,0,2023-05-26,Friday,20,25,0,Yes,Seattle First Hill/Capitol Hill,King County,Seattle,,53033007501,Yes,Seattle First Hill/Capitol Hill,King County,Seattle,,53033007501,404.99946432,0.251655,7,420,2.15705518317248,No,903.966666666667,No,Yes,Social/Recreation,"Went to exercise (e.g., gym, walk, jog, bike ride)",,Home,Went home,,,Bike,Standard bicycle (my household's),Missing Response,Missing Response,Missing Response,,Missing: Skip Logic,Missing: Skip Logic,1 traveler,1 traveler,Missing Response,Selected,Missing: Skip Logic,Missing: Skip Logic,Missing: Skip Logic,Missing: Skip Logic,Missing: Skip Logic,Missing: Skip Logic,Missing: Skip Logic,,Missing: Skip Logic,Missing: Skip Logic,Missing: Skip Logic,Missing: Skip Logic,Missing: Skip Logic,Missing Response,,No,No,No,No,Missing Response,Missing Response,No,No teleport detected,No,,,2023,Yes,0.0,106725,2100d125-8604-4844-94c1-e40cf18c6d02
2322897801010,23228978,2322897801,232289780105,1,4,10,Yes,2023-05-30,Tuesday,Yes,Incomplete,2023-05-30,Tuesday,13,7,0,2023-05-30,Tuesday,13,8,0,Yes,Not RGC,King County,Seattle,,53033009300,Yes,Not RGC,King County,Seattle,,53033009300,474.999490944,0.295151,1,60,17.7097683907356,No,268.633333333333,No,No,Work-related,"Went to work-related place (e.g., meeting, second job, delivery)",,Work-related,"Went to work-related activity (e.g., meeting, delivery, worksite)",,,Drive SOV,Household vehicle 1,Missing Response,Missing Response,Missing Response,,Missing: Skip Logic,Missing: Skip Logic,1 traveler,1 traveler,Missing Response,Selected,Missing: Skip Logic,Missing: Skip Logic,Missing: Skip Logic,Missing: Skip Logic,Missing: Skip Logic,Missing: Skip Logic,Missing: Skip Logic,,Missing: Skip Logic,Missing: Skip Logic,Missing: Skip Logic,Missing: Skip Logic,Missing: Skip Logic,Missing Response,,No,No,No,No,Missing Response,Missing Response,No,No teleport detected,No,,,2023,Yes,0.0,107585,2cd84eec-9f87-490c-9ff0-1c1cf8d6ee52
2322897801016,23228978,2322897801,232289780106,1,5,16,Yes,2023-05-31,Wednesday,No,Incomplete,2023-05-31,Wednesday,9,21,6,2023-05-31,Wednesday,9,24,0,Yes,Not RGC,King County,Seattle,,53033009300,Yes,Not RGC,King County,Seattle,,53033009300,282.999923712,0.175848,3,174,3.63825957420396,No,2.31666666666667,No,No,Work-related,"Went to work-related place (e.g., meeting, second job, delivery)",,Work-related,"Went to work-related activity (e.g., meeting, delivery, worksite)",,,Walk,Walk (or jog/wheelchair),Missing Response,Missing Response,Missing Response,,Missing: Skip Logic,Missing: Skip Logic,1 traveler,1 traveler,Missing Response,Selected,Missing: Skip Logic,Missing: Skip Logic,Missing: Skip Logic,Missing: Skip Logic,Missing: Skip Logic,Missing: Skip Logic,Missing: Skip Logic,,Missing: Skip Logic,Missing: Skip Logic,Missing: Skip Logic,Missing: Skip Logic,Missing: Skip Logic,Missing Response,,No,No,No,No,Missing Response,Missing Response,No,No teleport detected,No,,,2023,No,0.0,107596,9fda13c4-3964-4299-b241-cf937828d3a7
2322897801017,23228978,2322897801,232289780106,1,5,17,Yes,2023-05-31,Wednesday,No,Incomplete,2023-05-31,Wednesday,9,26,0,2023-05-31,Wednesday,9,29,0,Yes,Not RGC,King County,Seattle,,53033009300,Yes,Not RGC,King County,Seattle,,53033009300,217.000726272,0.134838,3,180,2.69676,No,24.1833333333333,No,No,Work-related,"Went to work-related place (e.g., meeting, second job, delivery)",,Work-related,"Went to work-related activity (e.g., meeting, delivery, worksite)",,,Walk,Walk (or jog/wheelchair),Missing Response,Missing Response,Missing Response,,Missing: Skip Logic,Missing: Skip Logic,1 traveler,1 traveler,Missing Response,Selected,Missing: Skip Logic,Missing: Skip Logic,Missing: Skip Logic,Missing: Skip Logic,Missing: Skip Logic,Missing: Skip Logic,Missing: Skip Logic,,Missing: Skip Logic,Missing: Skip Logic,Missing: Skip Logic,Missing: Skip Logic,Missing: Skip Logic,Missing Response,,No,No,No,No,Missing Response,Missing Response,No,No teleport detected,No,,,2023,No,0.0,107597,6f0053bd-c3d2-4b34-9272-8140a26f7968
2322897801018,23228978,2322897801,232289780106,1,5,18,Yes,2023-05-31,Wednesday,No,Incomplete,2023-05-31,Wednesday,9,50,9,2023-05-31,Wednesday,9,53,0,Yes,Not RGC,King County,Seattle,,53033009300,Yes,Not RGC,King County,Seattle,,53033009300,283.999326336,0.176469,3,171,3.71513684210526,No,110.7,No,No,Work-related,"Went to work-related place (e.g., meeting, second job, delivery)",,Work-related,"Went to work-related activity (e.g., meeting, delivery, worksite)",,,Walk,Walk (or jog/wheelchair),Missing Response,Missing Response,Missing Response,,Missing: Skip Logic,Missing: Skip Logic,1 traveler,1 traveler,Missing Response,Selected,Missing: Skip Logic,Missing: Skip Logic,Missing: Skip Logic,Missing: Skip Logic,Missing: Skip Logic,Missing: Skip Logic,Missing: Skip Logic,,Missing: Skip Logic,Missing: Skip Logic,Missing: Skip Logic,Missing: Skip Logic,Missing: Skip Logic,Missing Response,,No,No,No,No,Missing Response,Missing Response,No,No teleport detected,No,,,2023,No,0.0,107599,b73ec688-9547-4e3e-93bf-800c28033381
2322897801019,23228978,2322897801,232289780106,1,5,19,Yes,2023-05-31,Wednesday,No,Incomplete,2023-05-31,Wednesday,11,44,0,2023-05-31,Wednesday,11,47,0,Yes,Not RGC,King County,Seattle,,53033009300,Yes,Not RGC,King County,Seattle,,53033009300,210.000079872,0.130488,3,180,2.60976,No,58.1833333333333,No,No,Work-related,"Went to work-related place (e.g., meeting, second job, delivery)",,Work-related,"Went to work-related activity (e.g., meeting, delivery, worksite)",,,Walk,Walk (or jog/wheelchair),Missing Response,Missing Response,Missing Response,,Missing: Skip Logic,Missing: Skip Logic,1 traveler,1 traveler,Missing Response,Selected,Missing: Skip Logic,Missing: Skip Logic,Missing: Skip Logic,Missing: Skip Logic,Missing: Skip Logic,Missing: Skip Logic,Missing: Skip Logic,,Missing: Skip Logic,Missing: Skip Logic,Missing: Skip Logic,Missing: Skip Logic,Missing: Skip Logic,Missing Response,,No,No,No,No,Missing Response,Missing Response,No,No teleport detected,No,,,2023,No,0.0,107600,7867988b-c180-4185-9bd1-b813e7d34eac
2323596901002,23235969,2323596901,232359690103,1,1,2,Yes,2023-05-28,Sunday,Yes,Incomplete,2023-05-28,Sunday,13,53,0,2023-05-28,Sunday,13,56,0,Yes,Seattle Uptown,King County,Seattle,,53033007101,Yes,Seattle Uptown,King County,Seattle,,53033007101,396.000012672,0.246063,3,180,4.92126,No,75.0833333333333,No,No,Social/Recreation,"Attended recreational event (e.g., movies, sporting event)",,Social/Recreation,"Recreational event (e.g., movies, sporting event)",,,Drive SOV,Household vehicle 1,Missing Response,Missing Response,Missing Response,,Missing: Skip Logic,Missing: Skip Logic,1 traveler,1 traveler,Missing Response,Selected,Not Selected,Not Selected,Not Selected,Missing: Skip Logic,Missing: Skip Logic,Missing: Skip Logic,Missing: Skip Logic,,Missing: Skip Logic,Missing: Skip Logic,Missing: Skip Logic,Driver,Missing: Skip Logic,Missing Response,,No,No,No,No,Missing Response,Missing Response,No,No teleport detected,No,,,2023,No,0.0,108538,670c7309-0100-4e17-9014-a000d838e6a5
2323596902021,23235969,2323596902,232359690205,2,5,21,Yes,2023-05-30,Tuesday,Yes,Incomplete,2023-05-30,Tuesday,5,49,0,2023-05-30,Tuesday,5,52,0,Yes,Not RGC,King County,Seattle,,53033009300,Yes,Not RGC,King County,Seattle,,53033009300,97.999393536,0.060894,3,180,1.21788,No,483.5,No,No,Work-related,"Went to work-related place (e.g., meeting, second job, delivery)",,Work,Went to primary workplace,,,Drive SOV,Household vehicle 2,Missing Response,Missing Response,Missing Response,,Missing: Skip Logic,Missing: Skip Logic,1 traveler,1 traveler,Missing Response,Not Selected,Selected,Not Selected,Not Selected,Missing: Skip Logic,Missing: Skip Logic,Missing: Skip Logic,Missing: Skip Logic,,Missing: Skip Logic,Missing: Skip Logic,Missing: Skip Logic,Missing: Skip Logic,Missing: Skip Logic,Missing Response,,No,No,No,No,Missing Response,Missing Response,No,No teleport detected,No,,,2023,No,0.0,108716,707bc5af-da70-401d-9c02-45f6d9035154
2337651101004,23376511,2337651101,233765110101,1,1,4,Yes,2023-05-31,Wednesday,Yes,Incomplete,2023-05-31,Wednesday,15,10,0,2023-05-31,Wednesday,15,19,0,Yes,Seattle University Community,King County,Seattle,,53033005305,Yes,Seattle University Community,King County,Seattle,,53033005305,323.999571456,0.201324,9,540,1.34216,No,36.0166666666667,No,No,Meal,Went to restaurant to eat/get take-out,,Home,Went home,,,Walk,Walk (or jog/wheelchair),Missing Response,Missing Response,Missing Response,,Missing: Skip Logic,Missing: Skip Logic,1 traveler,1 traveler,Missing Response,Selected,Missing: Skip Logic,Missing: Skip Logic,Missing: Skip Logic,Missing: Skip Logic,Missing: Skip Logic,Missing: Skip Logic,Missing: Skip Logic,,Missing: Skip Logic,Missing: Skip Logic,Missing: Skip Logic,Missing: Skip Logic,Missing: Skip Logic,Missing Response,,No,No,No,No,Missing Response,Missing Response,No,No teleport detected,No,,,2023,Yes,0.0,116565,941c5bf7-9075-477a-bb36-649010b046a3
2339200201001,23392002,2339200201,233920020101,1,1,1,Yes,2023-05-31,Wednesday,No,Incomplete,2023-05-31,Wednesday,22,58,0,2023-05-31,Wednesday,23,0,0,Yes,Seattle First Hill/Capitol Hill,King County,Seattle,,53033008600,Yes,Seattle First Hill/Capitol Hill,King County,Seattle,,53033008600,0.0,0.0,2,120,0.0,No,13.0166666666667,Yes,Yes,Home,Went home,HOME,Home,Went home,,"2209 1st Ave, Seattle, WA 98121",Walk,Walk (or jog/wheelchair),Missing Response,Missing Response,Missing Response,,Missing: Skip Logic,Missing: Skip Logic,1 traveler,1 traveler,Missing Response,Selected,Missing: Skip Logic,Missing: Skip Logic,Missing: Skip Logic,Missing: Skip Logic,Missing: Skip Logic,Missing: Skip Logic,Missing: Skip Logic,,Missing: Skip Logic,Missing: Skip Logic,Missing: Skip Logic,Missing: Skip Logic,Missing: Skip Logic,Missing Response,,No,No,No,No,Missing Response,Missing Response,Yes,No teleport detected,No,,,2023,No,0.0,117198,5b35af1f-e583-4aa9-9adf-639489cf239e
